research_id,provenance,source_path,historical_status,V4_status,reason,future_action,created_at_utc
HIST_B1_long_frequency,B-v1 recovered exact bytes,research/1245_final_pipeline_v3/recovered_original_assets/outputs/b_model_classification.csv,ADDITIONAL VALIDATION,HISTORICAL_ONLY_NO_PROMOTION,"결과가 기준점에 따라 일관되지 않거나 유지/축소 기준을 충족하지 않음; 50회 구간 2/7개 우세, pooled 평균차 -0.063, 2+ 적중률 차 -2.67pp.",reference control or excluded; no claimed edge,2026-10-09T04:45:59.042466+00:00
HIST_B1_current_gap,B-v1 recovered exact bytes,research/1245_final_pipeline_v3/recovered_original_assets/outputs/b_model_classification.csv,ADDITIONAL VALIDATION,HISTORICAL_ONLY_NO_PROMOTION,"결과가 기준점에 따라 일관되지 않거나 유지/축소 기준을 충족하지 않음; 50회 구간 4/7개 우세, pooled 평균차 -0.026, 2+ 적중률 차 -1.82pp.",reference control or excluded; no claimed edge,2026-10-09T04:45:59.042466+00:00
HIST_B1_frequency_plus_gap,B-v1 recovered exact bytes,research/1245_final_pipeline_v3/recovered_original_assets/outputs/b_model_classification.csv,ADDITIONAL VALIDATION,HISTORICAL_ONLY_NO_PROMOTION,"결과가 기준점에 따라 일관되지 않거나 유지/축소 기준을 충족하지 않음; 50회 구간 5/7개 우세, pooled 평균차 +0.029, 2+ 적중률 차 +3.04pp.",reference control or excluded; no claimed edge,2026-10-09T04:45:59.042466+00:00
HIST_B1_recent_momentum,B-v1 recovered exact bytes,research/1245_final_pipeline_v3/recovered_original_assets/outputs/b_model_classification.csv,ADDITIONAL VALIDATION,HISTORICAL_ONLY_NO_PROMOTION,"결과가 기준점에 따라 일관되지 않거나 유지/축소 기준을 충족하지 않음; 50회 구간 3/7개 우세, pooled 평균차 -0.054, 2+ 적중률 차 -2.96pp.",reference control or excluded; no claimed edge,2026-10-09T04:45:59.042466+00:00
HIST_B1_structure_profile,B-v1 recovered exact bytes,research/1245_final_pipeline_v3/recovered_original_assets/outputs/b_model_classification.csv,ADDITIONAL VALIDATION,HISTORICAL_ONLY_NO_PROMOTION,"결과가 기준점에 따라 일관되지 않거나 유지/축소 기준을 충족하지 않음; 50회 구간 4/7개 우세, pooled 평균차 +0.051, 2+ 적중률 차 +1.61pp.",reference control or excluded; no claimed edge,2026-10-09T04:45:59.042466+00:00
HIST_B1_pair_association,B-v1 recovered exact bytes,research/1245_final_pipeline_v3/recovered_original_assets/outputs/b_model_classification.csv,ADDITIONAL VALIDATION,HISTORICAL_ONLY_NO_PROMOTION,"결과가 기준점에 따라 일관되지 않거나 유지/축소 기준을 충족하지 않음; 50회 구간 4/7개 우세, pooled 평균차 +0.034, 2+ 적중률 차 +0.47pp.",reference control or excluded; no claimed edge,2026-10-09T04:45:59.042466+00:00
HIST_B1_triple_association,B-v1 recovered exact bytes,research/1245_final_pipeline_v3/recovered_original_assets/outputs/b_model_classification.csv,ADDITIONAL VALIDATION,HISTORICAL_ONLY_NO_PROMOTION,"결과가 기준점에 따라 일관되지 않거나 유지/축소 기준을 충족하지 않음; 50회 구간 5/7개 우세, pooled 평균차 +0.026, 2+ 적중률 차 +1.04pp.",reference control or excluded; no claimed edge,2026-10-09T04:45:59.042466+00:00
HIST_B1_combined_equal_rank,B-v1 recovered exact bytes,research/1245_final_pipeline_v3/recovered_original_assets/outputs/b_model_classification.csv,HOLD,HISTORICAL_ONLY_NO_PROMOTION,"기준선 근처: pooled 평균차 +0.003, 2+ 적중률 차 +1.04pp; 50회 구간 3/7개 우세.",reference control or excluded; no claimed edge,2026-10-09T04:45:59.042466+00:00
HIST_S001,study batch001 post-hoc,research/expansion_framework_v1/studies/study_batch_001/study_results.csv,POST_HOC_ONLY,HISTORICAL_ONLY_NONE_PROMOTED,Eight stored survivors are NONE_PROMOTED; recent windows not untouched; shared inputs and multiplicity.,future registered controls/challengers; S002 corrected under new ID; S008 defective structure vote excluded,2026-10-09T04:45:59.042466+00:00
HIST_S001,study batch001 post-hoc,research/expansion_framework_v1/studies/study_batch_001/study_results.csv,POST_HOC_ONLY,HISTORICAL_ONLY_NONE_PROMOTED,Eight stored survivors are NONE_PROMOTED; recent windows not untouched; shared inputs and multiplicity.,future registered controls/challengers; S002 corrected under new ID; S008 defective structure vote excluded,2026-10-09T04:45:59.042466+00:00
HIST_S001,study batch001 post-hoc,research/expansion_framework_v1/studies/study_batch_001/study_results.csv,POST_HOC_ONLY,HISTORICAL_ONLY_NONE_PROMOTED,Eight stored survivors are NONE_PROMOTED; recent windows not untouched; shared inputs and multiplicity.,future registered controls/challengers; S002 corrected under new ID; S008 defective structure vote excluded,2026-10-09T04:45:59.042466+00:00
HIST_S001,study batch001 post-hoc,research/expansion_framework_v1/studies/study_batch_001/study_results.csv,POST_HOC_ONLY,HISTORICAL_ONLY_NONE_PROMOTED,Eight stored survivors are NONE_PROMOTED; recent windows not untouched; shared inputs and multiplicity.,future registered controls/challengers; S002 corrected under new ID; S008 defective structure vote excluded,2026-10-09T04:45:59.042466+00:00
HIST_S001,study batch001 post-hoc,research/expansion_framework_v1/studies/study_batch_001/study_results.csv,POST_HOC_ONLY,HISTORICAL_ONLY_NONE_PROMOTED,Eight stored survivors are NONE_PROMOTED; recent windows not untouched; shared inputs and multiplicity.,future registered controls/challengers; S002 corrected under new ID; S008 defective structure vote excluded,2026-10-09T04:45:59.042466+00:00
HIST_S001,study batch001 post-hoc,research/expansion_framework_v1/studies/study_batch_001/study_results.csv,POST_HOC_ONLY,HISTORICAL_ONLY_NONE_PROMOTED,Eight stored survivors are NONE_PROMOTED; recent windows not untouched; shared inputs and multiplicity.,future registered controls/challengers; S002 corrected under new ID; S008 defective structure vote excluded,2026-10-09T04:45:59.042466+00:00
HIST_S001,study batch001 post-hoc,research/expansion_framework_v1/studies/study_batch_001/study_results.csv,POST_HOC_ONLY,HISTORICAL_ONLY_NONE_PROMOTED,Eight stored survivors are NONE_PROMOTED; recent windows not untouched; shared inputs and multiplicity.,future registered controls/challengers; S002 corrected under new ID; S008 defective structure vote excluded,2026-10-09T04:45:59.042466+00:00
HIST_S001,study batch001 post-hoc,research/expansion_framework_v1/studies/study_batch_001/study_results.csv,POST_HOC_ONLY,HISTORICAL_ONLY_NONE_PROMOTED,Eight stored survivors are NONE_PROMOTED; recent windows not untouched; shared inputs and multiplicity.,future registered controls/challengers; S002 corrected under new ID; S008 defective structure vote excluded,2026-10-09T04:45:59.042466+00:00
HIST_S002,study batch001 post-hoc,research/expansion_framework_v1/studies/study_batch_001/study_results.csv,POST_HOC_ONLY,HISTORICAL_ONLY_NONE_PROMOTED,Eight stored survivors are NONE_PROMOTED; recent windows not untouched; shared inputs and multiplicity.,future registered controls/challengers; S002 corrected under new ID; S008 defective structure vote excluded,2026-10-09T04:45:59.042466+00:00
HIST_S002,study batch001 post-hoc,research/expansion_framework_v1/studies/study_batch_001/study_results.csv,POST_HOC_ONLY,HISTORICAL_ONLY_NONE_PROMOTED,Eight stored survivors are NONE_PROMOTED; recent windows not untouched; shared inputs and multiplicity.,future registered controls/challengers; S002 corrected under new ID; S008 defective structure vote excluded,2026-10-09T04:45:59.042466+00:00
HIST_S002,study batch001 post-hoc,research/expansion_framework_v1/studies/study_batch_001/study_results.csv,POST_HOC_ONLY,HISTORICAL_ONLY_NONE_PROMOTED,Eight stored survivors are NONE_PROMOTED; recent windows not untouched; shared inputs and multiplicity.,future registered controls/challengers; S002 corrected under new ID; S008 defective structure vote excluded,2026-10-09T04:45:59.042466+00:00
HIST_S002,study batch001 post-hoc,research/expansion_framework_v1/studies/study_batch_001/study_results.csv,POST_HOC_ONLY,HISTORICAL_ONLY_NONE_PROMOTED,Eight stored survivors are NONE_PROMOTED; recent windows not untouched; shared inputs and multiplicity.,future registered controls/challengers; S002 corrected under new ID; S008 defective structure vote excluded,2026-10-09T04:45:59.042466+00:00
HIST_S002,study batch001 post-hoc,research/expansion_framework_v1/studies/study_batch_001/study_results.csv,POST_HOC_ONLY,HISTORICAL_ONLY_NONE_PROMOTED,Eight stored survivors are NONE_PROMOTED; recent windows not untouched; shared inputs and multiplicity.,future registered controls/challengers; S002 corrected under new ID; S008 defective structure vote excluded,2026-10-09T04:45:59.042466+00:00
HIST_S002,study batch001 post-hoc,research/expansion_framework_v1/studies/study_batch_001/study_results.csv,POST_HOC_ONLY,HISTORICAL_ONLY_NONE_PROMOTED,Eight stored survivors are NONE_PROMOTED; recent windows not untouched; shared inputs and multiplicity.,future registered controls/challengers; S002 corrected under new ID; S008 defective structure vote excluded,2026-10-09T04:45:59.042466+00:00
HIST_S002,study batch001 post-hoc,research/expansion_framework_v1/studies/study_batch_001/study_results.csv,POST_HOC_ONLY,HISTORICAL_ONLY_NONE_PROMOTED,Eight stored survivors are NONE_PROMOTED; recent windows not untouched; shared inputs and multiplicity.,future registered controls/challengers; S002 corrected under new ID; S008 defective structure vote excluded,2026-10-09T04:45:59.042466+00:00
HIST_S002,study batch001 post-hoc,research/expansion_framework_v1/studies/study_batch_001/study_results.csv,POST_HOC_ONLY,HISTORICAL_ONLY_NONE_PROMOTED,Eight stored survivors are NONE_PROMOTED; recent windows not untouched; shared inputs and multiplicity.,future registered controls/challengers; S002 corrected under new ID; S008 defective structure vote excluded,2026-10-09T04:45:59.042466+00:00
HIST_S003,study batch001 post-hoc,research/expansion_framework_v1/studies/study_batch_001/study_results.csv,POST_HOC_ONLY,HISTORICAL_ONLY_NONE_PROMOTED,Eight stored survivors are NONE_PROMOTED; recent windows not untouched; shared inputs and multiplicity.,future registered controls/challengers; S002 corrected under new ID; S008 defective structure vote excluded,2026-10-09T04:45:59.042466+00:00
HIST_S003,study batch001 post-hoc,research/expansion_framework_v1/studies/study_batch_001/study_results.csv,POST_HOC_ONLY,HISTORICAL_ONLY_NONE_PROMOTED,Eight stored survivors are NONE_PROMOTED; recent windows not untouched; shared inputs and multiplicity.,future registered controls/challengers; S002 corrected under new ID; S008 defective structure vote excluded,2026-10-09T04:45:59.042466+00:00
HIST_S003,study batch001 post-hoc,research/expansion_framework_v1/studies/study_batch_001/study_results.csv,POST_HOC_ONLY,HISTORICAL_ONLY_NONE_PROMOTED,Eight stored survivors are NONE_PROMOTED; recent windows not untouched; shared inputs and multiplicity.,future registered controls/challengers; S002 corrected under new ID; S008 defective structure vote excluded,2026-10-09T04:45:59.042466+00:00
HIST_S003,study batch001 post-hoc,research/expansion_framework_v1/studies/study_batch_001/study_results.csv,POST_HOC_ONLY,HISTORICAL_ONLY_NONE_PROMOTED,Eight stored survivors are NONE_PROMOTED; recent windows not untouched; shared inputs and multiplicity.,future registered controls/challengers; S002 corrected under new ID; S008 defective structure vote excluded,2026-10-09T04:45:59.042466+00:00
HIST_S003,study batch001 post-hoc,research/expansion_framework_v1/studies/study_batch_001/study_results.csv,POST_HOC_ONLY,HISTORICAL_ONLY_NONE_PROMOTED,Eight stored survivors are NONE_PROMOTED; recent windows not untouched; shared inputs and multiplicity.,future registered controls/challengers; S002 corrected under new ID; S008 defective structure vote excluded,2026-10-09T04:45:59.042466+00:00
HIST_S003,study batch001 post-hoc,research/expansion_framework_v1/studies/study_batch_001/study_results.csv,POST_HOC_ONLY,HISTORICAL_ONLY_NONE_PROMOTED,Eight stored survivors are NONE_PROMOTED; recent windows not untouched; shared inputs and multiplicity.,future registered controls/challengers; S002 corrected under new ID; S008 defective structure vote excluded,2026-10-09T04:45:59.042466+00:00
HIST_S003,study batch001 post-hoc,research/expansion_framework_v1/studies/study_batch_001/study_results.csv,POST_HOC_ONLY,HISTORICAL_ONLY_NONE_PROMOTED,Eight stored survivors are NONE_PROMOTED; recent windows not untouched; shared inputs and multiplicity.,future registered controls/challengers; S002 corrected under new ID; S008 defective structure vote excluded,2026-10-09T04:45:59.042466+00:00
HIST_S003,study batch001 post-hoc,research/expansion_framework_v1/studies/study_batch_001/study_results.csv,POST_HOC_ONLY,HISTORICAL_ONLY_NONE_PROMOTED,Eight stored survivors are NONE_PROMOTED; recent windows not untouched; shared inputs and multiplicity.,future registered controls/challengers; S002 corrected under new ID; S008 defective structure vote excluded,2026-10-09T04:45:59.042466+00:00
HIST_S004,study batch001 post-hoc,research/expansion_framework_v1/studies/study_batch_001/study_results.csv,POST_HOC_ONLY,HISTORICAL_ONLY_NONE_PROMOTED,Eight stored survivors are NONE_PROMOTED; recent windows not untouched; shared inputs and multiplicity.,future registered controls/challengers; S002 corrected under new ID; S008 defective structure vote excluded,2026-10-09T04:45:59.042466+00:00
HIST_S004,study batch001 post-hoc,research/expansion_framework_v1/studies/study_batch_001/study_results.csv,POST_HOC_ONLY,HISTORICAL_ONLY_NONE_PROMOTED,Eight stored survivors are NONE_PROMOTED; recent windows not untouched; shared inputs and multiplicity.,future registered controls/challengers; S002 corrected under new ID; S008 defective structure vote excluded,2026-10-09T04:45:59.042466+00:00
HIST_S004,study batch001 post-hoc,research/expansion_framework_v1/studies/study_batch_001/study_results.csv,POST_HOC_ONLY,HISTORICAL_ONLY_NONE_PROMOTED,Eight stored survivors are NONE_PROMOTED; recent windows not untouched; shared inputs and multiplicity.,future registered controls/challengers; S002 corrected under new ID; S008 defective structure vote excluded,2026-10-09T04:45:59.042466+00:00
HIST_S004,study batch001 post-hoc,research/expansion_framework_v1/studies/study_batch_001/study_results.csv,POST_HOC_ONLY,HISTORICAL_ONLY_NONE_PROMOTED,Eight stored survivors are NONE_PROMOTED; recent windows not untouched; shared inputs and multiplicity.,future registered controls/challengers; S002 corrected under new ID; S008 defective structure vote excluded,2026-10-09T04:45:59.042466+00:00
HIST_S004,study batch001 post-hoc,research/expansion_framework_v1/studies/study_batch_001/study_results.csv,POST_HOC_ONLY,HISTORICAL_ONLY_NONE_PROMOTED,Eight stored survivors are NONE_PROMOTED; recent windows not untouched; shared inputs and multiplicity.,future registered controls/challengers; S002 corrected under new ID; S008 defective structure vote excluded,2026-10-09T04:45:59.042466+00:00
HIST_S004,study batch001 post-hoc,research/expansion_framework_v1/studies/study_batch_001/study_results.csv,POST_HOC_ONLY,HISTORICAL_ONLY_NONE_PROMOTED,Eight stored survivors are NONE_PROMOTED; recent windows not untouched; shared inputs and multiplicity.,future registered controls/challengers; S002 corrected under new ID; S008 defective structure vote excluded,2026-10-09T04:45:59.042466+00:00
HIST_S004,study batch001 post-hoc,research/expansion_framework_v1/studies/study_batch_001/study_results.csv,POST_HOC_ONLY,HISTORICAL_ONLY_NONE_PROMOTED,Eight stored survivors are NONE_PROMOTED; recent windows not untouched; shared inputs and multiplicity.,future registered controls/challengers; S002 corrected under new ID; S008 defective structure vote excluded,2026-10-09T04:45:59.042466+00:00
HIST_S004,study batch001 post-hoc,research/expansion_framework_v1/studies/study_batch_001/study_results.csv,POST_HOC_ONLY,HISTORICAL_ONLY_NONE_PROMOTED,Eight stored survivors are NONE_PROMOTED; recent windows not untouched; shared inputs and multiplicity.,future registered controls/challengers; S002 corrected under new ID; S008 defective structure vote excluded,2026-10-09T04:45:59.042466+00:00
HIST_S005,study batch001 post-hoc,research/expansion_framework_v1/studies/study_batch_001/study_results.csv,POST_HOC_ONLY,HISTORICAL_ONLY_NONE_PROMOTED,Eight stored survivors are NONE_PROMOTED; recent windows not untouched; shared inputs and multiplicity.,future registered controls/challengers; S002 corrected under new ID; S008 defective structure vote excluded,2026-10-09T04:45:59.042466+00:00
HIST_S005,study batch001 post-hoc,research/expansion_framework_v1/studies/study_batch_001/study_results.csv,POST_HOC_ONLY,HISTORICAL_ONLY_NONE_PROMOTED,Eight stored survivors are NONE_PROMOTED; recent windows not untouched; shared inputs and multiplicity.,future registered controls/challengers; S002 corrected under new ID; S008 defective structure vote excluded,2026-10-09T04:45:59.042466+00:00
HIST_S005,study batch001 post-hoc,research/expansion_framework_v1/studies/study_batch_001/study_results.csv,POST_HOC_ONLY,HISTORICAL_ONLY_NONE_PROMOTED,Eight stored survivors are NONE_PROMOTED; recent windows not untouched; shared inputs and multiplicity.,future registered controls/challengers; S002 corrected under new ID; S008 defective structure vote excluded,2026-10-09T04:45:59.042466+00:00
HIST_S005,study batch001 post-hoc,research/expansion_framework_v1/studies/study_batch_001/study_results.csv,POST_HOC_ONLY,HISTORICAL_ONLY_NONE_PROMOTED,Eight stored survivors are NONE_PROMOTED; recent windows not untouched; shared inputs and multiplicity.,future registered controls/challengers; S002 corrected under new ID; S008 defective structure vote excluded,2026-10-09T04:45:59.042466+00:00
HIST_S005,study batch001 post-hoc,research/expansion_framework_v1/studies/study_batch_001/study_results.csv,POST_HOC_ONLY,HISTORICAL_ONLY_NONE_PROMOTED,Eight stored survivors are NONE_PROMOTED; recent windows not untouched; shared inputs and multiplicity.,future registered controls/challengers; S002 corrected under new ID; S008 defective structure vote excluded,2026-10-09T04:45:59.042466+00:00
HIST_S005,study batch001 post-hoc,research/expansion_framework_v1/studies/study_batch_001/study_results.csv,POST_HOC_ONLY,HISTORICAL_ONLY_NONE_PROMOTED,Eight stored survivors are NONE_PROMOTED; recent windows not untouched; shared inputs and multiplicity.,future registered controls/challengers; S002 corrected under new ID; S008 defective structure vote excluded,2026-10-09T04:45:59.042466+00:00
HIST_S005,study batch001 post-hoc,research/expansion_framework_v1/studies/study_batch_001/study_results.csv,POST_HOC_ONLY,HISTORICAL_ONLY_NONE_PROMOTED,Eight stored survivors are NONE_PROMOTED; recent windows not untouched; shared inputs and multiplicity.,future registered controls/challengers; S002 corrected under new ID; S008 defective structure vote excluded,2026-10-09T04:45:59.042466+00:00
HIST_S005,study batch001 post-hoc,research/expansion_framework_v1/studies/study_batch_001/study_results.csv,POST_HOC_ONLY,HISTORICAL_ONLY_NONE_PROMOTED,Eight stored survivors are NONE_PROMOTED; recent windows not untouched; shared inputs and multiplicity.,future registered controls/challengers; S002 corrected under new ID; S008 defective structure vote excluded,2026-10-09T04:45:59.042466+00:00
HIST_S006,study batch001 post-hoc,research/expansion_framework_v1/studies/study_batch_001/study_results.csv,POST_HOC_ONLY,HISTORICAL_ONLY_NONE_PROMOTED,Eight stored survivors are NONE_PROMOTED; recent windows not untouched; shared inputs and multiplicity.,future registered controls/challengers; S002 corrected under new ID; S008 defective structure vote excluded,2026-10-09T04:45:59.042466+00:00
HIST_S006,study batch001 post-hoc,research/expansion_framework_v1/studies/study_batch_001/study_results.csv,POST_HOC_ONLY,HISTORICAL_ONLY_NONE_PROMOTED,Eight stored survivors are NONE_PROMOTED; recent windows not untouched; shared inputs and multiplicity.,future registered controls/challengers; S002 corrected under new ID; S008 defective structure vote excluded,2026-10-09T04:45:59.042466+00:00
HIST_S006,study batch001 post-hoc,research/expansion_framework_v1/studies/study_batch_001/study_results.csv,POST_HOC_ONLY,HISTORICAL_ONLY_NONE_PROMOTED,Eight stored survivors are NONE_PROMOTED; recent windows not untouched; shared inputs and multiplicity.,future registered controls/challengers; S002 corrected under new ID; S008 defective structure vote excluded,2026-10-09T04:45:59.042466+00:00
HIST_S006,study batch001 post-hoc,research/expansion_framework_v1/studies/study_batch_001/study_results.csv,POST_HOC_ONLY,HISTORICAL_ONLY_NONE_PROMOTED,Eight stored survivors are NONE_PROMOTED; recent windows not untouched; shared inputs and multiplicity.,future registered controls/challengers; S002 corrected under new ID; S008 defective structure vote excluded,2026-10-09T04:45:59.042466+00:00
HIST_S006,study batch001 post-hoc,research/expansion_framework_v1/studies/study_batch_001/study_results.csv,POST_HOC_ONLY,HISTORICAL_ONLY_NONE_PROMOTED,Eight stored survivors are NONE_PROMOTED; recent windows not untouched; shared inputs and multiplicity.,future registered controls/challengers; S002 corrected under new ID; S008 defective structure vote excluded,2026-10-09T04:45:59.042466+00:00
HIST_S006,study batch001 post-hoc,research/expansion_framework_v1/studies/study_batch_001/study_results.csv,POST_HOC_ONLY,HISTORICAL_ONLY_NONE_PROMOTED,Eight stored survivors are NONE_PROMOTED; recent windows not untouched; shared inputs and multiplicity.,future registered controls/challengers; S002 corrected under new ID; S008 defective structure vote excluded,2026-10-09T04:45:59.042466+00:00
HIST_S006,study batch001 post-hoc,research/expansion_framework_v1/studies/study_batch_001/study_results.csv,POST_HOC_ONLY,HISTORICAL_ONLY_NONE_PROMOTED,Eight stored survivors are NONE_PROMOTED; recent windows not untouched; shared inputs and multiplicity.,future registered controls/challengers; S002 corrected under new ID; S008 defective structure vote excluded,2026-10-09T04:45:59.042466+00:00
HIST_S006,study batch001 post-hoc,research/expansion_framework_v1/studies/study_batch_001/study_results.csv,POST_HOC_ONLY,HISTORICAL_ONLY_NONE_PROMOTED,Eight stored survivors are NONE_PROMOTED; recent windows not untouched; shared inputs and multiplicity.,future registered controls/challengers; S002 corrected under new ID; S008 defective structure vote excluded,2026-10-09T04:45:59.042466+00:00
HIST_S007,study batch001 post-hoc,research/expansion_framework_v1/studies/study_batch_001/study_results.csv,POST_HOC_ONLY,HISTORICAL_ONLY_NONE_PROMOTED,Eight stored survivors are NONE_PROMOTED; recent windows not untouched; shared inputs and multiplicity.,future registered controls/challengers; S002 corrected under new ID; S008 defective structure vote excluded,2026-10-09T04:45:59.042466+00:00
HIST_S007,study batch001 post-hoc,research/expansion_framework_v1/studies/study_batch_001/study_results.csv,POST_HOC_ONLY,HISTORICAL_ONLY_NONE_PROMOTED,Eight stored survivors are NONE_PROMOTED; recent windows not untouched; shared inputs and multiplicity.,future registered controls/challengers; S002 corrected under new ID; S008 defective structure vote excluded,2026-10-09T04:45:59.042466+00:00
HIST_S007,study batch001 post-hoc,research/expansion_framework_v1/studies/study_batch_001/study_results.csv,POST_HOC_ONLY,HISTORICAL_ONLY_NONE_PROMOTED,Eight stored survivors are NONE_PROMOTED; recent windows not untouched; shared inputs and multiplicity.,future registered controls/challengers; S002 corrected under new ID; S008 defective structure vote excluded,2026-10-09T04:45:59.042466+00:00
HIST_S007,study batch001 post-hoc,research/expansion_framework_v1/studies/study_batch_001/study_results.csv,POST_HOC_ONLY,HISTORICAL_ONLY_NONE_PROMOTED,Eight stored survivors are NONE_PROMOTED; recent windows not untouched; shared inputs and multiplicity.,future registered controls/challengers; S002 corrected under new ID; S008 defective structure vote excluded,2026-10-09T04:45:59.042466+00:00
HIST_S007,study batch001 post-hoc,research/expansion_framework_v1/studies/study_batch_001/study_results.csv,POST_HOC_ONLY,HISTORICAL_ONLY_NONE_PROMOTED,Eight stored survivors are NONE_PROMOTED; recent windows not untouched; shared inputs and multiplicity.,future registered controls/challengers; S002 corrected under new ID; S008 defective structure vote excluded,2026-10-09T04:45:59.042466+00:00
HIST_S007,study batch001 post-hoc,research/expansion_framework_v1/studies/study_batch_001/study_results.csv,POST_HOC_ONLY,HISTORICAL_ONLY_NONE_PROMOTED,Eight stored survivors are NONE_PROMOTED; recent windows not untouched; shared inputs and multiplicity.,future registered controls/challengers; S002 corrected under new ID; S008 defective structure vote excluded,2026-10-09T04:45:59.042466+00:00
HIST_S007,study batch001 post-hoc,research/expansion_framework_v1/studies/study_batch_001/study_results.csv,POST_HOC_ONLY,HISTORICAL_ONLY_NONE_PROMOTED,Eight stored survivors are NONE_PROMOTED; recent windows not untouched; shared inputs and multiplicity.,future registered controls/challengers; S002 corrected under new ID; S008 defective structure vote excluded,2026-10-09T04:45:59.042466+00:00
HIST_S007,study batch001 post-hoc,research/expansion_framework_v1/studies/study_batch_001/study_results.csv,POST_HOC_ONLY,HISTORICAL_ONLY_NONE_PROMOTED,Eight stored survivors are NONE_PROMOTED; recent windows not untouched; shared inputs and multiplicity.,future registered controls/challengers; S002 corrected under new ID; S008 defective structure vote excluded,2026-10-09T04:45:59.042466+00:00
HIST_S008,study batch001 post-hoc,research/expansion_framework_v1/studies/study_batch_001/study_results.csv,POST_HOC_ONLY,HISTORICAL_ONLY_NONE_PROMOTED,Eight stored survivors are NONE_PROMOTED; recent windows not untouched; shared inputs and multiplicity.,future registered controls/challengers; S002 corrected under new ID; S008 defective structure vote excluded,2026-10-09T04:45:59.042466+00:00
HIST_S008,study batch001 post-hoc,research/expansion_framework_v1/studies/study_batch_001/study_results.csv,POST_HOC_ONLY,HISTORICAL_ONLY_NONE_PROMOTED,Eight stored survivors are NONE_PROMOTED; recent windows not untouched; shared inputs and multiplicity.,future registered controls/challengers; S002 corrected under new ID; S008 defective structure vote excluded,2026-10-09T04:45:59.042466+00:00
HIST_S008,study batch001 post-hoc,research/expansion_framework_v1/studies/study_batch_001/study_results.csv,POST_HOC_ONLY,HISTORICAL_ONLY_NONE_PROMOTED,Eight stored survivors are NONE_PROMOTED; recent windows not untouched; shared inputs and multiplicity.,future registered controls/challengers; S002 corrected under new ID; S008 defective structure vote excluded,2026-10-09T04:45:59.042466+00:00
HIST_S008,study batch001 post-hoc,research/expansion_framework_v1/studies/study_batch_001/study_results.csv,POST_HOC_ONLY,HISTORICAL_ONLY_NONE_PROMOTED,Eight stored survivors are NONE_PROMOTED; recent windows not untouched; shared inputs and multiplicity.,future registered controls/challengers; S002 corrected under new ID; S008 defective structure vote excluded,2026-10-09T04:45:59.042466+00:00
HIST_S008,study batch001 post-hoc,research/expansion_framework_v1/studies/study_batch_001/study_results.csv,POST_HOC_ONLY,HISTORICAL_ONLY_NONE_PROMOTED,Eight stored survivors are NONE_PROMOTED; recent windows not untouched; shared inputs and multiplicity.,future registered controls/challengers; S002 corrected under new ID; S008 defective structure vote excluded,2026-10-09T04:45:59.042466+00:00
HIST_S008,study batch001 post-hoc,research/expansion_framework_v1/studies/study_batch_001/study_results.csv,POST_HOC_ONLY,HISTORICAL_ONLY_NONE_PROMOTED,Eight stored survivors are NONE_PROMOTED; recent windows not untouched; shared inputs and multiplicity.,future registered controls/challengers; S002 corrected under new ID; S008 defective structure vote excluded,2026-10-09T04:45:59.042466+00:00
HIST_S008,study batch001 post-hoc,research/expansion_framework_v1/studies/study_batch_001/study_results.csv,POST_HOC_ONLY,HISTORICAL_ONLY_NONE_PROMOTED,Eight stored survivors are NONE_PROMOTED; recent windows not untouched; shared inputs and multiplicity.,future registered controls/challengers; S002 corrected under new ID; S008 defective structure vote excluded,2026-10-09T04:45:59.042466+00:00
HIST_S008,study batch001 post-hoc,research/expansion_framework_v1/studies/study_batch_001/study_results.csv,POST_HOC_ONLY,HISTORICAL_ONLY_NONE_PROMOTED,Eight stored survivors are NONE_PROMOTED; recent windows not untouched; shared inputs and multiplicity.,future registered controls/challengers; S002 corrected under new ID; S008 defective structure vote excluded,2026-10-09T04:45:59.042466+00:00
V4_U,new prospective_v4,MODEL_MANIFEST_V4.csv,NOT_A_HISTORICAL_RESULT,REGISTERED_UNEVALUATED,"negative_control; no validated predictive signals; weak families retained only for controlled future comparison, not promotion","fixed 200-target holdout, 16-test Holm family; no post-result retuning",2026-10-09T04:45:59.042466+00:00
V4_F,new prospective_v4,MODEL_MANIFEST_V4.csv,NOT_A_HISTORICAL_RESULT,REGISTERED_UNEVALUATED,"historical_reference_control; no validated predictive signals; weak families retained only for controlled future comparison, not promotion","fixed 200-target holdout, 16-test Holm family; no post-result retuning",2026-10-09T04:45:59.042466+00:00
V4_G,new prospective_v4,MODEL_MANIFEST_V4.csv,NOT_A_HISTORICAL_RESULT,REGISTERED_UNEVALUATED,"prospective_challenger; no validated predictive signals; weak families retained only for controlled future comparison, not promotion","fixed 200-target holdout, 16-test Holm family; no post-result retuning",2026-10-09T04:45:59.042466+00:00
V4_C,new prospective_v4,MODEL_MANIFEST_V4.csv,NOT_A_HISTORICAL_RESULT,REGISTERED_UNEVALUATED,"prospective_challenger; no validated predictive signals; weak families retained only for controlled future comparison, not promotion","fixed 200-target holdout, 16-test Holm family; no post-result retuning",2026-10-09T04:45:59.042466+00:00
V4_M,new prospective_v4,MODEL_MANIFEST_V4.csv,NOT_A_HISTORICAL_RESULT,REGISTERED_UNEVALUATED,"diagnostic_control; no validated predictive signals; weak families retained only for controlled future comparison, not promotion","fixed 200-target holdout, 16-test Holm family; no post-result retuning",2026-10-09T04:45:59.042466+00:00
V4_P,new prospective_v4,MODEL_MANIFEST_V4.csv,NOT_A_HISTORICAL_RESULT,REGISTERED_UNEVALUATED,"diagnostic_relation_control; no validated predictive signals; weak families retained only for controlled future comparison, not promotion","fixed 200-target holdout, 16-test Holm family; no post-result retuning",2026-10-09T04:45:59.042466+00:00
V4_T,new prospective_v4,MODEL_MANIFEST_V4.csv,NOT_A_HISTORICAL_RESULT,REGISTERED_UNEVALUATED,"diagnostic_relation_control; no validated predictive signals; weak families retained only for controlled future comparison, not promotion","fixed 200-target holdout, 16-test Holm family; no post-result retuning",2026-10-09T04:45:59.042466+00:00
V4_S,new prospective_v4,MODEL_MANIFEST_V4.csv,NOT_A_HISTORICAL_RESULT,REGISTERED_UNEVALUATED,"prospective_challenger; no validated predictive signals; weak families retained only for controlled future comparison, not promotion","fixed 200-target holdout, 16-test Holm family; no post-result retuning",2026-10-09T04:45:59.042466+00:00
MISSING_LEGACY_A,legacy unavailable original implementation,V3 historical audit,UNAVAILABLE,EXCLUDED_NOT_FABRICATED,No complete runnable original found in reviewed assets. V4 does not relabel new models as recovered A/C/contrarian.,separate genuine-asset recovery only,2026-10-09T04:45:59.042466+00:00
MISSING_LEGACY_C,legacy unavailable original implementation,V3 historical audit,UNAVAILABLE,EXCLUDED_NOT_FABRICATED,No complete runnable original found in reviewed assets. V4 does not relabel new models as recovered A/C/contrarian.,separate genuine-asset recovery only,2026-10-09T04:45:59.042466+00:00
MISSING_LEGACY_contrarian,legacy unavailable original implementation,V3 historical audit,UNAVAILABLE,EXCLUDED_NOT_FABRICATED,No complete runnable original found in reviewed assets. V4 does not relabel new models as recovered A/C/contrarian.,separate genuine-asset recovery only,2026-10-09T04:45:59.042466+00:00
