path,bytes,sha256,created_at_utc,base_commit
DATA_MANIFEST_V4.csv,2211,107a9818e4cccc9790ede3bb1bfb8215a719ddbeeb85eb9ce8914c99ff66b6e4,2026-10-09T04:45:59.063269+00:00,bdc38abdcb6a7f511ad2ee39914f9126a69aeb05
EVIDENCE_REVIEW_V4.md,3098,4e2439a44a774f571648e5c98fd4d88d1727a1bcd81b7e148c2f7cedde69ee1d,2026-10-09T04:45:59.076230+00:00,bdc38abdcb6a7f511ad2ee39914f9126a69aeb05
MODEL_MANIFEST_V4.csv,5195,cf79fdb55d0b40b75d6c724aeb9891345c225040a26dcf455bd1b9ade12bb1f2,2026-10-09T04:45:59.042467+00:00,bdc38abdcb6a7f511ad2ee39914f9126a69aeb05
PROSPECTIVE_PROTOCOL_V4.md,9338,7addf5c2e2af20638f21e9f7cb930a8dda86e738fe89020c3593cf85e0e98f4b,2026-10-09T04:45:59.076230+00:00,bdc38abdcb6a7f511ad2ee39914f9126a69aeb05
RANDOM_BASELINE_V4.json,833,55c64c398ef1ef1b5597233d724eeb4fc4b06a7937a0d218a5d567275f379e92,2026-10-09T04:47:27.240564+00:00,bdc38abdcb6a7f511ad2ee39914f9126a69aeb05
RESEARCH_REGISTRY_V4.csv,32643,01e5214150b783e2a352e41d0a6371d0ec7542f76b981941758fc95c3e4b07b4,2026-10-09T04:45:59.050519+00:00,bdc38abdcb6a7f511ad2ee39914f9126a69aeb05
RULES_V4.json,2623,b8d3387a38f2480dd0ca0057cf7696f66d420eb444c4d591ed6955a3b0f60dda,2026-10-09T04:45:59.042467+00:00,bdc38abdcb6a7f511ad2ee39914f9126a69aeb05
SOURCE_EVIDENCE_INVENTORY_V4.csv,57892,27ad60e261fa1d04c07b6633be77f01f39a5c1b78f313f835653d06ac3155d19,2026-10-09T04:45:59.063269+00:00,bdc38abdcb6a7f511ad2ee39914f9126a69aeb05
VALIDATION_GATES_V4.json,2243,357464e9de933ef042a940da12b3fcdb91206bbfee04645e22e67081fa1e607a,2026-10-09T04:45:59.063269+00:00,bdc38abdcb6a7f511ad2ee39914f9126a69aeb05
evaluation_v4.py,2567,9fae6c59956ce49489abb9c3ee08df030054254fc95ed1928fafb37cc087f22b,2026-10-09T04:45:59.076230+00:00,bdc38abdcb6a7f511ad2ee39914f9126a69aeb05
prospective_engine_v4.py,9263,f6ce9f995b7189a73cf54e9036b6053d388f2ea7e3f06a3357769669ee143b44,2026-10-09T04:45:59.076230+00:00,bdc38abdcb6a7f511ad2ee39914f9126a69aeb05
verify_freeze_v4.py,1996,5511923bb358ece8653d5cdddae67c89888eb867a0e4d9bb7a4cecb7f5989fbd,2026-10-09T04:45:59.076230+00:00,bdc38abdcb6a7f511ad2ee39914f9126a69aeb05
