asset_id,absolute_path,bytes,sha256,role
raw_data,C:\Users\user\Documents\Codex\2026-10-06\cloud-x20\work\lotto-data\lotto_data.csv,43234,243cd17e6b97a2d96709ddfc689a068038669341a52dcc0743c141d309e43b9f,read-only source
b_model_backtest_py,C:\Users\user\Documents\Codex\2026-10-06\cloud-x20\outputs\b_model_backtest.py,27977,3ecf4fb805c2448e49c39e01174b3a112d4865c7ff1a31157437515b78be47cb,B-model v1 source
b_model_predictions,C:\Users\user\Documents\Codex\2026-10-06\cloud-x20\outputs\b_model_predictions.csv,3236859,088685b5c30275c2640dfda2001beb99cebf5855156ae54ad5e0f6f170cf39be,B-model v1 walk-forward detail
b_model_holdout_metrics,C:\Users\user\Documents\Codex\2026-10-06\cloud-x20\outputs\b_model_holdout_metrics.csv,113856,147765c9f3353deac5cc5c91e37ce0f80a7e4608c9e29738d4724130df5bc2a4,B-model v1 metrics
b_model_classification,C:\Users\user\Documents\Codex\2026-10-06\cloud-x20\outputs\b_model_classification.csv,3509,2c7a8030b0129eef55137852a8e5e297d916239c46a8fc9bbe0e0c467ecf9ff2,B-model v1 classification
b_model_50_round_trends,C:\Users\user\Documents\Codex\2026-10-06\cloud-x20\outputs\b_model_50_round_trends.csv,6264,199bd09e71f9f7171b2c26ee68a7eb8afd40edcd17a1f8907dd09c2a4e7f57df,B-model v1 trends
b_model_backtest_report,C:\Users\user\Documents\Codex\2026-10-06\cloud-x20\outputs\b_model_backtest_report.md,10907,2d9314c793c6508f2d6d5aab983c74b271c5b0f6c042997cfff1079742cf0512,B-model v1 report
recent_validation_py,C:\Users\user\Documents\Codex\2026-10-08\b-model-backtest-py-b-1201\outputs\b_model_recent_validation.py,9363,53a9694d2ef223472b3eb3c120a54a0e8800cae3f9851e75a05114c1dbece6a2,recent validation script
recent_predictions,C:\Users\user\Documents\Codex\2026-10-08\b-model-backtest-py-b-1201\outputs\b_model_recent_predictions.csv,28419,162b003a915331e98557f1a07b1cc56054cc0679325646bedad4dd5d72424613,recent holdout predictions
recent_metrics,C:\Users\user\Documents\Codex\2026-10-08\b-model-backtest-py-b-1201\outputs\b_model_recent_metrics.csv,1731,35d4089344f74bff6cb3b4128cb745d5b89ecc7377f1ca16f94328fe9718c9f9,recent holdout metrics
recent_report,C:\Users\user\Documents\Codex\2026-10-08\b-model-backtest-py-b-1201\outputs\b_model_recent_report.md,6914,43576ef2b5af6e06f89f0e6f19d58628b51a2d7761f95a0c6d205ba470225517,recent holdout report
candidate_1245_py,C:\Users\user\Documents\Codex\2026-10-08\b-model-backtest-py-b-1201\outputs\b_model_1245_analysis.py,6760,d24aaf48019fd3aa6299bfb65647aa22a1ab51c34d43de4850b7e5ab7b888ef1,current candidate script
candidate_1245_predictions,C:\Users\user\Documents\Codex\2026-10-08\b-model-backtest-py-b-1201\outputs\b_model_1245_analysis_predictions.csv,423,171718beaac8ff0655049fcbb6fd1cb218c7eb900f0e4e339930eb3a639ef546,current model tickets
candidate_number_stats,C:\Users\user\Documents\Codex\2026-10-08\b-model-backtest-py-b-1201\outputs\b_model_1245_number_stats.csv,738,1a0e9ac26918a1790572742f0196ce6ebc1a84f9eb1f6f6b379d1b7d31b74ac5,number statistics
model_ticket_overlaps,C:\Users\user\Documents\Codex\2026-10-08\b-model-backtest-py-b-1201\outputs\b_model_1245_ticket_overlaps.csv,1178,8c8495ed1414ced9a0097d73af00336b5a23800d8e2de8254ef57a82dbc6edf3,model ticket overlaps
candidate_report,C:\Users\user\Documents\Codex\2026-10-08\b-model-backtest-py-b-1201\outputs\b_model_1245_analysis_report.md,4433,2e89a0fec78b7514f170089867378ea7c0ec10c99ec36d9293e81218337ef7de,candidate report
candidate_number_history,C:\Users\user\Documents\Codex\2026-10-08\b-model-backtest-py-b-1201\outputs\b_model_1245_candidate_historical_performance.csv,10966,a1da72cd0530558ff819b888560779f95bcf101831629674b98c657ecfe74eb7,post-hoc candidate number performance
candidate_number_history_report,C:\Users\user\Documents\Codex\2026-10-08\b-model-backtest-py-b-1201\outputs\b_model_1245_candidate_historical_performance.md,8552,b6f128b1517badef2c050fb2f097e0a9299bc00e1a3a4ef2e966fa44dd52fe72,post-hoc report
candidate_group_metrics,C:\Users\user\Documents\Codex\2026-10-08\b-model-backtest-py-b-1201\outputs\b_model_1245_candidate_groups_metrics.csv,3114,b18f8655fb0f5e4eb65fbbe4414cd382268a194ac4542e662c7eb1077ed3e58a,group performance
candidate_group_walkforward,C:\Users\user\Documents\Codex\2026-10-08\b-model-backtest-py-b-1201\outputs\b_model_1245_candidate_groups_walkforward.csv,497974,9c21fd8b2c2eb2417c9dece0872344d334683f55919c46bdc11a76c92e9013e2,group detail
candidate_group_report,C:\Users\user\Documents\Codex\2026-10-08\b-model-backtest-py-b-1201\outputs\b_model_1245_candidate_groups_validation.md,4073,a8515c5613619370619547aeb901d69dfee20e12f1ce786b915292fa82f49953,group report
final_pipeline_script,C:\Users\user\Documents\Codex\2026-10-08\b-model-backtest-py-b-1201\outputs\1245_final_pipeline\prepare_1245_final_three_lines.py,24216,bbd07de1923d4225c175a763da8f2a8dd53f5a64d5805bfc58ba173a039c2ee5,final pipeline script
final_pipeline_readme,C:\Users\user\Documents\Codex\2026-10-08\b-model-backtest-py-b-1201\outputs\1245_final_pipeline\README.md,3318,3cba85335c97a5531cbc05c030c84cd705ed894bfc5fc73af0eb1625c095565a,pipeline instructions
final_pipeline_audit_snapshot,C:\Users\user\Documents\Codex\2026-10-08\b-model-backtest-py-b-1201\outputs\1245_final_pipeline\input_audit.md,6356,8b8a64e621b546a6aa163aae9b7735ea75e9eaf42e2e710a576c5cacfc5c4689,prior readiness snapshot
