"path","bytes","sha256"
"audit_project.py","6092","2542674f08e842f8d8407074c9b44fffdd73b8ffbd8957baf45a1912b106be72"
"data_quality.py","841","9f49fec50527184426e67bd97d0d28336e15a06ad46c3c74a6a555a6694f1043"
"GITHUB_SYNC_GUIDE.md","969","d5bdd85fea1c9d09be10b9e24cfd8798e8866b1871b12cf2a0c4e6fa2625846d"
"hypothesis_template.py","478","06387096e1d500b33fa14991969d082ee212d1fd207afe2c58bf8b9b1da3d743"
"model_family_catalog.csv","1589","0aa34744e35a39f08764677fdff8f82456eadb9c065c1fa14925e7bbf04a5433"
"project_audit.md","1078","0b77c052e7cccfdbc152100900e02536fcc9c2a1a19ab73df0d62fd8bd17f3b5"
"project_baseline_manifest.csv","5303","f9e74a4b7e15631aaebdfdd7d58ae3ace6df64a8b5d115f4ac32ed35d639c4b2"
"README.md","5652","6c58b45a7b7630a35ab74eed5a4f2301673254eab16a98557776b35166214668"
"research_registry.csv","752","7d9277f4558a283de34244bdcb3994c16f4b0326c647da9550c4fea0b14d096b"
"run_study.py","1698","8776852cf5a40e14125b243a6d9719e1aa4e17d4ab1d5ba67c8dfc0d141a2370"
"study_template.md","1314","a1d204d137895d72fd8264cce4cc05c4447c9e28744647b3c54303d5c0a54fb9"
"walkforward_core.py","5463","da7fe19177d31428c7b25a0afc32eab1ad84d7dc5ac8b009f2ce3e95f94b046c"
"studies/README.md","179","0767ed1596cc084bd3d25ff02d7f2dcb49c34ad97006c07cf7f054ce38479b18"
"studies/study_batch_001/b_model_comparison.csv","6745","14c4f44b6cf95bef701fe2201465b409e6f78d28e4a48ce4da07041a3a432ad7"
"studies/study_batch_001/bootstrap_confidence_intervals.csv","3458","1af02366e8f8b6f291a580cf1aa87e230701b0501efcdfcf7b5195ebacd0cb70"
"studies/study_batch_001/build_confidence.py","1386","b1851376f7fb9ecceb9aaae47b7f2cf743e588a36492f3eee5588fbc1f2c3fa7"
"studies/study_batch_001/build_diagnostics.py","7178","facdd7e360928cabde2b122ed5b29ab23d30f3819ffaf708bb18cd3f2398a533"
"studies/study_batch_001/build_rolling_summary.py","1089","d369d2472a348de187d16ad44411b1c47312b270e431678f2408afe1b2c264c6"
"studies/study_batch_001/conditional_number_transitions.csv","98702","6fb5bdf77dac6ae69c14aab087db51cdb96f987d2ed0a074ab12c56f63fb7f84"
"studies/study_batch_001/failure_registry.csv","13110","eb055bf1217ada60abb090f5d96834ff099c58abfab37a7de3d06c8ab4d1441b"
"studies/study_batch_001/model_correlation.csv","3704","722a3818032532e8c405fadc846345a855d617135f83d091f35c7d21c4da002e"
"studies/study_batch_001/model_metrics.csv","21834","a4bb098fd69ab8471bdb0c6d90a10c6a2eba286a46292a337d31b2d33adcde96"
"studies/study_batch_001/number_temporal_features.csv","13546","612f072b3eb2a583e1eef87be5a0a47c5a9ec357d4d32d163e6b43a8726546af"
"studies/study_batch_001/pair_triple_temporal_stability.csv","2377221","50d976be0c57e075ad2500cf84e7e0bca47e1f01fd9365883775e0aee2fec329"
"studies/study_batch_001/rolling300_failure_registry.csv","6546","370651640b0e5d38b7fa560373ce9c268cbd343d5303cf13d787fd7dca935c3b"
"studies/study_batch_001/rolling300_metrics.csv","9189","52e9e19f6537f8a5ff3742cb67f44cb86a32d81dff9725db20e8e446c1aba5f4"
"studies/study_batch_001/rolling300_predictions.csv","541409","87c17ec2496575fc12091fa3dba071d197a61ecfc747494c6f791058f35c43ae"
"studies/study_batch_001/rolling300_study_results.csv","9189","52e9e19f6537f8a5ff3742cb67f44cb86a32d81dff9725db20e8e446c1aba5f4"
"studies/study_batch_001/run_batch.py","20966","974f5163b95e38389d857f6ec6a2cafdb1c4b847c869f33d49808902914e3eab"
"studies/study_batch_001/RUN_GUIDE.md","1183","31779409840dbaf5cb4d2322fe0a74e2513e428fe01df3886cecb0f13d166e84"
"studies/study_batch_001/run_rolling300.py","1741","e3ed58172c122951e233dba21e860acd44497d73274b3e8f8b9bf8f843dfcb67"
"studies/study_batch_001/structure_transition_analysis.csv","183836","a635b0c059f293ca3a79e004e3461ca46354643b2429e9f1a0ee8c8dd85c9093"
"studies/study_batch_001/STUDY_BATCH_001_REPORT.md","8816","a2a6921fcb7f11720c96a86a4a48485bf0d30be0a8ad2a07a36561d51662cb57"
"studies/study_batch_001/study_registry.csv","15027","3878bb213c0661cf93bcb8c27549d90e122eae93303afa4c7521094f22e2b873"
"studies/study_batch_001/study_results.csv","21834","a4bb098fd69ab8471bdb0c6d90a10c6a2eba286a46292a337d31b2d33adcde96"
"studies/study_batch_001/surviving_models.csv","923","6b21627b26dc59ed5819aa4a419cfbff84cbdd5f43ddd8a340333ea5ffd0aad8"
"studies/study_batch_001/walkforward_predictions.csv","835839","a5f05084cd1682c12ad720e2e900715089a699d6b45dd3c4fb0c021e55d868ff"
