decision_target,historical_target,baseline,replicates,tickets,seed_master,seed_derived,mean_ticket_hits,hit_count_0,hit_count_1,hit_count_2,hit_count_3,hit_count_4,hit_count_5,hit_count_6,ticket_2plus_rate,ticket_3plus_rate,ticket_4plus_rate,portfolio_3plus_count,portfolio_4plus_count,portfolio_3plus_rate,portfolio_4plus_rate,portfolio_max_hits_mean,portfolio_max_count_0,portfolio_max_count_1,portfolio_max_count_2,portfolio_max_count_3,portfolio_max_count_4,portfolio_max_count_5,portfolio_max_count_6,mean_union_coverage,mean_pair_overlap,fallback_count,within_list_duplicate_resamples,simulation_tickets_sha256,exact_ticket_expected_hits,target1245_actual
1245,1045,uniform_3_lists_37_candidates_frozen_portfolio_rule,10000,30000,2026100904,4774593183754543516,0.7897666666666666,12261,12579,4424,679,56,1,0,0.172,0.024533333333333334,0.0019,722,57,0.0722,0.0057,1.4441,677,4985,3616,665,56,1,0,15.863,0.7397,0,0,b2abebf141251ed395b8453232a1ffc3893fea96ed30e7c45b485b3d7897a4ab,0.8,NOT READ / NOT USED
1245,1046,uniform_3_lists_37_candidates_frozen_portfolio_rule,10000,30000,2026100904,12252064845194929972,0.801,11994,12726,4586,645,48,1,0,0.176,0.023133333333333332,0.0016333333333333334,680,49,0.068,0.0049,1.4564,594,4978,3748,631,48,1,0,15.8487,0.7446,0,0,6176380f016a37c4afa50bf85d62f858e09e67bd095692189a2782d498a3b55f,0.8,NOT READ / NOT USED
1245,1047,uniform_3_lists_37_candidates_frozen_portfolio_rule,10000,30000,2026100904,6300270652058793832,0.7961,11944,12936,4460,615,43,2,0,0.17066666666666666,0.022,0.0015,649,45,0.0649,0.0045,1.4435,592,5077,3682,604,43,2,0,15.8497,0.7462,0,0,b93e58a935b988255dc4f31b0db4d95a7e8cec9f294b7758bb995e3c9629355f,0.8,NOT READ / NOT USED
1245,1048,uniform_3_lists_37_candidates_frozen_portfolio_rule,10000,30000,2026100904,6730905142511214757,0.7948333333333333,12135,12643,4508,671,42,1,0,0.17406666666666668,0.0238,0.0014333333333333333,706,43,0.0706,0.0043,1.4504,629,4988,3677,663,42,1,0,15.8341,0.7521666666666667,0,0,803477f95e2ecc85e35f165e009c86838e78e1c9a27165f683ff6798ab1d7726,0.8,NOT READ / NOT USED
1245,1049,uniform_3_lists_37_candidates_frozen_portfolio_rule,10000,30000,2026100904,6330825055666385530,0.7982,12094,12632,4545,692,37,0,0,0.1758,0.0243,0.0012333333333333332,709,37,0.0709,0.0037,1.4593,597,4959,3735,672,37,0,0,15.8581,0.7419333333333333,0,0,7e213df4dc40fe31d8c72fd5267378f405d78777ef0ae3accbb5c820c4137d88,0.8,NOT READ / NOT USED
1245,1050,uniform_3_lists_37_candidates_frozen_portfolio_rule,10000,30000,2026100904,5445339945006777073,0.7961666666666667,12049,12783,4451,668,49,0,0,0.17226666666666668,0.0239,0.0016333333333333334,704,49,0.0704,0.0049,1.4498,610,5035,3651,655,49,0,0,15.8403,0.7485,0,0,fdc217c4102722844a66a4a4003928d19a12bd2c0e837420252ae031236e6366,0.8,NOT READ / NOT USED
1245,1051,uniform_3_lists_37_candidates_frozen_portfolio_rule,10000,30000,2026100904,14155806707610516677,0.7995,11990,12749,4573,663,24,1,0,0.17536666666666667,0.022933333333333333,0.0008333333333333334,679,25,0.0679,0.0025,1.4529,636,4904,3781,654,24,1,0,15.8517,0.7452333333333333,0,0,8ac35f74c451e66102dbd35ff82a1e8c9c1bd497e96f800b0e5b76bd5fbcc635,0.8,NOT READ / NOT USED
1245,1052,uniform_3_lists_37_candidates_frozen_portfolio_rule,10000,30000,2026100904,9870817130337987712,0.8000333333333334,11983,12749,4586,649,32,1,0,0.1756,0.022733333333333335,0.0011,674,33,0.0674,0.0033,1.4561,598,4951,3777,641,32,1,0,15.8737,0.7358666666666667,0,0,33e0f60960d9ab6dfcb4ed388404841e3973c935c239094b529ebaf23dcbcead,0.8,NOT READ / NOT USED
1245,1053,uniform_3_lists_37_candidates_frozen_portfolio_rule,10000,30000,2026100904,9428944754648886843,0.7997333333333333,11998,12747,4561,653,41,0,0,0.17516666666666666,0.023133333333333332,0.0013666666666666666,688,41,0.0688,0.0041,1.4572,598,4961,3753,647,41,0,0,15.8456,0.7479333333333333,0,0,3016d355bb85cc03326f648976a063fb47c10b86825b06e8f870019f4663ce10,0.8,NOT READ / NOT USED
1245,1054,uniform_3_lists_37_candidates_frozen_portfolio_rule,10000,30000,2026100904,8419563305702684291,0.8051666666666667,11892,12834,4533,711,28,2,0,0.1758,0.0247,0.001,720,30,0.072,0.003,1.4609,586,4971,3723,690,28,2,0,15.8526,0.7446666666666667,0,0,2bad50570bbcceb389bf8bce7d771fc9b975ee0b4a317f6266d9506e73d48e00,0.8,NOT READ / NOT USED
1245,1055,uniform_3_lists_37_candidates_frozen_portfolio_rule,10000,30000,2026100904,2737291411911648468,0.7992,12033,12738,4493,692,44,0,0,0.1743,0.024533333333333334,0.0014666666666666667,716,44,0.0716,0.0044,1.4568,613,4966,3705,672,44,0,0,15.843,0.7469666666666667,0,0,a644efc93b4b58d39b24200601908ce440dc07e46c31fe81617653c1832efb0f,0.8,NOT READ / NOT USED
1245,1056,uniform_3_lists_37_candidates_frozen_portfolio_rule,10000,30000,2026100904,1242857198107080992,0.8016333333333333,12042,12661,4555,690,52,0,0,0.17656666666666668,0.024733333333333333,0.0017333333333333333,732,52,0.0732,0.0052,1.4673,587,4937,3744,680,52,0,0,15.8439,0.7471,0,0,f4495bddd5dddb72a1e762dd2740ccb996100acb75f0e52528deec1552ada5c2,0.8,NOT READ / NOT USED
1245,1057,uniform_3_lists_37_candidates_frozen_portfolio_rule,10000,30000,2026100904,17123774342191365710,0.7967666666666666,12025,12781,4505,647,39,3,0,0.17313333333333333,0.022966666666666666,0.0014,676,42,0.0676,0.0042,1.4471,633,4984,3707,634,39,3,0,15.8565,0.7413666666666666,0,0,42e5529c8f6dd035b4134607d1fab96064b5dc69ec276653151cadcda63b86a9,0.8,NOT READ / NOT USED
1245,1058,uniform_3_lists_37_candidates_frozen_portfolio_rule,10000,30000,2026100904,3099848815088437612,0.7995333333333333,11974,12785,4559,645,37,0,0,0.1747,0.022733333333333335,0.0012333333333333332,665,37,0.0665,0.0037,1.4505,583,5031,3721,628,37,0,0,15.8434,0.7464666666666666,0,0,87dbae3c1a4cd4d905b316d6499025bafd27e577fd4ee0d263251d34fab9d7c6,0.8,NOT READ / NOT USED
1245,1059,uniform_3_lists_37_candidates_frozen_portfolio_rule,10000,30000,2026100904,1241036647371159154,0.8015333333333333,11945,12771,4616,630,37,1,0,0.17613333333333334,0.022266666666666667,0.0012666666666666666,655,38,0.0655,0.0038,1.4492,625,4952,3768,617,37,1,0,15.8442,0.7485,0,0,87fcd4bf1b8fb7c1978cb318a1eba05025989a2684069fe37c8648c831e06a3a,0.8,NOT READ / NOT USED
1245,1060,uniform_3_lists_37_candidates_frozen_portfolio_rule,10000,30000,2026100904,17762864794817676447,0.8063,11955,12700,4596,699,50,0,0,0.17816666666666667,0.024966666666666668,0.0016666666666666668,733,50,0.0733,0.005,1.4609,641,4892,3734,683,50,0,0,15.844,0.7480333333333333,0,0,b803b6769a451d0a0713336dfbb266dab96dadb4f5e728683dd46b7f59c81ae3,0.8,NOT READ / NOT USED
1245,1061,uniform_3_lists_37_candidates_frozen_portfolio_rule,10000,30000,2026100904,8917721540466927731,0.8005,12022,12701,4570,657,47,3,0,0.1759,0.023566666666666666,0.0016666666666666668,696,50,0.0696,0.005,1.4578,616,4939,3749,646,47,3,0,15.8465,0.7476333333333334,0,0,66740064d7334c572fd115b212aaa0756d63b40b58491c6798353a349526d9ce,0.8,NOT READ / NOT USED
1245,1062,uniform_3_lists_37_candidates_frozen_portfolio_rule,10000,30000,2026100904,5077490881711159109,0.8050666666666667,11950,12740,4565,698,47,0,0,0.177,0.024833333333333332,0.0015666666666666667,730,47,0.073,0.0047,1.4645,577,4978,3715,683,47,0,0,15.837,0.7490333333333333,0,0,6c3bd7f37ba1ef9e825d7b2c93af845f0f23dbc5280e26a8fc94127d01c25adc,0.8,NOT READ / NOT USED
1245,1063,uniform_3_lists_37_candidates_frozen_portfolio_rule,10000,30000,2026100904,14743677563769531081,0.8022,12007,12705,4554,684,49,1,0,0.17626666666666665,0.024466666666666668,0.0016666666666666668,713,49,0.0713,0.0049,1.4586,613,4951,3723,664,48,1,0,15.8462,0.7458,0,0,822eb40581026ad9f4eaf9e8a96cba7b07d8a69e689277bf42026320df7504f3,0.8,NOT READ / NOT USED
1245,1064,uniform_3_lists_37_candidates_frozen_portfolio_rule,10000,30000,2026100904,6632537360942725556,0.7980333333333334,12041,12751,4481,681,45,1,0,0.1736,0.024233333333333332,0.0015333333333333334,707,46,0.0707,0.0046,1.4479,636,5003,3654,661,45,1,0,15.8545,0.7417666666666667,0,0,b2d98c1ebaa33716dfc4fe2f58aaa638b52789c0e7555b53fdf87a8360a56de5,0.8,NOT READ / NOT USED
1245,1065,uniform_3_lists_37_candidates_frozen_portfolio_rule,10000,30000,2026100904,14358439948127891855,0.8023,11993,12733,4515,730,29,0,0,0.1758,0.0253,0.0009666666666666667,747,29,0.0747,0.0029,1.4579,625,4947,3681,718,29,0,0,15.8549,0.7444666666666667,0,0,220e33d87ded2ab354501d949895425fd148e7ad55954d9f068fa3f6a36d25da,0.8,NOT READ / NOT USED
1245,1066,uniform_3_lists_37_candidates_frozen_portfolio_rule,10000,30000,2026100904,1602299746514349451,0.7969666666666667,12087,12686,4494,699,32,2,0,0.17423333333333332,0.024433333333333335,0.0011333333333333334,710,34,0.071,0.0034,1.4586,555,5050,3685,676,32,2,0,15.8582,0.7418333333333333,0,0,8f1194a910c4cf350fe20d2a364b64d8b60cc7ae0d9d8a515e137a0083291c2e,0.8,NOT READ / NOT USED
1245,1067,uniform_3_lists_37_candidates_frozen_portfolio_rule,10000,30000,2026100904,9373581187599283289,0.8008333333333333,11970,12788,4544,645,51,2,0,0.17473333333333332,0.023266666666666668,0.0017666666666666666,680,53,0.068,0.0053,1.4527,622,4964,3734,627,51,2,0,15.8519,0.7441666666666666,0,0,20e6e04ae6d52190701d6a1a9bbe06795db6607b19103a00336a80448217918d,0.8,NOT READ / NOT USED
1245,1068,uniform_3_lists_37_candidates_frozen_portfolio_rule,10000,30000,2026100904,7731641924873146910,0.7967333333333333,12102,12696,4444,714,44,0,0,0.1734,0.025266666666666666,0.0014666666666666667,743,44,0.0743,0.0044,1.4523,638,4988,3631,699,44,0,0,15.8609,0.743,0,0,b229b198e7db6d20da7c46e92e7153a5531ee05f4d1d0297503fa605ca71d062,0.8,NOT READ / NOT USED
1245,1069,uniform_3_lists_37_candidates_frozen_portfolio_rule,10000,30000,2026100904,18388275575077419705,0.7958333333333333,12107,12614,4609,639,29,2,0,0.17596666666666666,0.022333333333333334,0.0010333333333333334,655,31,0.0655,0.0031,1.4535,603,4947,3795,624,29,2,0,15.8331,0.7511666666666666,0,0,1ac5200241dcfbbda33d9dadbe57d17a89f14bba6bf8bd20ff6407d71e0f913b,0.8,NOT READ / NOT USED
1245,1070,uniform_3_lists_37_candidates_frozen_portfolio_rule,10000,30000,2026100904,8598249786895466453,0.7910333333333334,12126,12730,4470,635,39,0,0,0.17146666666666666,0.022466666666666666,0.0013,658,39,0.0658,0.0039,1.4398,632,5035,3675,619,39,0,0,15.8354,0.7494,0,0,a1498462e388b46c6047401ed502a5a37d8bac2857f19b958ef7930e3e769459,0.8,NOT READ / NOT USED
1245,1071,uniform_3_lists_37_candidates_frozen_portfolio_rule,10000,30000,2026100904,4102501026973614555,0.8018333333333333,11970,12818,4448,717,45,2,0,0.17373333333333332,0.025466666666666665,0.0015666666666666667,747,47,0.0747,0.0047,1.4583,606,5001,3646,700,45,2,0,15.8654,0.7390666666666666,0,0,16d5daedc279e7c601f7388d4605d1d10ebec3d09ecfc3122402bae586bccadf,0.8,NOT READ / NOT USED
1245,1072,uniform_3_lists_37_candidates_frozen_portfolio_rule,10000,30000,2026100904,14181364913984949234,0.7948666666666667,12081,12788,4386,694,51,0,0,0.17103333333333334,0.024833333333333332,0.0017,728,51,0.0728,0.0051,1.4439,640,5060,3572,677,51,0,0,15.8589,0.7412,0,0,4c487f0687075ac2276f82e30148e51930c9fb6b853ba15085e2e36582ba145e,0.8,NOT READ / NOT USED
1245,1073,uniform_3_lists_37_candidates_frozen_portfolio_rule,10000,30000,2026100904,4263471670964153031,0.8042666666666667,11923,12768,4613,651,44,1,0,0.17696666666666666,0.0232,0.0015,682,45,0.0682,0.0045,1.4564,611,4942,3765,637,44,1,0,15.8619,0.7397,0,0,854efdcd19f6887029c98147c4fd35d42ee7131057cf49f3b131b6f7983f8da8,0.8,NOT READ / NOT USED
1245,1074,uniform_3_lists_37_candidates_frozen_portfolio_rule,10000,30000,2026100904,14060788803665079523,0.7979666666666667,12081,12651,4554,677,36,1,0,0.1756,0.0238,0.0012333333333333332,697,37,0.0697,0.0037,1.4548,590,5007,3706,660,36,1,0,15.8613,0.7400666666666667,0,0,f0a7da3b32b2626b39c7205489f1b7aa6450466ae0ac176e7d536349370b2ecb,0.8,NOT READ / NOT USED
1245,1075,uniform_3_lists_37_candidates_frozen_portfolio_rule,10000,30000,2026100904,5277146621034210371,0.8054333333333333,11916,12791,4558,686,47,2,0,0.17643333333333333,0.0245,0.0016333333333333334,710,49,0.071,0.0049,1.4592,593,4983,3714,661,47,2,0,15.8648,0.7392333333333333,0,0,bd036a3f76943025004fffc3eb7b253b33f1026d39afdb5b08f6a557a868f0b4,0.8,NOT READ / NOT USED
1245,1076,uniform_3_lists_37_candidates_frozen_portfolio_rule,10000,30000,2026100904,15944791513375331678,0.7971,12102,12623,4576,658,41,0,0,0.17583333333333334,0.0233,0.0013666666666666666,683,40,0.0683,0.004,1.4459,659,4946,3712,643,40,0,0,15.8439,0.7473333333333333,0,0,71c743e7a865644cf9e2aad1960c1545466a4d77880fb8a3a49fcace763980d3,0.8,NOT READ / NOT USED
1245,1077,uniform_3_lists_37_candidates_frozen_portfolio_rule,10000,30000,2026100904,4556182376549921181,0.8019333333333334,11990,12720,4578,667,44,1,0,0.17633333333333334,0.023733333333333332,0.0015,697,45,0.0697,0.0045,1.4492,682,4887,3734,652,44,1,0,15.8458,0.7462333333333333,0,0,023e574662ae38ec59923ace472f2e447537b841b111f6ea22dacf42f5d8f1fe,0.8,NOT READ / NOT USED
1245,1078,uniform_3_lists_37_candidates_frozen_portfolio_rule,10000,30000,2026100904,11141755638597313585,0.7981,12054,12745,4453,701,46,1,0,0.17336666666666667,0.02493333333333333,0.0015666666666666667,730,47,0.073,0.0047,1.4499,641,4997,3632,683,46,1,0,15.8504,0.7457,0,0,e760728c2a7d56e597c43839bc5fd40a7417a6f703b23e80783e9cc7b43b417a,0.8,NOT READ / NOT USED
1245,1079,uniform_3_lists_37_candidates_frozen_portfolio_rule,10000,30000,2026100904,6333843394474963928,0.7943,12066,12785,4448,657,43,1,0,0.17163333333333333,0.023366666666666668,0.0014666666666666667,685,44,0.0685,0.0044,1.4329,665,5071,3579,641,43,1,0,15.8452,0.7477,0,0,b350c69bd5741b9268980243bf7f0e343b00cbd35754f76b3c988216c16bdebe,0.8,NOT READ / NOT USED
1245,1080,uniform_3_lists_37_candidates_frozen_portfolio_rule,10000,30000,2026100904,4894893008603160902,0.8040666666666667,11960,12708,4618,679,34,1,0,0.17773333333333333,0.0238,0.0011666666666666668,704,35,0.0704,0.0035,1.4554,584,5018,3694,669,34,1,0,15.8664,0.7384666666666667,0,0,795acaedf63b4604b6c42d15f5f5b76bb2765eac83f38f96fbc993fc4e97af3e,0.8,NOT READ / NOT USED
1245,1081,uniform_3_lists_37_candidates_frozen_portfolio_rule,10000,30000,2026100904,10584865422830235042,0.7946,12072,12777,4448,648,54,1,0,0.1717,0.023433333333333334,0.0018333333333333333,687,55,0.0687,0.0055,1.4459,631,5022,3660,632,54,1,0,15.8222,0.7552666666666666,0,0,2f8ae2c699096d72657eb7dd8bff4a99ae1db3b75ee1fac0dc21058e904b1c8e,0.8,NOT READ / NOT USED
1245,1082,uniform_3_lists_37_candidates_frozen_portfolio_rule,10000,30000,2026100904,12745750212705706055,0.8043,11928,12798,4536,695,41,2,0,0.1758,0.0246,0.0014333333333333333,721,43,0.0721,0.0043,1.4555,618,4975,3686,678,41,2,0,15.8483,0.7462666666666666,0,0,4c57405ff41eaae8899f49d0a45dcc4f37f4b1d5a5633e4cbaa44a62d0df8c72,0.8,NOT READ / NOT USED
1245,1083,uniform_3_lists_37_candidates_frozen_portfolio_rule,10000,30000,2026100904,6584640128439607244,0.8037,11868,12861,4605,624,42,0,0,0.1757,0.0222,0.0014,655,42,0.0655,0.0042,1.4525,592,4988,3765,613,42,0,0,15.8483,0.7457666666666667,0,0,f0ae0c72ab383bbce7f80aebfa6b4af6e0a9d3aa9b8318d6fa2f2e54230c5d50,0.8,NOT READ / NOT USED
1245,1084,uniform_3_lists_37_candidates_frozen_portfolio_rule,10000,30000,2026100904,17649742211407358323,0.8097,11923,12683,4625,718,51,0,0,0.1798,0.025633333333333334,0.0017,753,51,0.0753,0.0051,1.4658,626,4894,3727,702,51,0,0,15.8151,0.7573666666666666,0,0,a873bf168696c6bb7713867a9194560b59548c48f8199df9468d2c56f0b77afa,0.8,NOT READ / NOT USED
1245,1085,uniform_3_lists_37_candidates_frozen_portfolio_rule,10000,30000,2026100904,6280219876268644992,0.7997333333333333,12010,12775,4466,711,38,0,0,0.17383333333333334,0.024966666666666668,0.0012666666666666666,734,38,0.0734,0.0038,1.456,614,4984,3668,696,38,0,0,15.8397,0.7486,0,0,1f087b9df7dc5136484648a8a3e5804b381f3390285fe93a20c52805fa564073,0.8,NOT READ / NOT USED
1245,1086,uniform_3_lists_37_candidates_frozen_portfolio_rule,10000,30000,2026100904,11437026800976113378,0.7981,12044,12732,4502,683,37,2,0,0.17413333333333333,0.024066666666666667,0.0013,705,39,0.0705,0.0039,1.4495,639,4973,3683,666,37,2,0,15.8501,0.7443333333333333,0,0,2bfc6e9f6130098a4627a56b208d43913e687e8bdb85f8246967fd0cbe6a185e,0.8,NOT READ / NOT USED
1245,1087,uniform_3_lists_37_candidates_frozen_portfolio_rule,10000,30000,2026100904,8672532143856616704,0.8002666666666667,12041,12674,4569,668,48,0,0,0.17616666666666667,0.023866666666666668,0.0016,707,48,0.0707,0.0048,1.4604,610,4931,3752,659,48,0,0,15.8484,0.7464666666666666,0,0,0e8b06adbfeb4e337c3f2f760334b4c67d0e27c42bc27f57bfb61dfbf086162f,0.8,NOT READ / NOT USED
1245,1088,uniform_3_lists_37_candidates_frozen_portfolio_rule,10000,30000,2026100904,13133088907513048129,0.8057333333333333,11794,12979,4531,654,41,1,0,0.17423333333333332,0.0232,0.0014,681,42,0.0681,0.0042,1.4551,562,5049,3708,639,41,1,0,15.8484,0.7469,0,0,8503ddbf2b88c8437ad72a50a6c65a81a81fc913033e85668ffed213c51d8822,0.8,NOT READ / NOT USED
1245,1089,uniform_3_lists_37_candidates_frozen_portfolio_rule,10000,30000,2026100904,323432451753531578,0.8062333333333334,11900,12765,4617,685,32,1,0,0.17783333333333334,0.023933333333333334,0.0011,700,33,0.07,0.0033,1.4629,605,4895,3800,667,32,1,0,15.8584,0.7437,0,0,9b0e6335d3e33cb97ee685b921ddba50472ac2deab180a8e4f22d1e7365b2499,0.8,NOT READ / NOT USED
1245,1090,uniform_3_lists_37_candidates_frozen_portfolio_rule,10000,30000,2026100904,7341539731646976893,0.7961666666666667,12107,12690,4463,691,49,0,0,0.17343333333333333,0.024666666666666667,0.0016333333333333334,730,49,0.073,0.0049,1.457,601,5007,3662,681,49,0,0,15.8583,0.7422,0,0,2fd32d603bce713e041de3fbab832b284b9aae3e15699fa0556b4fdce8a7814d,0.8,NOT READ / NOT USED
1245,1091,uniform_3_lists_37_candidates_frozen_portfolio_rule,10000,30000,2026100904,10671316443152142455,0.8006666666666666,12004,12736,4543,672,43,2,0,0.17533333333333334,0.0239,0.0015,700,45,0.07,0.0045,1.4539,611,4986,3703,655,43,2,0,15.8553,0.7437666666666667,0,0,ddda50798e59fe9dc3baa438eb9a7cf1444d6b8701276120e5d4b343b3f10274,0.8,NOT READ / NOT USED
1245,1092,uniform_3_lists_37_candidates_frozen_portfolio_rule,10000,30000,2026100904,8837892414163132385,0.7961,12154,12579,4533,698,36,0,0,0.17556666666666668,0.024466666666666668,0.0012,721,36,0.0721,0.0036,1.4563,623,4948,3708,685,36,0,0,15.8506,0.7439666666666667,0,0,d8a10439d2c366c3fe271cc347782ac81ef2f3803dd5320437acee072b2e5a5d,0.8,NOT READ / NOT USED
1245,1093,uniform_3_lists_37_candidates_frozen_portfolio_rule,10000,30000,2026100904,10583928053703442819,0.7977,12080,12677,4518,683,41,1,0,0.17476666666666665,0.024166666666666666,0.0014,702,42,0.0702,0.0042,1.4558,630,4927,3741,660,41,1,0,15.8726,0.7365333333333334,0,0,361370e33886d9fee7710efa63edee5bd0e35ee8a127e4e1fad0861c61b3cc1d,0.8,NOT READ / NOT USED
1245,1094,uniform_3_lists_37_candidates_frozen_portfolio_rule,10000,30000,2026100904,6659858246767029915,0.8009,12026,12705,4533,688,48,0,0,0.17563333333333334,0.024533333333333334,0.0016,720,48,0.072,0.0048,1.4581,627,4933,3720,672,48,0,0,15.8645,0.7402333333333333,0,0,4784e6020a004794f4f05171f8ef9cad4f5f7888b9962a9812d926aec3bbe441,0.8,NOT READ / NOT USED
1245,1095,uniform_3_lists_37_candidates_frozen_portfolio_rule,10000,30000,2026100904,17840851658600771011,0.7980666666666667,12056,12751,4437,708,47,1,0,0.1731,0.0252,0.0016,739,48,0.0739,0.0048,1.4518,627,5016,3618,691,47,1,0,15.849,0.7458333333333333,0,0,873a61cc83fdbd9895a209ec5357ca5993194e7c01dc3561f0c80998882b11b4,0.8,NOT READ / NOT USED
1245,1096,uniform_3_lists_37_candidates_frozen_portfolio_rule,10000,30000,2026100904,1229384241558987197,0.8004333333333333,12039,12677,4563,676,43,2,0,0.17613333333333334,0.024033333333333334,0.0015,702,45,0.0702,0.0045,1.4533,660,4896,3742,657,43,2,0,15.8489,0.7471,0,0,9ba63e5ffac8f7f1346d6555ccc33a73b1bdc8530cc6d0c149182585b597bee0,0.8,NOT READ / NOT USED
1245,1097,uniform_3_lists_37_candidates_frozen_portfolio_rule,10000,30000,2026100904,13019025160317984947,0.8032666666666667,11965,12732,4583,681,38,1,0,0.17676666666666666,0.024,0.0013,711,39,0.0711,0.0039,1.4589,596,4970,3723,672,38,1,0,15.8593,0.7422,0,0,a6fd435fe44575b0cd1d5947eaf093db10db813f88ebe9b7727bb23caf6aa174,0.8,NOT READ / NOT USED
1245,1098,uniform_3_lists_37_candidates_frozen_portfolio_rule,10000,30000,2026100904,9749037327758038851,0.8078,11958,12647,4641,712,41,1,0,0.17983333333333335,0.025133333333333334,0.0014,739,42,0.0739,0.0042,1.4732,576,4898,3787,697,41,1,0,15.8516,0.7454,0,0,6678197780b040fd4757d2509681aa15f2e08bfab6d01352003eb72bddecc364,0.8,NOT READ / NOT USED
1245,1099,uniform_3_lists_37_candidates_frozen_portfolio_rule,10000,30000,2026100904,13364107379043683568,0.7971,12083,12652,4570,659,36,0,0,0.1755,0.023166666666666665,0.0012,682,36,0.0682,0.0036,1.4519,629,4941,3748,646,36,0,0,15.8587,0.7407,0,0,63a5e9ed1439a6182b0a58be923164dc5c03889a57055ad308a30bcc4071c5ae,0.8,NOT READ / NOT USED
1245,1100,uniform_3_lists_37_candidates_frozen_portfolio_rule,10000,30000,2026100904,9807982873591881928,0.7991,12055,12707,4493,701,43,1,0,0.1746,0.024833333333333332,0.0014666666666666667,734,44,0.0734,0.0044,1.456,633,4953,3680,690,43,1,0,15.842,0.7482333333333333,0,0,aca8a3b93630409cc875427878795221c8194843fc3a357f492d250bfa81d76d,0.8,NOT READ / NOT USED
1245,1101,uniform_3_lists_37_candidates_frozen_portfolio_rule,10000,30000,2026100904,514734850964006577,0.7953333333333333,12084,12701,4534,634,46,1,0,0.17383333333333334,0.0227,0.0015666666666666667,658,47,0.0658,0.0047,1.4431,632,5011,3699,611,46,1,0,15.8403,0.7478666666666667,0,0,cbead4f206abc3681a5044357a016a0ce6935e9145469281c476880a5562b03c,0.8,NOT READ / NOT USED
1245,1102,uniform_3_lists_37_candidates_frozen_portfolio_rule,10000,30000,2026100904,18253547954743072828,0.7936333333333333,12104,12715,4490,651,39,1,0,0.1727,0.023033333333333333,0.0013333333333333333,677,40,0.0677,0.004,1.4402,671,4974,3678,637,39,1,0,15.8487,0.7461666666666666,0,0,e90f18488eb3e5b6f9473ec128fbb7a72935dfae4c86e1930b261c9c24a4c9d2,0.8,NOT READ / NOT USED
1245,1103,uniform_3_lists_37_candidates_frozen_portfolio_rule,10000,30000,2026100904,4229074110831140066,0.8050333333333334,11890,12863,4489,723,34,1,0,0.1749,0.025266666666666666,0.0011666666666666668,744,35,0.0744,0.0035,1.4625,608,4939,3709,709,34,1,0,15.8487,0.7467333333333334,0,0,ee09fa877fb5d812e12fc47e6830a67b763c735eabeda9166e3cd99c2d8b6b30,0.8,NOT READ / NOT USED
1245,1104,uniform_3_lists_37_candidates_frozen_portfolio_rule,10000,30000,2026100904,2891045942706516993,0.7991,12044,12680,4579,654,42,1,0,0.17586666666666667,0.023233333333333335,0.0014333333333333333,687,43,0.0687,0.0043,1.446,659,4953,3701,644,42,1,0,15.844,0.7469333333333333,0,0,5cc7504585bcd01423235dd08739ebfd5424688f88587db3c6202aa4d73e51d1,0.8,NOT READ / NOT USED
1245,1105,uniform_3_lists_37_candidates_frozen_portfolio_rule,10000,30000,2026100904,12730571705012811756,0.7903666666666667,12196,12646,4455,658,44,1,0,0.17193333333333333,0.023433333333333334,0.0015,687,45,0.0687,0.0045,1.4399,653,5028,3632,642,44,1,0,15.8431,0.7463333333333333,0,0,402d14786d02f4676b6feaad6782c9aba9a3158b3dbd5e91942fbaac9cecfcfb,0.8,NOT READ / NOT USED
1245,1106,uniform_3_lists_37_candidates_frozen_portfolio_rule,10000,30000,2026100904,5436120251964525490,0.8008666666666666,11964,12795,4536,662,42,1,0,0.1747,0.0235,0.0014333333333333333,693,43,0.0693,0.0043,1.4579,574,5010,3723,650,42,1,0,15.8694,0.7384333333333334,0,0,cf9be96c007bc74e3ca6dc3379fd14341d4618ffb60199655ae90b4e1e5d84b3,0.8,NOT READ / NOT USED
1245,1107,uniform_3_lists_37_candidates_frozen_portfolio_rule,10000,30000,2026100904,2650550559679411041,0.8011666666666667,12051,12635,4590,676,48,0,0,0.17713333333333334,0.024133333333333333,0.0016,710,48,0.071,0.0048,1.4598,611,4938,3741,662,48,0,0,15.866,0.7384333333333334,0,0,5542cfec3a86458af5f2c1ca12c6babd8b46ec1a92c319617b3249aa35d0794b,0.8,NOT READ / NOT USED
1245,1108,uniform_3_lists_37_candidates_frozen_portfolio_rule,10000,30000,2026100904,16771628536168715962,0.8038666666666666,11991,12674,4608,682,45,0,0,0.17783333333333334,0.024233333333333332,0.0015,716,45,0.0716,0.0045,1.4628,606,4921,3757,671,45,0,0,15.8731,0.7378,0,0,76599e5ea3f37afa47c924fd734177c19669179e950e97a35f6430ba360e3e4a,0.8,NOT READ / NOT USED
1245,1109,uniform_3_lists_37_candidates_frozen_portfolio_rule,10000,30000,2026100904,12826301177371186651,0.7974333333333333,11992,12820,4506,638,43,1,0,0.17293333333333333,0.022733333333333335,0.0014666666666666667,662,44,0.0662,0.0044,1.4455,595,5062,3681,618,43,1,0,15.8522,0.7447333333333334,0,0,35dc09754fd9ed86c428e3541cb6faf5f5b07408c8f25fca70dbe7ee4e204b6e,0.8,NOT READ / NOT USED
1245,1110,uniform_3_lists_37_candidates_frozen_portfolio_rule,10000,30000,2026100904,8730252267962037414,0.8035666666666667,11964,12713,4606,686,31,0,0,0.17743333333333333,0.0239,0.0010333333333333334,700,31,0.07,0.0031,1.4592,603,4933,3764,669,31,0,0,15.8689,0.7383,0,0,1a261fb73cdbe8c594ac95e30b1944190f36ec72add5bd5010e32c01c2087c9e,0.8,NOT READ / NOT USED
1245,1111,uniform_3_lists_37_candidates_frozen_portfolio_rule,10000,30000,2026100904,13373514157211614467,0.7961333333333334,11989,12843,4510,613,43,2,0,0.17226666666666668,0.021933333333333332,0.0015,646,45,0.0646,0.0045,1.4447,619,5008,3727,601,43,2,0,15.8632,0.7419666666666667,0,0,0c1d1bea24236972c566f944fa11d1120112ffd42c1904c3c5dc7d3421f84a8a,0.8,NOT READ / NOT USED
1245,1112,uniform_3_lists_37_candidates_frozen_portfolio_rule,10000,30000,2026100904,7675491088480992768,0.7945,12086,12746,4455,674,38,1,0,0.17226666666666668,0.023766666666666665,0.0013,699,39,0.0699,0.0039,1.4495,601,5042,3658,660,38,1,0,15.8498,0.7453,0,0,c97ef0435e4c4cd31b273c4492d6caa966aefbcc7f62f22a24586dc983eec638,0.8,NOT READ / NOT USED
1245,1113,uniform_3_lists_37_candidates_frozen_portfolio_rule,10000,30000,2026100904,10392476446569164652,0.809,11915,12707,4626,697,55,0,0,0.17926666666666666,0.025066666666666668,0.0018333333333333333,732,55,0.0732,0.0055,1.4638,607,4935,3726,677,55,0,0,15.8579,0.7427666666666667,0,0,5a22dcef61b31064ff76dd31ab7b7eaae90857e9260f3b7af5eba509c7d71b26,0.8,NOT READ / NOT USED
1245,1114,uniform_3_lists_37_candidates_frozen_portfolio_rule,10000,30000,2026100904,18262420308830447205,0.8066,11861,12842,4565,702,30,0,0,0.17656666666666668,0.0244,0.001,719,30,0.0719,0.003,1.4623,566,4994,3721,689,30,0,0,15.8546,0.7433,0,0,1e4d853a12234a2d2b336eaeceb82e3a3a568420d3172f3531d21794cb386def,0.8,NOT READ / NOT USED
1245,1115,uniform_3_lists_37_candidates_frozen_portfolio_rule,10000,30000,2026100904,15880057189927160517,0.7965333333333333,12092,12691,4490,684,42,1,0,0.1739,0.024233333333333332,0.0014333333333333333,718,43,0.0718,0.0043,1.4519,655,4933,3694,675,42,1,0,15.8485,0.7466666666666667,0,0,c403bfe9e49003e9c079090fd38b7a0d99b46598baeb3c1ecfbf4db0003e2c31,0.8,NOT READ / NOT USED
1245,1116,uniform_3_lists_37_candidates_frozen_portfolio_rule,10000,30000,2026100904,13659968582279900851,0.7972333333333333,12172,12536,4541,705,46,0,0,0.1764,0.025033333333333335,0.0015333333333333334,732,46,0.0732,0.0046,1.4595,647,4889,3732,686,46,0,0,15.8443,0.7471333333333333,0,0,60988afb85a721ac9646f15b6878d39efb191fc6b85bde8c6f429dbef91d22f2,0.8,NOT READ / NOT USED
1245,1117,uniform_3_lists_37_candidates_frozen_portfolio_rule,10000,30000,2026100904,4725630313670498573,0.7964666666666667,12064,12741,4478,671,46,0,0,0.17316666666666666,0.0239,0.0015333333333333334,701,46,0.0701,0.0046,1.4466,659,4963,3677,655,46,0,0,15.8378,0.7493,0,0,4a281741e19b0d2c94ca75100088632a73f7f1fca7fb424ceecbe935ebb4d9ed,0.8,NOT READ / NOT USED
1245,1118,uniform_3_lists_37_candidates_frozen_portfolio_rule,10000,30000,2026100904,13908331273890314051,0.801,12006,12726,4540,691,34,3,0,0.1756,0.024266666666666666,0.0012333333333333332,716,37,0.0716,0.0037,1.4543,595,5023,3666,679,34,3,0,15.8545,0.7434333333333333,0,0,4fb3196071c58c5c855fd095d73862d2542ea34fe50a968371c3fd591a4a4c20,0.8,NOT READ / NOT USED
1245,1119,uniform_3_lists_37_candidates_frozen_portfolio_rule,10000,30000,2026100904,14114683122759883297,0.7991666666666667,12082,12611,4595,674,38,0,0,0.1769,0.023733333333333332,0.0012666666666666666,697,38,0.0697,0.0038,1.4562,635,4903,3765,659,38,0,0,15.8737,0.7353333333333333,0,0,4c1951d8e0d3ec444a9495ae3133dc6e29e2df33f9a6c852e2ad69f9f03a27e9,0.8,NOT READ / NOT USED
1245,1120,uniform_3_lists_37_candidates_frozen_portfolio_rule,10000,30000,2026100904,5381181214039112727,0.8060666666666667,11912,12791,4530,737,30,0,0,0.17656666666666668,0.025566666666666668,0.001,754,30,0.0754,0.003,1.4651,612,4909,3725,724,30,0,0,15.858,0.7439,0,0,c44d69918dda4067bf2187f862c8bd4dc5b022c6984988054e669b6cb6d3cd9c,0.8,NOT READ / NOT USED
1245,1121,uniform_3_lists_37_candidates_frozen_portfolio_rule,10000,30000,2026100904,8437105001929006954,0.8031333333333334,11988,12702,4577,695,37,1,0,0.177,0.024433333333333335,0.0012666666666666666,717,38,0.0717,0.0038,1.4606,637,4876,3770,679,37,1,0,15.8469,0.7467333333333334,0,0,3c2819e08f8a4a50eab8c885f1df19c0424abcbe8e734da13c2957e09f09b7e1,0.8,NOT READ / NOT USED
1245,1122,uniform_3_lists_37_candidates_frozen_portfolio_rule,10000,30000,2026100904,16833570628600406368,0.8122333333333334,11837,12758,4645,722,37,1,0,0.18016666666666667,0.025333333333333333,0.0012666666666666666,742,38,0.0742,0.0038,1.4682,595,4909,3754,704,37,1,0,15.8417,0.7481,0,0,adab712e94971762a0274167635988dc80d75df745a3ee2cf4b6c883f3ac23bf,0.8,NOT READ / NOT USED
1245,1123,uniform_3_lists_37_candidates_frozen_portfolio_rule,10000,30000,2026100904,5295640192019937179,0.7992666666666667,12018,12771,4468,701,42,0,0,0.1737,0.024766666666666666,0.0014,731,42,0.0731,0.0042,1.4525,611,5026,3632,689,42,0,0,15.8547,0.7436,0,0,e10b1153b325dac6eb2fc0f45510dbce318e95a5e973f40470f3aaac23d5eda3,0.8,NOT READ / NOT USED
1245,1124,uniform_3_lists_37_candidates_frozen_portfolio_rule,10000,30000,2026100904,14164915980270792610,0.8031333333333334,12017,12691,4528,713,47,4,0,0.1764,0.025466666666666665,0.0017,754,51,0.0754,0.0051,1.4686,581,4961,3704,703,47,4,0,15.8517,0.7427666666666667,0,0,c117bd9303873180cc134728ed82281080c9e8e0959fffddbc0bf43a91e8aaee,0.8,NOT READ / NOT USED
1245,1125,uniform_3_lists_37_candidates_frozen_portfolio_rule,10000,30000,2026100904,12174806901304669705,0.8034333333333333,11982,12658,4666,663,31,0,0,0.17866666666666667,0.023133333333333332,0.0010333333333333334,680,31,0.068,0.0031,1.4585,605,4916,3799,649,31,0,0,15.8428,0.7485,0,0,2471b9dfe51c1e4e784a5546bde8707dc6d2bafd8cf856fb6963ba1fcb575948,0.8,NOT READ / NOT USED
1245,1126,uniform_3_lists_37_candidates_frozen_portfolio_rule,10000,30000,2026100904,1554974105818655058,0.8041,11960,12749,4545,700,46,0,0,0.17636666666666667,0.024866666666666665,0.0015333333333333334,725,46,0.0725,0.0046,1.4583,632,4924,3719,679,46,0,0,15.8279,0.7529,0,0,273f7b7642fa592f93a3dc02eb87e9a937a5dc861ee41e216382745297877e24,0.8,NOT READ / NOT USED
1245,1127,uniform_3_lists_37_candidates_frozen_portfolio_rule,10000,30000,2026100904,5003387317450264806,0.7994,11915,12937,4442,664,41,1,0,0.1716,0.023533333333333333,0.0014,697,42,0.0697,0.0042,1.4477,581,5101,3621,655,41,1,0,15.842,0.7496666666666667,0,0,fc230da97b5c2550956967d2a469cd315422e94d12e2e8e150a398d26e0742a3,0.8,NOT READ / NOT USED
1245,1128,uniform_3_lists_37_candidates_frozen_portfolio_rule,10000,30000,2026100904,1473785859781242269,0.7993,12044,12739,4455,719,42,1,0,0.1739,0.0254,0.0014333333333333333,740,43,0.074,0.0043,1.4539,619,5007,3634,697,42,1,0,15.8334,0.7525666666666667,0,0,07dbdc514b4eec5e26a8c2cc56d0aff496b2939984a12f62025f5e29e4680362,0.8,NOT READ / NOT USED
1245,1129,uniform_3_lists_37_candidates_frozen_portfolio_rule,10000,30000,2026100904,11528004381474339035,0.8011666666666667,12100,12571,4568,717,43,1,0,0.17763333333333334,0.025366666666666666,0.0014666666666666667,738,43,0.0738,0.0043,1.4612,641,4888,3733,695,42,1,0,15.8546,0.7432333333333333,0,0,c629e7d9aafab2f902da6b774f3edf1c8dace91a6e03814a84d953f055f69059,0.8,NOT READ / NOT USED
1245,1130,uniform_3_lists_37_candidates_frozen_portfolio_rule,10000,30000,2026100904,15830064874827759999,0.7965,12007,12819,4487,647,39,1,0,0.17246666666666666,0.0229,0.0013333333333333333,668,40,0.0668,0.004,1.4423,635,5016,3681,628,39,1,0,15.8375,0.7507,0,0,2ee4db23d9ebe116b4a3f85e30f0393b4922494d65a502a0cd317f3aa0caf31a,0.8,NOT READ / NOT USED
1245,1131,uniform_3_lists_37_candidates_frozen_portfolio_rule,10000,30000,2026100904,4602577266507666846,0.7951333333333334,12093,12690,4527,652,36,2,0,0.1739,0.023,0.0012666666666666666,678,38,0.0678,0.0038,1.449,636,4956,3730,640,36,2,0,15.8735,0.7347333333333333,0,0,6f97e2c3acbb7961ee2e0d9157b832befb34512ac7e015d502a13cc1dd6d6ff9,0.8,NOT READ / NOT USED
1245,1132,uniform_3_lists_37_candidates_frozen_portfolio_rule,10000,30000,2026100904,12042288142735458440,0.7982,12095,12596,4608,670,31,0,0,0.17696666666666666,0.023366666666666668,0.0010333333333333334,687,31,0.0687,0.0031,1.4528,642,4906,3765,656,31,0,0,15.8475,0.7457333333333334,0,0,b0ec6bfb95960772b01e5609760386070dd47e8b9de952baf9449146192180ae,0.8,NOT READ / NOT USED
1245,1133,uniform_3_lists_37_candidates_frozen_portfolio_rule,10000,30000,2026100904,3269328335745168488,0.7996,11991,12775,4530,664,39,1,0,0.17446666666666666,0.023466666666666667,0.0013333333333333333,692,40,0.0692,0.004,1.4548,582,5021,3705,652,39,1,0,15.8461,0.7481666666666666,0,0,87d433e3442871044a2df8afe1de93ae1ab4d90a58451412227fb277f15308b3,0.8,NOT READ / NOT USED
1245,1134,uniform_3_lists_37_candidates_frozen_portfolio_rule,10000,30000,2026100904,17526217927996741404,0.8075,11893,12767,4614,677,46,3,0,0.178,0.0242,0.0016333333333333334,714,49,0.0714,0.0049,1.4631,618,4899,3769,665,46,3,0,15.8417,0.7483333333333333,0,0,8c1169785367c21a9761ea892a483c40ab84cb6328b1ab8cd4f896176404e136,0.8,NOT READ / NOT USED
1245,1135,uniform_3_lists_37_candidates_frozen_portfolio_rule,10000,30000,2026100904,16345242853380949468,0.7981666666666667,12081,12687,4478,714,40,0,0,0.1744,0.025133333333333334,0.0013333333333333333,730,39,0.073,0.0039,1.4524,635,4975,3660,691,39,0,0,15.8562,0.7424666666666667,0,0,4421f7029501bf474a390498953a34f9c8f09b72338f9860da22f4af9ea5c689,0.8,NOT READ / NOT USED
1245,1136,uniform_3_lists_37_candidates_frozen_portfolio_rule,10000,30000,2026100904,6285078913250481420,0.7993333333333333,12071,12663,4527,693,46,0,0,0.17553333333333335,0.024633333333333333,0.0015333333333333334,725,46,0.0725,0.0046,1.4484,680,4927,3668,679,46,0,0,15.8321,0.7517,0,0,e97625454c91cb30b2c695eb7d8fe05a8539b12314c483c84c704ba9891317c9,0.8,NOT READ / NOT USED
1245,1137,uniform_3_lists_37_candidates_frozen_portfolio_rule,10000,30000,2026100904,8724943470157133546,0.8062333333333334,11988,12626,4644,696,45,1,0,0.17953333333333332,0.024733333333333333,0.0015333333333333334,738,46,0.0738,0.0046,1.472,571,4923,3768,692,45,1,0,15.8518,0.7439666666666667,0,0,5ba3bfd9755b9bbf3571617a9a4585c595219946d7fb23ee591aae84d9463227,0.8,NOT READ / NOT USED
1245,1138,uniform_3_lists_37_candidates_frozen_portfolio_rule,10000,30000,2026100904,5495820534594570238,0.7965,12010,12834,4456,651,49,0,0,0.17186666666666667,0.023333333333333334,0.0016333333333333334,691,49,0.0691,0.0049,1.4492,616,5016,3677,642,49,0,0,15.859,0.7432666666666666,0,0,09832877320fc9979e439c0609b8c531d5606fe05cc26bb81c8db893850837b4,0.8,NOT READ / NOT USED
1245,1139,uniform_3_lists_37_candidates_frozen_portfolio_rule,10000,30000,2026100904,17982801563216559868,0.7985666666666666,12015,12776,4486,685,36,2,0,0.17363333333333333,0.0241,0.0012666666666666666,702,38,0.0702,0.0038,1.4501,621,4999,3678,664,36,2,0,15.8315,0.7518333333333334,0,0,a58cacc5bdb49125968885d57e003e7183445be82cdaf29bba346a3bf3c7e7a8,0.8,NOT READ / NOT USED
1245,1140,uniform_3_lists_37_candidates_frozen_portfolio_rule,10000,30000,2026100904,1174375103031922340,0.8058333333333333,11921,12780,4554,693,52,0,0,0.17663333333333334,0.024833333333333332,0.0017333333333333333,728,52,0.0728,0.0052,1.4607,621,4931,3720,676,52,0,0,15.853,0.744,0,0,219208137f7c1791471fc3bd4e78a376e19323cf2a6766f679bf0c410dc0b28b,0.8,NOT READ / NOT USED
1245,1141,uniform_3_lists_37_candidates_frozen_portfolio_rule,10000,30000,2026100904,10422996624486987807,0.7989,12046,12687,4565,658,44,0,0,0.17556666666666668,0.0234,0.0014666666666666667,687,44,0.0687,0.0044,1.4548,616,4951,3746,643,44,0,0,15.8538,0.7439333333333333,0,0,0db0a396bdb622175e282a2e62d2d9fb861a0b6fdfedbfaf821c163a18e7a2d2,0.8,NOT READ / NOT USED
1245,1142,uniform_3_lists_37_candidates_frozen_portfolio_rule,10000,30000,2026100904,1999139587792230598,0.7962,12010,12804,4513,637,35,1,0,0.17286666666666667,0.022433333333333333,0.0012,657,36,0.0657,0.0036,1.4465,576,5077,3690,621,35,1,0,15.8579,0.7422666666666666,0,0,9d7cf4a441d3cab6f40db35a43dec913dc38871683af645f8a116765471ac055,0.8,NOT READ / NOT USED
1245,1143,uniform_3_lists_37_candidates_frozen_portfolio_rule,10000,30000,2026100904,6486572118905421360,0.8034666666666667,11996,12699,4551,714,39,1,0,0.17683333333333334,0.025133333333333334,0.0013333333333333333,738,40,0.0738,0.004,1.4651,618,4892,3752,698,39,1,0,15.8456,0.7457666666666667,0,0,3d46f46e4cdac8ad078fb2540c8e5f61db99d6027aad21c16075f3bd859a19e4,0.8,NOT READ / NOT USED
1245,1144,uniform_3_lists_37_candidates_frozen_portfolio_rule,10000,30000,2026100904,12146685581681615439,0.7982,12101,12609,4574,677,37,2,0,0.17633333333333334,0.023866666666666668,0.0013,702,39,0.0702,0.0039,1.4617,594,4938,3766,663,37,2,0,15.851,0.7444333333333333,0,0,e3511840e518744aacb59c1f778c1c9ef57e1322fb697bc0f8743f0c64617b04,0.8,NOT READ / NOT USED
1245,1145,uniform_3_lists_37_candidates_frozen_portfolio_rule,10000,30000,2026100904,12955862411827569521,0.8024,12048,12614,4593,708,37,0,0,0.17793333333333333,0.024833333333333332,0.0012333333333333332,730,37,0.073,0.0037,1.4627,616,4908,3746,693,37,0,0,15.8588,0.7416666666666667,0,0,c964f6ddad639ee9f4663ca1738983bf248f6faa3d203585fbd03cf9712ca13e,0.8,NOT READ / NOT USED
1245,1146,uniform_3_lists_37_candidates_frozen_portfolio_rule,10000,30000,2026100904,15802216859096741536,0.8013333333333333,11986,12708,4629,635,41,1,0,0.17686666666666667,0.022566666666666665,0.0014,661,42,0.0661,0.0042,1.4575,591,4947,3801,619,41,1,0,15.8536,0.7447333333333334,0,0,29ec44c222c7e8da4953af84a22355048b3a118497a783cc6612bbe8e36fea39,0.8,NOT READ / NOT USED
1245,1147,uniform_3_lists_37_candidates_frozen_portfolio_rule,10000,30000,2026100904,7860624472870019364,0.8031,11853,12930,4522,662,32,1,0,0.1739,0.023166666666666665,0.0011,681,33,0.0681,0.0033,1.4453,606,5050,3663,648,32,1,0,15.8541,0.7426666666666667,0,0,ad106baa01779f16a680468652f8ceee700065356bd24ab6bf9c34dcc7c447cb,0.8,NOT READ / NOT USED
1245,1148,uniform_3_lists_37_candidates_frozen_portfolio_rule,10000,30000,2026100904,4249723213478616769,0.7995333333333333,12119,12563,4573,704,40,1,0,0.17726666666666666,0.024833333333333332,0.0013666666666666666,733,41,0.0733,0.0041,1.4609,618,4930,3719,692,40,1,0,15.8328,0.7525,0,0,098abc216d99a38266ffa236a7226852ba0989ea201cf308dd2fb0705b2e24d9,0.8,NOT READ / NOT USED
1245,1149,uniform_3_lists_37_candidates_frozen_portfolio_rule,10000,30000,2026100904,14785229207685323749,0.8056333333333333,11985,12645,4630,696,44,0,0,0.179,0.024666666666666667,0.0014666666666666667,724,44,0.0724,0.0044,1.4651,600,4917,3759,680,44,0,0,15.8589,0.7421333333333333,0,0,e9502869f5da246464917c5d6959a1013491a59898347ae9e547680335fe4b63,0.8,NOT READ / NOT USED
1245,1150,uniform_3_lists_37_candidates_frozen_portfolio_rule,10000,30000,2026100904,17125406509608544850,0.7977333333333333,12065,12680,4545,678,32,0,0,0.17516666666666666,0.023666666666666666,0.0010666666666666667,698,32,0.0698,0.0032,1.4532,602,4994,3706,666,32,0,0,15.8518,0.7451,0,0,a567585c092161840c8706ca411bf0b160c9d2af61e4b95af027c43571b9f005,0.8,NOT READ / NOT USED
1245,1151,uniform_3_lists_37_candidates_frozen_portfolio_rule,10000,30000,2026100904,15776942494484666934,0.8094333333333333,11845,12793,4635,690,35,2,0,0.17873333333333333,0.024233333333333332,0.0012333333333333332,716,37,0.0716,0.0037,1.4667,552,4984,3748,679,35,2,0,15.8444,0.7463333333333333,0,0,d27c17737348626b4c9f368116ce4c402cf96cd40806680829b99530c771c652,0.8,NOT READ / NOT USED
1245,1152,uniform_3_lists_37_candidates_frozen_portfolio_rule,10000,30000,2026100904,16131302367140370018,0.8033666666666667,11913,12846,4509,691,41,0,0,0.1747,0.0244,0.0013666666666666666,714,41,0.0714,0.0041,1.4528,626,4975,3685,673,41,0,0,15.8346,0.7511666666666666,0,0,5d369302085b7e023c746316ed541393f35097d69a7289531db638d993fd4027,0.8,NOT READ / NOT USED
1245,1153,uniform_3_lists_37_candidates_frozen_portfolio_rule,10000,30000,2026100904,3852297923621037680,0.7918666666666667,12143,12687,4480,651,39,0,0,0.17233333333333334,0.023,0.0013,675,39,0.0675,0.0039,1.447,615,5014,3696,636,39,0,0,15.8553,0.7419,0,0,95ce63b81b8594d02d10acb530e95fc0efa48e072a22d43a767b53fc471ba2c9,0.8,NOT READ / NOT USED
1245,1154,uniform_3_lists_37_candidates_frozen_portfolio_rule,10000,30000,2026100904,13609483645420389974,0.8112,11759,12901,4618,689,33,0,0,0.178,0.024066666666666667,0.0011,711,33,0.0711,0.0033,1.4679,556,4953,3780,678,33,0,0,15.8485,0.7458333333333333,0,0,f3791682a24e0ceb0447531105483657e873acdee42f998c46fa358cc9d1551e,0.8,NOT READ / NOT USED
1245,1155,uniform_3_lists_37_candidates_frozen_portfolio_rule,10000,30000,2026100904,12666320181027088985,0.8051666666666667,11865,12858,4575,663,37,2,0,0.1759,0.0234,0.0013,693,39,0.0693,0.0039,1.4646,583,4922,3802,654,37,2,0,15.8595,0.7431333333333333,0,0,cb130138c0defd619fe8289f6adf7e8680097c91247a7840f14fbacd823c7671,0.8,NOT READ / NOT USED
1245,1156,uniform_3_lists_37_candidates_frozen_portfolio_rule,10000,30000,2026100904,7404808766514908662,0.8041,12037,12617,4578,722,46,0,0,0.1782,0.0256,0.0015333333333333334,755,46,0.0755,0.0046,1.4679,621,4880,3744,709,46,0,0,15.8441,0.7458333333333333,0,0,4a431f598e0661ead99e46f630164051ae2b933943c495fe44eff191d1cf4509,0.8,NOT READ / NOT USED
1245,1157,uniform_3_lists_37_candidates_frozen_portfolio_rule,10000,30000,2026100904,9241403775564493363,0.8021666666666667,11960,12756,4590,648,45,1,0,0.17613333333333334,0.023133333333333332,0.0015333333333333334,682,46,0.0682,0.0046,1.4612,585,4947,3786,636,45,1,0,15.8674,0.7381333333333333,0,0,c65cbe791e0b59367a9efed04183a6afb1e4f9db2d4cf4afd39abd73aad8dc4b,0.8,NOT READ / NOT USED
1245,1158,uniform_3_lists_37_candidates_frozen_portfolio_rule,10000,30000,2026100904,10916897333832578288,0.7979666666666667,11964,12907,4398,689,41,1,0,0.17096666666666666,0.024366666666666665,0.0014,723,42,0.0723,0.0042,1.4445,637,5047,3593,681,41,1,0,15.8459,0.7480666666666667,0,0,75ba997b50409f1cfff33a8ae7d54633542007501eb77185179f4d58587ee042,0.8,NOT READ / NOT USED
1245,1159,uniform_3_lists_37_candidates_frozen_portfolio_rule,10000,30000,2026100904,13744111835481695641,0.7893666666666667,12171,12699,4450,638,42,0,0,0.171,0.02266666666666667,0.0014,667,42,0.0667,0.0042,1.443,623,5033,3677,625,42,0,0,15.8612,0.7411333333333333,0,0,9deda285a219de62eac4027d1a1a218232d6461f4840bfec772ea84f33f07b2a,0.8,NOT READ / NOT USED
1245,1160,uniform_3_lists_37_candidates_frozen_portfolio_rule,10000,30000,2026100904,14707772974185774485,0.7947666666666666,12175,12598,4479,707,39,2,0,0.17423333333333332,0.02493333333333333,0.0013666666666666666,737,41,0.0737,0.0041,1.456,603,5014,3646,696,39,2,0,15.8351,0.7516333333333334,0,0,df14ee9005bd4db0c7bf2e4d8d790d065b6bee9c7977a761cb92cee1b0f82d0f,0.8,NOT READ / NOT USED
1245,1161,uniform_3_lists_37_candidates_frozen_portfolio_rule,10000,30000,2026100904,1329739901654879029,0.7979,12081,12670,4527,676,45,1,0,0.17496666666666666,0.024066666666666667,0.0015333333333333334,706,46,0.0706,0.0046,1.4524,645,4939,3710,660,45,1,0,15.8641,0.7406666666666667,0,0,6ec465d76e7e8e42418a34f836d961f261a9102968bbef0b2c18f01cec56967d,0.8,NOT READ / NOT USED
1245,1162,uniform_3_lists_37_candidates_frozen_portfolio_rule,10000,30000,2026100904,16629636816108452765,0.7949666666666667,12095,12712,4490,657,44,2,0,0.1731,0.023433333333333334,0.0015333333333333334,687,46,0.0687,0.0046,1.4501,632,4970,3711,641,44,2,0,15.8487,0.7477333333333334,0,0,b0c2b351308f08fc4deaf8ffba83b471f3041e3ea6782054d51d9bdcabcf76c5,0.8,NOT READ / NOT USED
1245,1163,uniform_3_lists_37_candidates_frozen_portfolio_rule,10000,30000,2026100904,17735697266933873703,0.802,12013,12709,4527,708,42,1,0,0.17593333333333333,0.025033333333333335,0.0014333333333333333,734,43,0.0734,0.0043,1.4584,625,4944,3697,691,42,1,0,15.8459,0.7459666666666667,0,0,53e32980f64f0b8da45f5f2a38f0ac058dcd1641e95ab969a1f51e486d0a1681,0.8,NOT READ / NOT USED
1245,1164,uniform_3_lists_37_candidates_frozen_portfolio_rule,10000,30000,2026100904,17867601441402030338,0.7912666666666667,12282,12456,4545,676,41,0,0,0.1754,0.0239,0.0013666666666666666,695,41,0.0695,0.0041,1.4505,670,4891,3744,654,41,0,0,15.8458,0.7480666666666667,0,0,37a1602d7db4d679400676852db69440a5bf3840b60ad89efd3620375aa2dde6,0.8,NOT READ / NOT USED
1245,1165,uniform_3_lists_37_candidates_frozen_portfolio_rule,10000,30000,2026100904,15494966143570455792,0.7951,12143,12643,4474,700,38,2,0,0.1738,0.024666666666666667,0.0013333333333333333,721,40,0.0721,0.004,1.4588,596,4983,3700,681,38,2,0,15.8479,0.7461333333333333,0,0,b640395cebe289f4e640ee5c38ed2283ce8e55df6a6d3f03280736ca2d32f621,0.8,NOT READ / NOT USED
1245,1166,uniform_3_lists_37_candidates_frozen_portfolio_rule,10000,30000,2026100904,4618299172290089674,0.8028333333333333,12010,12659,4612,676,41,2,0,0.1777,0.023966666666666667,0.0014333333333333333,700,43,0.07,0.0043,1.4612,632,4869,3799,657,41,2,0,15.8621,0.7411666666666666,0,0,e1a0afe00ae16c12ab48dcbfc8a76189a9b70441888f11190128768386b05b47,0.8,NOT READ / NOT USED
1245,1167,uniform_3_lists_37_candidates_frozen_portfolio_rule,10000,30000,2026100904,577736585196731512,0.8032333333333334,11930,12772,4610,647,41,0,0,0.1766,0.022933333333333333,0.0013666666666666666,668,41,0.0668,0.0041,1.4519,594,5002,3736,627,41,0,0,15.8516,0.7444,0,0,c9a5aae8fc9118d396f5db26931aab5a05d29f5dd9eeab467d3a924f1a13d12a,0.8,NOT READ / NOT USED
1245,1168,uniform_3_lists_37_candidates_frozen_portfolio_rule,10000,30000,2026100904,6773482763608351074,0.8052,11900,12816,4562,672,50,0,0,0.17613333333333334,0.024066666666666667,0.0016666666666666668,706,50,0.0706,0.005,1.4587,603,4963,3728,656,50,0,0,15.8424,0.7501666666666666,0,0,03d9f700be4ee8e1d4c989255a17ebf103421c1d46dd4826713be7481a03cf65,0.8,NOT READ / NOT USED
1245,1169,uniform_3_lists_37_candidates_frozen_portfolio_rule,10000,30000,2026100904,2826103610716970332,0.7973333333333333,12054,12723,4519,657,47,0,0,0.1741,0.023466666666666667,0.0015666666666666667,692,47,0.0692,0.0047,1.4505,632,4970,3706,645,47,0,0,15.8552,0.7438333333333333,0,0,055c42f7b1dd67cfad6326f528d5bb27ea57cc1ddca41d82f2702e88cfd5a5e9,0.8,NOT READ / NOT USED
1245,1170,uniform_3_lists_37_candidates_frozen_portfolio_rule,10000,30000,2026100904,1210892341984450211,0.8022333333333334,11950,12821,4494,684,49,2,0,0.1743,0.0245,0.0017,721,51,0.0721,0.0051,1.4571,603,4997,3679,670,49,2,0,15.8507,0.7452666666666666,0,0,4ed2655fae2d3b306eea264b6c0ab4ee56c3c3a8bc0d276f48628c47c160e46f,0.8,NOT READ / NOT USED
1245,1171,uniform_3_lists_37_candidates_frozen_portfolio_rule,10000,30000,2026100904,16966475352488905340,0.7984333333333333,12032,12788,4428,701,49,2,0,0.17266666666666666,0.025066666666666668,0.0017,738,51,0.0738,0.0051,1.4528,623,5017,3622,687,49,2,0,15.8515,0.7443,0,0,09c3889bae2b4ea90311b7c21f23888c3415295350b0e97ecfe32dde28f438a4,0.8,NOT READ / NOT USED
1245,1172,uniform_3_lists_37_candidates_frozen_portfolio_rule,10000,30000,2026100904,6060993658460304617,0.7998666666666666,12040,12739,4457,713,51,0,0,0.17403333333333335,0.025466666666666665,0.0017,748,51,0.0748,0.0051,1.449,667,4975,3610,697,51,0,0,15.8482,0.7450333333333333,0,0,8a143b00450b179c92d6ae8b3294a9f692a3f7143dbc056d8c96d623486fc2ce,0.8,NOT READ / NOT USED
1245,1173,uniform_3_lists_37_candidates_frozen_portfolio_rule,10000,30000,2026100904,14493081475425312929,0.7971,12174,12504,4599,682,40,1,0,0.1774,0.0241,0.0013666666666666666,706,41,0.0706,0.0041,1.4526,668,4886,3740,665,40,1,0,15.8505,0.7435333333333334,0,0,8fc7092b8349153952e9745a3db8a59a41dc958a7e1f1bd32b5ccb211dbe3cab,0.8,NOT READ / NOT USED
1245,1174,uniform_3_lists_37_candidates_frozen_portfolio_rule,10000,30000,2026100904,7106069720495837320,0.8031333333333334,11971,12746,4546,692,45,0,0,0.1761,0.024566666666666667,0.0015,722,45,0.0722,0.0045,1.4596,617,4937,3724,677,45,0,0,15.8385,0.7511333333333333,0,0,e8e392cc1526cd69ecfb30b54ee94e07db97c14fbf4e15bd47b437d50b8e5a0f,0.8,NOT READ / NOT USED
1245,1175,uniform_3_lists_37_candidates_frozen_portfolio_rule,10000,30000,2026100904,743663430255843150,0.8075666666666667,11820,12859,4632,653,35,1,0,0.17736666666666667,0.022966666666666666,0.0012,681,36,0.0681,0.0036,1.4605,591,4931,3797,645,35,1,0,15.8565,0.7425666666666667,0,0,801190454d235f4d92404be6266e5c9ad942849c270efedfe6b19c9c7ae3aa77,0.8,NOT READ / NOT USED
1245,1176,uniform_3_lists_37_candidates_frozen_portfolio_rule,10000,30000,2026100904,1663543901363301411,0.7982333333333334,12068,12671,4552,665,43,1,0,0.17536666666666667,0.023633333333333333,0.0014666666666666667,694,44,0.0694,0.0044,1.4486,643,4967,3696,650,43,1,0,15.8561,0.7433333333333333,0,0,2008a3762f97e792b66a665032fede1d98d4cd2ba317fc0bc3410495ba56b0b6,0.8,NOT READ / NOT USED
1245,1177,uniform_3_lists_37_candidates_frozen_portfolio_rule,10000,30000,2026100904,6840085426540220674,0.7932,12165,12604,4534,664,33,0,0,0.17436666666666667,0.023233333333333335,0.0011,684,33,0.0684,0.0033,1.4458,636,4987,3693,651,33,0,0,15.8463,0.7478666666666667,0,0,be5fa00cad0521c128aa22926a6cbe09b7c9a2a122e87400dc678c0d20dd65e1,0.8,NOT READ / NOT USED
1245,1178,uniform_3_lists_37_candidates_frozen_portfolio_rule,10000,30000,2026100904,8501377534833380505,0.8006666666666666,12032,12690,4554,675,48,1,0,0.17593333333333333,0.024133333333333333,0.0016333333333333334,709,49,0.0709,0.0049,1.4571,639,4910,3742,660,48,1,0,15.8605,0.7408,0,0,370e34f8cd2239eb3ea78db5cc79952c2cbcb7f5938e57fa0e67201624833fc5,0.8,NOT READ / NOT USED
1245,1179,uniform_3_lists_37_candidates_frozen_portfolio_rule,10000,30000,2026100904,8415308225058954803,0.7996333333333333,12022,12713,4563,660,40,2,0,0.1755,0.0234,0.0014,685,42,0.0685,0.0042,1.4551,609,4960,3746,643,40,2,0,15.8636,0.7412666666666666,0,0,fc01be84329ec41791cab0d25e5c30b450748feeaff13aed7129bd2e3899498e,0.8,NOT READ / NOT USED
1245,1180,uniform_3_lists_37_candidates_frozen_portfolio_rule,10000,30000,2026100904,5744239199369888936,0.7961666666666667,12135,12613,4530,676,46,0,0,0.17506666666666668,0.024066666666666667,0.0015333333333333334,708,46,0.0708,0.0046,1.4507,655,4937,3700,662,46,0,0,15.8378,0.7495666666666667,0,0,68201a248bb0dab5d848e49422c9eeb3c58fe58192bcb3b1b26b4a5515b24a4d,0.8,NOT READ / NOT USED
1245,1181,uniform_3_lists_37_candidates_frozen_portfolio_rule,10000,30000,2026100904,14750900910839382166,0.7986,12033,12740,4515,661,50,1,0,0.17423333333333332,0.023733333333333332,0.0017,704,51,0.0704,0.0051,1.4501,630,4995,3671,653,50,1,0,15.8565,0.7428666666666667,0,0,a6e9b1b5ea1d54551e33a39cd7480df74556eb9f1cb9856a2c8a70194da9e241,0.8,NOT READ / NOT USED
1245,1182,uniform_3_lists_37_candidates_frozen_portfolio_rule,10000,30000,2026100904,8481786748359650398,0.7981666666666667,12076,12633,4601,653,34,3,0,0.17636666666666667,0.023,0.0012333333333333332,669,37,0.0669,0.0037,1.4542,620,4927,3784,632,34,3,0,15.864,0.7402333333333333,0,0,24d22f9091134c3375ec3292491d2c754c5d109771ece8c3bf531d4106cbb36c,0.8,NOT READ / NOT USED
1245,1183,uniform_3_lists_37_candidates_frozen_portfolio_rule,10000,30000,2026100904,8624810332135058576,0.7978333333333333,12069,12672,4560,653,46,0,0,0.1753,0.0233,0.0015333333333333334,688,46,0.0688,0.0046,1.4477,647,4963,3702,642,46,0,0,15.8232,0.7569666666666667,0,0,f555e3e40d4a07b743c427d52f4d5b0369849b34ab582d0d6481ffd77e406581,0.8,NOT READ / NOT USED
1245,1184,uniform_3_lists_37_candidates_frozen_portfolio_rule,10000,30000,2026100904,15865007099881027639,0.7994666666666667,12136,12522,4613,680,49,0,0,0.17806666666666668,0.0243,0.0016333333333333334,712,49,0.0712,0.0049,1.4542,672,4875,3741,663,49,0,0,15.8383,0.7498333333333334,0,0,cc71f62a0ef95c0ebbf666a4b70eb50728f1f1285078cc06a1bc4699e3697a71,0.8,NOT READ / NOT USED
1245,1185,uniform_3_lists_37_candidates_frozen_portfolio_rule,10000,30000,2026100904,15833571202148512268,0.7983333333333333,12042,12690,4577,660,29,2,0,0.1756,0.023033333333333333,0.0010333333333333334,675,31,0.0675,0.0031,1.4522,594,4998,3733,644,29,2,0,15.8315,0.7528666666666667,0,0,326329abf89bbf87ca68dc1d2a2b301429c844701263a1ab1470cc18e8b15e2b,0.8,NOT READ / NOT USED
1245,1186,uniform_3_lists_37_candidates_frozen_portfolio_rule,10000,30000,2026100904,3570285991444107544,0.8032333333333334,12052,12605,4590,700,53,0,0,0.1781,0.0251,0.0017666666666666666,736,53,0.0736,0.0053,1.462,581,5007,3676,683,53,0,0,15.8562,0.7433666666666666,0,0,f5c9419238f1b964ad4990df29c26dc196ef675320a9958ecc37af6c7020a7f7,0.8,NOT READ / NOT USED
1245,1187,uniform_3_lists_37_candidates_frozen_portfolio_rule,10000,30000,2026100904,8617005057949733890,0.8017666666666666,11967,12760,4564,672,36,1,0,0.17576666666666665,0.023633333333333333,0.0012333333333333332,699,37,0.0699,0.0037,1.4577,582,4996,3723,662,36,1,0,15.8594,0.7416666666666667,0,0,8579d8f431be1d49a1844fccb35e63aa3064acbed188e607025d2cb30be44e63,0.8,NOT READ / NOT USED
1245,1188,uniform_3_lists_37_candidates_frozen_portfolio_rule,10000,30000,2026100904,9788343327764218401,0.8004,12066,12603,4631,653,47,0,0,0.1777,0.023333333333333334,0.0015666666666666667,681,47,0.0681,0.0047,1.4575,613,4927,3779,634,47,0,0,15.8454,0.7457,0,0,4ac3082c937d532ec2a08b19d3f97e677447b85221b58471f58ef2b7cc3ed441,0.8,NOT READ / NOT USED
1245,1189,uniform_3_lists_37_candidates_frozen_portfolio_rule,10000,30000,2026100904,2059209802693902598,0.8027666666666666,11989,12703,4595,664,47,2,0,0.17693333333333333,0.023766666666666665,0.0016333333333333334,701,49,0.0701,0.0049,1.4633,599,4921,3779,652,47,2,0,15.8424,0.7471333333333333,0,0,a1dbd88e157cd37fbca164505d3fa7544d5f8faeed1aa01b21fab96dffe4131c,0.8,NOT READ / NOT USED
1245,1190,uniform_3_lists_37_candidates_frozen_portfolio_rule,10000,30000,2026100904,8397178729564900522,0.8015333333333333,11988,12726,4582,664,36,4,0,0.1762,0.023466666666666667,0.0013333333333333333,687,40,0.0687,0.004,1.4575,582,4992,3739,647,36,4,0,15.8411,0.7478,0,0,a02c93616165bc75b0b1f5d37e035e30feeb24cbed1a6fc0ba76ee2d9afe0407,0.8,NOT READ / NOT USED
1245,1191,uniform_3_lists_37_candidates_frozen_portfolio_rule,10000,30000,2026100904,5775315841894490153,0.8009666666666667,11980,12790,4488,705,37,0,0,0.17433333333333334,0.024733333333333333,0.0012333333333333332,724,37,0.0724,0.0037,1.4542,610,4999,3667,687,37,0,0,15.8395,0.7497,0,0,6510d3ac870ce16fea899ea496e4354648e94162667269b1eccef00f274d38f2,0.8,NOT READ / NOT USED
1245,1192,uniform_3_lists_37_candidates_frozen_portfolio_rule,10000,30000,2026100904,11339677076986167994,0.7982333333333334,12064,12660,4577,664,34,1,0,0.17586666666666667,0.0233,0.0011666666666666668,688,35,0.0688,0.0035,1.4535,631,4927,3754,653,34,1,0,15.8574,0.7433333333333333,0,0,2d44c1078a15f2b5e54cc30a5189771af11f0efdb30d922955fe7ade09c47353,0.8,NOT READ / NOT USED
1245,1193,uniform_3_lists_37_candidates_frozen_portfolio_rule,10000,30000,2026100904,15973231245247027846,0.8007666666666666,12062,12620,4592,688,35,3,0,0.17726666666666666,0.0242,0.0012666666666666666,716,38,0.0716,0.0038,1.4603,632,4890,3762,678,35,3,0,15.8512,0.7465333333333334,0,0,e1c923ab7a15a6ff28548fa23c7185780aaa447b8058ebad8cc126404798d938,0.8,NOT READ / NOT USED
1245,1194,uniform_3_lists_37_candidates_frozen_portfolio_rule,10000,30000,2026100904,8570796689455421269,0.7940666666666667,12125,12684,4487,652,52,0,0,0.17303333333333334,0.023466666666666667,0.0017333333333333333,696,52,0.0696,0.0052,1.4476,630,5012,3662,644,52,0,0,15.847,0.7459666666666667,0,0,c01700b3592bbc52d545112a7d83b7d391233b52c54104f15a8c86664c886503,0.8,NOT READ / NOT USED
1245,1195,uniform_3_lists_37_candidates_frozen_portfolio_rule,10000,30000,2026100904,6264058493733800780,0.7965333333333333,12154,12553,4585,660,47,1,0,0.17643333333333333,0.0236,0.0016,690,48,0.069,0.0048,1.4573,617,4932,3761,642,47,1,0,15.8614,0.7394,0,0,d689a28be9ebf12fad169cdafa2d9a36d19d3a5d77988ef9daf4d0a0e3a6b2f8,0.8,NOT READ / NOT USED
1245,1196,uniform_3_lists_37_candidates_frozen_portfolio_rule,10000,30000,2026100904,2341476230277258034,0.8007666666666666,11993,12742,4559,662,43,1,0,0.1755,0.023533333333333333,0.0014666666666666667,690,44,0.069,0.0044,1.4493,644,4954,3712,646,43,1,0,15.8452,0.7466333333333334,0,0,d8014e79dc4ebce5cb0b5bc9e8ea1b8a76df390756ab3bb8d5bcc875fe28778b,0.8,NOT READ / NOT USED
1245,1197,uniform_3_lists_37_candidates_frozen_portfolio_rule,10000,30000,2026100904,16829848678118456326,0.7974666666666667,12027,12778,4480,675,39,1,0,0.17316666666666666,0.023833333333333335,0.0013333333333333333,705,40,0.0705,0.004,1.4541,584,5037,3674,665,39,1,0,15.8616,0.7402333333333333,0,0,e774148315919ca6989db5e035aca3cb64b1038fbb5ec3c98656c540561af33c,0.8,NOT READ / NOT USED
1245,1198,uniform_3_lists_37_candidates_frozen_portfolio_rule,10000,30000,2026100904,4517588638005147277,0.8002,11929,12911,4422,702,35,1,0,0.172,0.0246,0.0012,726,36,0.0726,0.0036,1.4439,675,4974,3625,690,35,1,0,15.8562,0.7445,0,0,258c545a39680b02e8a8974a94abecd99bbbdcc4c37e2f44eab2d22c9028ff3b,0.8,NOT READ / NOT USED
1245,1199,uniform_3_lists_37_candidates_frozen_portfolio_rule,10000,30000,2026100904,11340070585242826934,0.8040333333333334,11965,12727,4576,689,40,3,0,0.17693333333333333,0.0244,0.0014333333333333333,715,43,0.0715,0.0043,1.4638,612,4899,3774,672,40,3,0,15.8479,0.7459666666666667,0,0,fa07f732664d9a18bd6fa34fe77891c22439d1d627042c400f33049eea2e26c8,0.8,NOT READ / NOT USED
1245,1200,uniform_3_lists_37_candidates_frozen_portfolio_rule,10000,30000,2026100904,15684607481660534849,0.8052666666666667,11889,12862,4498,706,43,2,0,0.17496666666666666,0.025033333333333335,0.0015,743,45,0.0743,0.0045,1.4626,607,4950,3700,698,43,2,0,15.8652,0.7387666666666667,0,0,fe75ed2e0eac8195bb44be444b6aaa17166adcecce4bef8350840e6d5edf22eb,0.8,NOT READ / NOT USED
1245,1201,uniform_3_lists_37_candidates_frozen_portfolio_rule,10000,30000,2026100904,1450429970656435395,0.8028333333333333,11939,12782,4586,642,50,1,0,0.17596666666666666,0.0231,0.0017,678,51,0.0678,0.0051,1.4531,631,4937,3754,627,50,1,0,15.8508,0.7452333333333333,0,0,b35441ceffdb52d63469c8ab4399c1f8c0c915853a782ea2088174c1761b67bc,0.8,NOT READ / NOT USED
1245,1202,uniform_3_lists_37_candidates_frozen_portfolio_rule,10000,30000,2026100904,7863120898339448003,0.8025,12006,12680,4593,676,44,1,0,0.17713333333333334,0.024033333333333334,0.0015,706,45,0.0706,0.0045,1.4561,606,4979,3709,661,44,1,0,15.8524,0.7436333333333334,0,0,b686bd4160802d2b3bcff492f5e51cf0a2c21c9b8a6f81a10a3093842080b22e,0.8,NOT READ / NOT USED
1245,1203,uniform_3_lists_37_candidates_frozen_portfolio_rule,10000,30000,2026100904,13486243166595420012,0.8094666666666667,11862,12778,4634,669,54,3,0,0.17866666666666667,0.0242,0.0019,715,57,0.0715,0.0057,1.4683,598,4896,3791,658,54,3,0,15.8538,0.743,0,0,235159d5dc5f05484d14300e7298d4a4027f6bf68587b8e32d425d3c92ce261d,0.8,NOT READ / NOT USED
1245,1204,uniform_3_lists_37_candidates_frozen_portfolio_rule,10000,30000,2026100904,5593629474685034885,0.8094,11888,12731,4635,704,41,1,0,0.17936666666666667,0.024866666666666665,0.0014,730,42,0.073,0.0042,1.4671,601,4900,3769,688,41,1,0,15.8362,0.7513666666666666,0,0,0ac6a54a30f576858d502944c1def8479418aafc194fa132fe97d67605598928,0.8,NOT READ / NOT USED
1245,1205,uniform_3_lists_37_candidates_frozen_portfolio_rule,10000,30000,2026100904,9595962541155822871,0.8027333333333333,11954,12772,4551,686,35,2,0,0.1758,0.0241,0.0012333333333333332,701,37,0.0701,0.0037,1.4596,587,4970,3742,664,35,2,0,15.8605,0.7402666666666666,0,0,dccce766a35a774fbb6375e1257bbf09c5e5b3ec8a725c0811810557399c2005,0.8,NOT READ / NOT USED
1245,1206,uniform_3_lists_37_candidates_frozen_portfolio_rule,10000,30000,2026100904,17713288639852821739,0.8056,11946,12724,4586,705,38,1,0,0.17766666666666667,0.0248,0.0013,730,39,0.073,0.0039,1.4587,639,4905,3726,691,38,1,0,15.8302,0.752,0,0,fd19613e5ad8badaf1926e2d696d54862dd108ac521392c9641d07f06695f8c7,0.8,NOT READ / NOT USED
1245,1207,uniform_3_lists_37_candidates_frozen_portfolio_rule,10000,30000,2026100904,14233035523997098264,0.7973,12054,12727,4513,659,46,1,0,0.17396666666666666,0.023533333333333333,0.0015666666666666667,690,47,0.069,0.0047,1.443,645,5018,3647,643,46,1,0,15.8437,0.7475666666666667,0,0,447de3e4dadd2fb844e39753b9555425c4a849e6f99d94489e1f87b88b06a4e8,0.8,NOT READ / NOT USED
1245,1208,uniform_3_lists_37_candidates_frozen_portfolio_rule,10000,30000,2026100904,5884550388487146504,0.8035333333333333,11999,12650,4640,670,39,2,0,0.17836666666666667,0.0237,0.0013666666666666666,698,41,0.0698,0.0041,1.4577,638,4888,3776,657,39,2,0,15.8637,0.7390333333333333,0,0,7f6d7a8b17674f82b5efc4ddc02f39d60c518d83e8ada78532a5057c33a0c4f7,0.8,NOT READ / NOT USED
1245,1209,uniform_3_lists_37_candidates_frozen_portfolio_rule,10000,30000,2026100904,18013348692469738888,0.7987333333333333,12020,12801,4416,723,40,0,0,0.17263333333333333,0.025433333333333332,0.0013333333333333333,754,40,0.0754,0.004,1.4583,608,4995,3643,714,40,0,0,15.8625,0.7409666666666667,0,0,d8d94313b4d65fbcbfa8d4e600980a1989d49ee7f83f3462e13ad86a094331d5,0.8,NOT READ / NOT USED
1245,1210,uniform_3_lists_37_candidates_frozen_portfolio_rule,10000,30000,2026100904,8887280605596600881,0.8058666666666666,11911,12753,4628,668,37,3,0,0.17786666666666667,0.0236,0.0013333333333333333,691,40,0.0691,0.004,1.463,580,4944,3785,651,37,3,0,15.8515,0.7434666666666667,0,0,e8e37d2eeac8bee616479ca1fe31ccab637083c92a2a8473cea48bb68c2bca12,0.8,NOT READ / NOT USED
1245,1211,uniform_3_lists_37_candidates_frozen_portfolio_rule,10000,30000,2026100904,17456073930067388710,0.794,12149,12624,4520,673,33,1,0,0.17423333333333332,0.023566666666666666,0.0011333333333333334,693,34,0.0693,0.0034,1.4479,644,4961,3702,659,33,1,0,15.8546,0.7417666666666667,0,0,9afbed6b4131eeb3196ba5846649204078f538c7d3050a04977e4b43e1659638,0.8,NOT READ / NOT USED
1245,1212,uniform_3_lists_37_candidates_frozen_portfolio_rule,10000,30000,2026100904,8176796433994071428,0.8016666666666666,12063,12615,4582,689,51,0,0,0.1774,0.024666666666666667,0.0017,725,51,0.0725,0.0051,1.4565,650,4911,3714,674,51,0,0,15.8439,0.7469,0,0,d2aa2b7cfa29040a78b90c0cedf3836cae84b8c8c8b76e31cae5ed8e767e5fad,0.8,NOT READ / NOT USED
1245,1213,uniform_3_lists_37_candidates_frozen_portfolio_rule,10000,30000,2026100904,5386488100708571118,0.7940666666666667,12104,12696,4516,643,40,1,0,0.17333333333333334,0.0228,0.0013666666666666666,666,41,0.0666,0.0041,1.4435,662,4949,3723,625,40,1,0,15.8621,0.7412666666666666,0,0,b7f6aa725e567faa00f35426badc6092c07f089b91fa3cc9fc91e7df39b74529,0.8,NOT READ / NOT USED
1245,1214,uniform_3_lists_37_candidates_frozen_portfolio_rule,10000,30000,2026100904,18148312170108513481,0.8063666666666667,11859,12817,4649,625,49,1,0,0.17746666666666666,0.0225,0.0016666666666666668,660,50,0.066,0.005,1.4599,575,4962,3803,610,49,1,0,15.8382,0.7506333333333334,0,0,efa4802cb3bf84ee2a59159f8b0f60db83356e382593ed47b2baf47cdeedaf06,0.8,NOT READ / NOT USED
1245,1215,uniform_3_lists_37_candidates_frozen_portfolio_rule,10000,30000,2026100904,503063181680679823,0.7924333333333333,12096,12731,4508,637,25,3,0,0.17243333333333333,0.022166666666666668,0.0009333333333333333,653,28,0.0653,0.0028,1.44,621,5042,3684,625,25,3,0,15.8551,0.7431,0,0,b09fcf311fdf48e88c072388c93b75805fa1d062995aec22d2ad926a3cb6da2e,0.8,NOT READ / NOT USED
1245,1216,uniform_3_lists_37_candidates_frozen_portfolio_rule,10000,30000,2026100904,1857704200160848999,0.7906333333333333,12213,12581,4526,634,46,0,0,0.17353333333333334,0.02266666666666667,0.0015333333333333334,665,46,0.0665,0.0046,1.443,660,4961,3714,619,46,0,0,15.8398,0.7477,0,0,90072b1584ef55f48569be18f6566d0256762da988b922819b6b1a233dfa89ec,0.8,NOT READ / NOT USED
1245,1217,uniform_3_lists_37_candidates_frozen_portfolio_rule,10000,30000,2026100904,9012739948776257091,0.8068,11888,12781,4605,693,31,2,0,0.1777,0.0242,0.0011,715,32,0.0715,0.0032,1.4668,566,4949,3770,683,30,2,0,15.8439,0.7471666666666666,0,0,60977af2b41d7a76800ee0d482a8865ddc7200012e8eac6094af4d182c0975f8,0.8,NOT READ / NOT USED
1245,1218,uniform_3_lists_37_candidates_frozen_portfolio_rule,10000,30000,2026100904,5837349715159308926,0.8022333333333334,12017,12663,4598,682,38,2,0,0.17733333333333334,0.024066666666666667,0.0013333333333333333,706,40,0.0706,0.004,1.4573,608,4959,3727,666,38,2,0,15.8387,0.7498333333333334,0,0,63c623e8706bafda31d99afb30c765760855c77909d988b3b23ca32162eb7966,0.8,NOT READ / NOT USED
1245,1219,uniform_3_lists_37_candidates_frozen_portfolio_rule,10000,30000,2026100904,11148336795065721989,0.798,12108,12597,4569,700,25,1,0,0.1765,0.0242,0.0008666666666666666,704,26,0.0704,0.0026,1.453,634,4933,3729,678,25,1,0,15.8504,0.7438333333333333,0,0,9320a491b3851c10de382b8f2ab63a3072de947938f8efe2fd362e1841f19893,0.8,NOT READ / NOT USED
1245,1220,uniform_3_lists_37_candidates_frozen_portfolio_rule,10000,30000,2026100904,5572850455352119791,0.8036666666666666,11890,12848,4571,645,45,1,0,0.1754,0.023033333333333333,0.0015333333333333334,679,45,0.0679,0.0045,1.4506,625,4969,3727,634,44,1,0,15.8567,0.7420666666666667,0,0,7a220764d834928a810749438024aa3d381aca461bf80c6fe9f6939529934c18,0.8,NOT READ / NOT USED
1245,1221,uniform_3_lists_37_candidates_frozen_portfolio_rule,10000,30000,2026100904,18016948791165700557,0.7957,12106,12695,4457,706,36,0,0,0.1733,0.024733333333333333,0.0012,728,36,0.0728,0.0036,1.4514,628,4994,3650,692,36,0,0,15.827,0.7537,0,0,559cbc21e3fc0d565116c10b438761b01c3dbcf58869577d66550de9c564f453,0.8,NOT READ / NOT USED
1245,1222,uniform_3_lists_37_candidates_frozen_portfolio_rule,10000,30000,2026100904,16823946609649597004,0.8039,11862,12867,4617,601,52,1,0,0.1757,0.0218,0.0017666666666666666,643,53,0.0643,0.0053,1.4507,582,5026,3749,590,52,1,0,15.8516,0.7456333333333334,0,0,d2696bfa8742d5173bb41d74e76fc1e5fbd6ae2667fc0f13d4d714f34268e0ea,0.8,NOT READ / NOT USED
1245,1223,uniform_3_lists_37_candidates_frozen_portfolio_rule,10000,30000,2026100904,16186636144865752242,0.8028333333333333,11961,12750,4575,671,43,0,0,0.1763,0.0238,0.0014333333333333333,704,43,0.0704,0.0043,1.4547,635,4930,3731,661,43,0,0,15.8469,0.7463333333333333,0,0,c2dc778543bffd4d6992d398844145d6e2f0c355be10cb5aad655128663f8aa6,0.8,NOT READ / NOT USED
1245,1224,uniform_3_lists_37_candidates_frozen_portfolio_rule,10000,30000,2026100904,6838336396954645287,0.8046333333333333,11941,12771,4549,686,53,0,0,0.17626666666666665,0.024633333333333333,0.0017666666666666666,728,53,0.0728,0.0053,1.4606,618,4939,3715,675,53,0,0,15.8351,0.7494,0,0,7546a7f9e058c739c359a3a7b3454c0730337250d872376bbef0fff13e74a796,0.8,NOT READ / NOT USED
1245,1225,uniform_3_lists_37_candidates_frozen_portfolio_rule,10000,30000,2026100904,506847481123659095,0.7969333333333334,12004,12768,4577,618,33,0,0,0.17426666666666665,0.0217,0.0011,633,33,0.0633,0.0033,1.4447,631,4957,3779,600,33,0,0,15.8533,0.7431333333333333,0,0,f737acca623d6c4caf9a73a912982a7298977767558ce570a9c8d9c01114772d,0.8,NOT READ / NOT USED
1245,1226,uniform_3_lists_37_candidates_frozen_portfolio_rule,10000,30000,2026100904,4473387351723832121,0.7904333333333333,12089,12835,4381,664,31,0,0,0.1692,0.023166666666666665,0.0010333333333333334,674,31,0.0674,0.0031,1.4347,635,5088,3603,643,31,0,0,15.838,0.7498333333333334,0,0,3e6690bb575c8aaa771ac270dbdd46142856c004926730c8cdbbdbd701d24b3f,0.8,NOT READ / NOT USED
1245,1227,uniform_3_lists_37_candidates_frozen_portfolio_rule,10000,30000,2026100904,10009153726761666075,0.8033666666666667,11997,12705,4536,724,38,0,0,0.1766,0.0254,0.0012666666666666666,738,38,0.0738,0.0038,1.4572,639,4926,3697,700,38,0,0,15.8578,0.7429333333333333,0,0,8709767d80e5e289e401d51bed198ef6cde77d93863ffef9d00a1f1f025376e0,0.8,NOT READ / NOT USED
1245,1228,uniform_3_lists_37_candidates_frozen_portfolio_rule,10000,30000,2026100904,1940035108972656129,0.8031666666666667,12033,12656,4549,709,51,2,0,0.17703333333333332,0.0254,0.0017666666666666666,746,53,0.0746,0.0053,1.4604,643,4911,3700,693,51,2,0,15.8364,0.7506333333333334,0,0,b981ecc56a3dbe359f399fe1e5cf01cab5403c178d45de560d788da507c19deb,0.8,NOT READ / NOT USED
1245,1229,uniform_3_lists_37_candidates_frozen_portfolio_rule,10000,30000,2026100904,101930891707285961,0.7987,12063,12677,4536,684,40,0,0,0.17533333333333334,0.024133333333333333,0.0013333333333333333,709,40,0.0709,0.004,1.4532,625,4967,3699,669,40,0,0,15.8277,0.7548333333333334,0,0,7e1aea31a3a3bcf2d84b7754fd848e16772f60d436fe220d15b40404c38a2692,0.8,NOT READ / NOT USED
1245,1230,uniform_3_lists_37_candidates_frozen_portfolio_rule,10000,30000,2026100904,16661466410360604631,0.7968666666666666,12015,12832,4423,692,38,0,0,0.17176666666666668,0.024333333333333332,0.0012666666666666666,714,38,0.0714,0.0038,1.4485,604,5059,3623,676,38,0,0,15.8506,0.7429666666666667,0,0,a2aa27b3f3229141ab9b9f9b2c1f17f3cff78c55fd240057c316cc6af2d72b9e,0.8,NOT READ / NOT USED
1245,1231,uniform_3_lists_37_candidates_frozen_portfolio_rule,10000,30000,2026100904,12436398639850802750,0.7911666666666667,12043,12884,4401,639,33,0,0,0.1691,0.0224,0.0011,661,33,0.0661,0.0033,1.4303,645,5101,3593,628,33,0,0,15.8134,0.7575666666666667,0,0,dffcf58fe9d19cdb481e94e0aa6610319ffc4951250abf5a1b48817653b08b8f,0.8,NOT READ / NOT USED
1245,1232,uniform_3_lists_37_candidates_frozen_portfolio_rule,10000,30000,2026100904,11805136676208784665,0.8058333333333333,11914,12737,4650,661,35,3,0,0.1783,0.0233,0.0012666666666666666,689,38,0.0689,0.0038,1.4602,617,4894,3800,651,35,3,0,15.845,0.7473666666666666,0,0,5b0f9de0d3cbcfd1a77640415dc645396121f6567b23f717a82f3b25d7842bd1,0.8,NOT READ / NOT USED
1245,1233,uniform_3_lists_37_candidates_frozen_portfolio_rule,10000,30000,2026100904,13701089921561389642,0.7967666666666666,12055,12702,4569,634,39,1,0,0.17476666666666665,0.022466666666666666,0.0013333333333333333,662,40,0.0662,0.004,1.4532,595,4981,3762,622,39,1,0,15.8526,0.7441333333333333,0,0,77ee5eb08ff67d27b5820e2f103cbc6b6148cb78eae9132e46443f9c5b4122e4,0.8,NOT READ / NOT USED
1245,1234,uniform_3_lists_37_candidates_frozen_portfolio_rule,10000,30000,2026100904,15030309386321735739,0.7991,12055,12696,4516,687,46,0,0,0.17496666666666666,0.024433333333333335,0.0015333333333333334,710,46,0.071,0.0046,1.4565,630,4931,3729,664,46,0,0,15.8552,0.744,0,0,7e87233981a9baf9d12a7b9f753b059736b584dfff3703af67149cf712e8b9d8,0.8,NOT READ / NOT USED
1245,1235,uniform_3_lists_37_candidates_frozen_portfolio_rule,10000,30000,2026100904,5024496057801505356,0.8077,11850,12836,4598,665,51,0,0,0.17713333333333334,0.023866666666666668,0.0017,703,51,0.0703,0.0051,1.4569,611,4963,3723,652,51,0,0,15.8432,0.7465,0,0,73c49327ac95c7ff20784d2ab28e1a225883a98c8eabc534ff96bae43ce1d40f,0.8,NOT READ / NOT USED
1245,1236,uniform_3_lists_37_candidates_frozen_portfolio_rule,10000,30000,2026100904,9868595745996730405,0.7990666666666667,12048,12673,4589,640,49,1,0,0.17596666666666666,0.023,0.0016666666666666668,679,50,0.0679,0.005,1.4559,619,4933,3769,629,49,1,0,15.8341,0.7513333333333333,0,0,7c57a5446e097104ffe80b052e2b939830d21fc5213f3eda528f24ac91cb6c02,0.8,NOT READ / NOT USED
1245,1237,uniform_3_lists_37_candidates_frozen_portfolio_rule,10000,30000,2026100904,7384850823736138017,0.8011666666666667,11993,12717,4587,668,35,0,0,0.17633333333333334,0.023433333333333334,0.0011666666666666668,693,35,0.0693,0.0035,1.4587,606,4929,3772,658,35,0,0,15.8564,0.7449333333333333,0,0,7d02f21003a884f0a320b9d1234413c270c7e1cdc6f615a0cb2dbb7cb4bd3ae7,0.8,NOT READ / NOT USED
1245,1238,uniform_3_lists_37_candidates_frozen_portfolio_rule,10000,30000,2026100904,886165066660759788,0.8011666666666667,11944,12805,4554,667,29,1,0,0.17503333333333335,0.023233333333333335,0.001,680,30,0.068,0.003,1.4523,631,4926,3763,650,29,1,0,15.8559,0.7433666666666666,0,0,7fd8e5644dd0e04a00915441916323c0764589d1692b9c23cdee27609edd25eb,0.8,NOT READ / NOT USED
1245,1239,uniform_3_lists_37_candidates_frozen_portfolio_rule,10000,30000,2026100904,17357046114078130584,0.8024666666666667,11859,12951,4492,653,45,0,0,0.173,0.023266666666666668,0.0015,683,45,0.0683,0.0045,1.4509,579,5061,3677,638,45,0,0,15.8546,0.7429,0,0,ff6780135654c16761d905a8a18d724e8bed914fc383c6c78b1078ab12beeea9,0.8,NOT READ / NOT USED
1245,1240,uniform_3_lists_37_candidates_frozen_portfolio_rule,10000,30000,2026100904,16221356078182134228,0.7950666666666667,12009,12865,4437,643,46,0,0,0.17086666666666667,0.022966666666666666,0.0015333333333333334,678,46,0.0678,0.0046,1.4434,625,5040,3657,632,46,0,0,15.8501,0.744,0,0,a4b212c6332224199f899b3c87b508477f094d96eb16aab6c51864bb062c2d46,0.8,NOT READ / NOT USED
1245,1241,uniform_3_lists_37_candidates_frozen_portfolio_rule,10000,30000,2026100904,1111769853603743000,0.8022666666666667,12061,12570,4653,673,42,1,0,0.17896666666666666,0.023866666666666668,0.0014333333333333333,702,43,0.0702,0.0043,1.459,635,4886,3777,659,42,1,0,15.8346,0.7486,0,0,c1930f6a2be48b94a630c903de424dc7321ab54e1b902ce207a0aeeceed8f01b,0.8,NOT READ / NOT USED
1245,1242,uniform_3_lists_37_candidates_frozen_portfolio_rule,10000,30000,2026100904,2007202861367209167,0.7922666666666667,12103,12740,4479,642,36,0,0,0.1719,0.0226,0.0012,662,36,0.0662,0.0036,1.4465,603,5027,3708,626,36,0,0,15.8656,0.7400333333333333,0,0,4bd03f814ee86b5701a8459393acb83371809e568ef964867e6bdfce83e0aeb1,0.8,NOT READ / NOT USED
1245,1243,uniform_3_lists_37_candidates_frozen_portfolio_rule,10000,30000,2026100904,15513178228799421357,0.8071666666666667,11951,12684,4610,713,38,4,0,0.17883333333333334,0.025166666666666667,0.0014,739,42,0.0739,0.0042,1.4671,588,4938,3735,697,38,4,0,15.8358,0.7515,0,0,9b416e60b936fc5c40e814d2d8e1e5453477a88c35f03b2a5c5f3097271d99b5,0.8,NOT READ / NOT USED
1245,1244,uniform_3_lists_37_candidates_frozen_portfolio_rule,10000,30000,2026100904,14271922766358691305,0.7992666666666667,11888,12973,4450,652,36,1,0,0.1713,0.022966666666666666,0.0012333333333333332,677,36,0.0677,0.0036,1.4469,596,5053,3674,641,35,1,0,15.8427,0.748,0,0,e1d71235b3c1e931b887cd543ac92ad43607132eb40697f2d74a82c8ce72f813,0.8,NOT READ / NOT USED
