number,condition,state,n_condition,next_draw_count,conditional_rate,wilson95_low,wilson95_high,base_rate,delta_vs_base,small_sample,cutoff_rule
1,prev1,0,1073,147,0.1369990680335508,0.11771624682387115,0.15887178420056214,0.13333333333333333,0.003665734700217471,False,condition uses draws strictly before target
1,prev1,1,170,24,0.1411764705882353,0.0967405515798021,0.2014705838557624,0.13333333333333333,0.00784313725490196,False,condition uses draws strictly before target
1,recent3_count,0,797,116,0.14554579673776663,0.12276280024097966,0.17172926959765025,0.13333333333333333,0.0122124634044333,False,condition uses draws strictly before target
1,recent3_count,1,385,49,0.12727272727272726,0.09762497774374948,0.16428500255918968,0.13333333333333333,-0.006060606060606072,False,condition uses draws strictly before target
1,recent3_count,2,58,5,0.08620689655172414,0.037385383126191135,0.18643629062873543,0.13333333333333333,-0.04712643678160919,False,condition uses draws strictly before target
1,recent3_count,3,3,1,0.3333333333333333,0.06149194472039621,0.7923403991979522,0.13333333333333333,0.19999999999999998,True,condition uses draws strictly before target
1,recent5_count,0,582,86,0.14776632302405499,0.12124738634365737,0.17890456803434976,0.13333333333333333,0.014432989690721654,False,condition uses draws strictly before target
1,recent5_count,1,491,68,0.1384928716904277,0.11073619589376746,0.17186231384703762,0.13333333333333333,0.005159538357094373,False,condition uses draws strictly before target
1,recent5_count,2,153,15,0.09803921568627451,0.06031594280007543,0.15545263698202608,0.13333333333333333,-0.03529411764705882,False,condition uses draws strictly before target
1,recent5_count,3,15,2,0.13333333333333333,0.03736125910306537,0.37881982832322364,0.13333333333333333,0.0,True,condition uses draws strictly before target
1,recent5_count,4,2,0,0.0,0.0,0.6576197724933469,0.13333333333333333,-0.13333333333333333,True,condition uses draws strictly before target
1,recent10_state,cold,723,103,0.14246196403872752,0.11887145225698112,0.16983175292501754,0.13333333333333333,0.009128630705394186,False,condition uses draws strictly before target
1,recent10_state,hot,520,68,0.13076923076923078,0.10447875964093935,0.16247502277924997,0.13333333333333333,-0.002564102564102555,False,condition uses draws strictly before target
2,prev1,0,1086,130,0.11970534069981584,0.10172677490288909,0.14036482170988263,0.13333333333333333,-0.013627992633517494,False,condition uses draws strictly before target
2,prev1,1,157,27,0.17197452229299362,0.12096699189621182,0.23865085318423915,0.13333333333333333,0.03864118895966029,False,condition uses draws strictly before target
2,recent3_count,0,849,94,0.11071849234393404,0.09133977722265738,0.133604093454047,0.13333333333333333,-0.022614840989399296,False,condition uses draws strictly before target
2,recent3_count,1,324,47,0.14506172839506173,0.11087387141459532,0.18756751294431956,0.13333333333333333,0.011728395061728403,False,condition uses draws strictly before target
2,recent3_count,2,64,16,0.25,0.16014926530970577,0.36816276458669694,0.13333333333333333,0.11666666666666667,False,condition uses draws strictly before target
2,recent3_count,3,6,0,0.0,2.7755575615628914e-17,0.3903342879021653,0.13333333333333333,-0.13333333333333333,True,condition uses draws strictly before target
2,recent5_count,0,670,77,0.11492537313432835,0.09294017433076097,0.14130106558483607,0.13333333333333333,-0.01840796019900498,False,condition uses draws strictly before target
2,recent5_count,1,406,55,0.1354679802955665,0.10557693551764508,0.17219256869080984,0.13333333333333333,0.002134646962233172,False,condition uses draws strictly before target
2,recent5_count,2,130,17,0.13076923076923078,0.0832739218191075,0.1994595387552419,0.13333333333333333,-0.002564102564102555,False,condition uses draws strictly before target
2,recent5_count,3,32,8,0.25,0.1325240091850904,0.4210655899424448,0.13333333333333333,0.11666666666666667,False,condition uses draws strictly before target
2,recent5_count,4,5,0,0.0,0.0,0.43448246478317476,0.13333333333333333,-0.13333333333333333,True,condition uses draws strictly before target
2,recent10_state,cold,800,90,0.1125,0.0924299045259413,0.13627372453345765,0.13333333333333333,-0.02083333333333333,False,condition uses draws strictly before target
2,recent10_state,hot,443,67,0.15124153498871332,0.12088480559281664,0.18759475936180028,0.13333333333333333,0.017908201655379985,False,condition uses draws strictly before target
3,prev1,0,1071,145,0.1353874883286648,0.11619524667770827,0.15718596355500292,0.13333333333333333,0.0020541549953314586,False,condition uses draws strictly before target
3,prev1,1,172,27,0.1569767441860465,0.11018266234093407,0.21875830077786704,0.13333333333333333,0.02364341085271318,False,condition uses draws strictly before target
3,recent3_count,0,798,107,0.13408521303258145,0.11218839442853118,0.15948807780213115,0.13333333333333333,0.0007518796992481147,False,condition uses draws strictly before target
3,recent3_count,1,378,55,0.1455026455026455,0.11352272379297756,0.18461530231945678,0.13333333333333333,0.012169312169312163,False,condition uses draws strictly before target
3,recent3_count,2,63,8,0.12698412698412698,0.06577324856136738,0.23107034478269664,0.13333333333333333,-0.006349206349206354,False,condition uses draws strictly before target
3,recent3_count,3,4,2,0.5,0.15003898915214947,0.8499610108478506,0.13333333333333333,0.3666666666666667,True,condition uses draws strictly before target
3,recent5_count,0,595,84,0.1411764705882353,0.11549492143946812,0.17146159482963524,0.13333333333333333,0.00784313725490196,False,condition uses draws strictly before target
3,recent5_count,1,470,61,0.12978723404255318,0.10238068960867683,0.16319644906950212,0.13333333333333333,-0.003546099290780147,False,condition uses draws strictly before target
3,recent5_count,2,149,21,0.14093959731543623,0.09406676847640504,0.20586140006111853,0.13333333333333333,0.007606263982102901,False,condition uses draws strictly before target
3,recent5_count,3,25,4,0.16,0.0640345145667644,0.3465362160717886,0.13333333333333333,0.026666666666666672,True,condition uses draws strictly before target
3,recent5_count,4,3,2,0.6666666666666666,0.2076596008020477,0.9385080552796037,0.13333333333333333,0.5333333333333333,True,condition uses draws strictly before target
3,recent5_count,5,1,0,0.0,0.0,0.7934506856227626,0.13333333333333333,-0.13333333333333333,True,condition uses draws strictly before target
3,recent10_state,cold,731,111,0.1518467852257182,0.12765579685257153,0.17967778661607822,0.13333333333333333,0.018513451892384875,False,condition uses draws strictly before target
3,recent10_state,hot,512,61,0.119140625,0.09387748677973777,0.1500762642591768,0.13333333333333333,-0.014192708333333331,False,condition uses draws strictly before target
4,prev1,0,1080,147,0.1361111111111111,0.1169455390109286,0.15785614567897924,0.13333333333333333,0.002777777777777768,False,condition uses draws strictly before target
4,prev1,1,163,16,0.09815950920245399,0.061326602267174984,0.15349685392912474,0.13333333333333333,-0.03517382413087934,False,condition uses draws strictly before target
4,recent3_count,0,807,108,0.13382899628252787,0.11206508010665846,0.15906247069770768,0.13333333333333333,0.0004956629491945364,False,condition uses draws strictly before target
4,recent3_count,1,384,54,0.140625,0.10940447023888908,0.17896454312231622,0.13333333333333333,0.0072916666666666685,False,condition uses draws strictly before target
4,recent3_count,2,52,1,0.019230769230769232,0.0034028080709451597,0.10120511127892247,0.13333333333333333,-0.1141025641025641,False,condition uses draws strictly before target
4,recent5_count,0,602,87,0.14451827242524917,0.11868315595149015,0.17486139474147977,0.13333333333333333,0.011184939091915841,False,condition uses draws strictly before target
4,recent5_count,1,477,59,0.12368972746331237,0.09711612015286335,0.15627604598755432,0.13333333333333333,-0.009643605870020958,False,condition uses draws strictly before target
4,recent5_count,2,157,17,0.10828025477707007,0.06871130462116902,0.16656049096034048,0.13333333333333333,-0.025053078556263264,False,condition uses draws strictly before target
4,recent5_count,3,7,0,0.0,5.551115123125783e-17,0.35433043506668743,0.13333333333333333,-0.13333333333333333,True,condition uses draws strictly before target
4,recent10_state,cold,762,101,0.1325459317585302,0.11030331523982158,0.15847484563131461,0.13333333333333333,-0.0007874015748031427,False,condition uses draws strictly before target
4,recent10_state,hot,481,62,0.1288981288981289,0.10186708607129882,0.16180974373539672,0.13333333333333333,-0.004435204435204426,False,condition uses draws strictly before target
5,prev1,0,1090,123,0.11284403669724771,0.09540407160859528,0.13300330571833135,0.13333333333333333,-0.02048929663608562,False,condition uses draws strictly before target
5,prev1,1,153,30,0.19607843137254902,0.14094252590178913,0.2661020100310193,0.13333333333333333,0.06274509803921569,False,condition uses draws strictly before target
5,recent3_count,0,862,89,0.10324825986078887,0.08466443383354388,0.12535260446855873,0.13333333333333333,-0.030085073472544466,False,condition uses draws strictly before target
5,recent3_count,1,309,50,0.16181229773462782,0.12494464874172265,0.2069853301432407,0.13333333333333333,0.028478964401294493,False,condition uses draws strictly before target
5,recent3_count,2,66,13,0.19696969696969696,0.11888639703610927,0.3083878799417945,0.13333333333333333,0.06363636363636363,False,condition uses draws strictly before target
5,recent3_count,3,6,1,0.16666666666666666,0.030053369748306635,0.5635028221864702,0.13333333333333333,0.033333333333333326,True,condition uses draws strictly before target
5,recent5_count,0,693,72,0.1038961038961039,0.08331992169739634,0.1288394682890935,0.13333333333333333,-0.02943722943722943,False,condition uses draws strictly before target
5,recent5_count,1,375,52,0.13866666666666666,0.10733730837528088,0.17732387722039478,0.13333333333333333,0.005333333333333329,False,condition uses draws strictly before target
5,recent5_count,2,139,23,0.16546762589928057,0.11286421831567167,0.23606430168256676,0.13333333333333333,0.03213429256594724,False,condition uses draws strictly before target
5,recent5_count,3,32,6,0.1875,0.08889544689565954,0.3530915520137596,0.13333333333333333,0.05416666666666667,False,condition uses draws strictly before target
5,recent5_count,4,4,0,0.0,0.0,0.4898908364545973,0.13333333333333333,-0.13333333333333333,True,condition uses draws strictly before target
5,recent10_state,cold,782,88,0.11253196930946291,0.09224996134357427,0.13660212682517764,0.13333333333333333,-0.020801364023870422,False,condition uses draws strictly before target
5,recent10_state,hot,461,65,0.14099783080260303,0.11218855894483887,0.17574070442218265,0.13333333333333333,0.007664497469269699,False,condition uses draws strictly before target
6,prev1,0,1077,150,0.1392757660167131,0.1198767598214974,0.16123889903953062,0.13333333333333333,0.005942432683379767,False,condition uses draws strictly before target
6,prev1,1,166,16,0.0963855421686747,0.06020163030645203,0.15082728495111677,0.13333333333333333,-0.03694779116465863,False,condition uses draws strictly before target
6,recent3_count,0,801,109,0.13607990012484394,0.11406536259378973,0.16156837419923112,0.13333333333333333,0.002746566791510613,False,condition uses draws strictly before target
6,recent3_count,1,387,53,0.13695090439276486,0.10624912607613027,0.17478927540800185,0.13333333333333333,0.003617571059431529,False,condition uses draws strictly before target
6,recent3_count,2,54,4,0.07407407407407407,0.02918152776550481,0.1755411583859995,0.13333333333333333,-0.05925925925925926,False,condition uses draws strictly before target
6,recent3_count,3,1,0,0.0,0.0,0.7934506856227626,0.13333333333333333,-0.13333333333333333,True,condition uses draws strictly before target
6,recent5_count,0,599,80,0.1335559265442404,0.10863587748334061,0.1631461249376744,0.13333333333333333,0.00022259321090706274,False,condition uses draws strictly before target
6,recent5_count,1,475,66,0.13894736842105262,0.11072799803949035,0.1729597577267893,0.13333333333333333,0.0056140350877192935,False,condition uses draws strictly before target
6,recent5_count,2,152,19,0.125,0.08150359127039453,0.18698374924427225,0.13333333333333333,-0.008333333333333331,False,condition uses draws strictly before target
6,recent5_count,3,17,1,0.058823529411764705,0.010460400984997592,0.26982030637575405,0.13333333333333333,-0.07450980392156863,True,condition uses draws strictly before target
6,recent10_state,cold,744,104,0.13978494623655913,0.11671359066661514,0.16655695594731124,0.13333333333333333,0.006451612903225795,False,condition uses draws strictly before target
6,recent10_state,hot,499,62,0.12424849699398798,0.09814491539395653,0.1560931880442894,0.13333333333333333,-0.009084836339345356,False,condition uses draws strictly before target
7,prev1,0,1072,148,0.13805970149253732,0.11869836409283102,0.16000576685725487,0.13333333333333333,0.004726368159203992,False,condition uses draws strictly before target
7,prev1,1,171,23,0.13450292397660818,0.09132603231168446,0.19374055977050725,0.13333333333333333,0.0011695906432748482,False,condition uses draws strictly before target
7,recent3_count,0,793,109,0.13745271122320302,0.11522941318039275,0.16317158662327463,0.13333333333333333,0.004119377889869685,False,condition uses draws strictly before target
7,recent3_count,1,390,57,0.14615384615384616,0.11454639954171031,0.1846639963712916,0.13333333333333333,0.01282051282051283,False,condition uses draws strictly before target
7,recent3_count,2,57,5,0.08771929824561403,0.03805167177792225,0.18944877099558666,0.13333333333333333,-0.0456140350877193,False,condition uses draws strictly before target
7,recent3_count,3,3,0,0.0,5.551115123125783e-17,0.5614970317550454,0.13333333333333333,-0.13333333333333333,True,condition uses draws strictly before target
7,recent5_count,0,594,80,0.13468013468013468,0.10956203666724204,0.1644929931459945,0.13333333333333333,0.0013468013468013462,False,condition uses draws strictly before target
7,recent5_count,1,465,71,0.15268817204301074,0.12285162265749376,0.18821612972843677,0.13333333333333333,0.019354838709677413,False,condition uses draws strictly before target
7,recent5_count,2,164,19,0.11585365853658537,0.07543504158252853,0.1738565167409341,0.13333333333333333,-0.01747967479674796,False,condition uses draws strictly before target
7,recent5_count,3,20,1,0.05,0.008881448800795402,0.23613119344674205,0.13333333333333333,-0.08333333333333333,True,condition uses draws strictly before target
7,recent10_state,cold,713,101,0.14165497896213183,0.1179771341773683,0.16917347114522638,0.13333333333333333,0.008321645628798502,False,condition uses draws strictly before target
7,recent10_state,hot,530,70,0.1320754716981132,0.10588060889521281,0.16356541565757002,0.13333333333333333,-0.0012578616352201255,False,condition uses draws strictly before target
8,prev1,0,1085,138,0.1271889400921659,0.10867034948864852,0.1483381034442382,0.13333333333333333,-0.006144393241167445,False,condition uses draws strictly before target
8,prev1,1,158,20,0.12658227848101267,0.08345736652535352,0.18743403015481697,0.13333333333333333,-0.006751054852320665,False,condition uses draws strictly before target
8,recent3_count,0,824,110,0.13349514563106796,0.11196528804735292,0.1584264112758105,0.13333333333333333,0.0001618122977346259,False,condition uses draws strictly before target
8,recent3_count,1,367,40,0.10899182561307902,0.08106763552156163,0.14501673780421687,0.13333333333333333,-0.024341507720254313,False,condition uses draws strictly before target
8,recent3_count,2,49,8,0.16326530612244897,0.08512698370728837,0.2903633843391683,0.13333333333333333,0.029931972789115635,False,condition uses draws strictly before target
8,recent3_count,3,3,0,0.0,5.551115123125783e-17,0.5614970317550454,0.13333333333333333,-0.13333333333333333,True,condition uses draws strictly before target
8,recent5_count,0,614,80,0.13029315960912052,0.10594906635668834,0.15923459278691587,0.13333333333333333,-0.003040173724212808,False,condition uses draws strictly before target
8,recent5_count,1,490,58,0.11836734693877551,0.09269030542375241,0.1499816223380004,0.13333333333333333,-0.014965986394557818,False,condition uses draws strictly before target
8,recent5_count,2,118,17,0.1440677966101695,0.09193548088390031,0.21864401469143468,0.13333333333333333,0.010734463276836165,False,condition uses draws strictly before target
8,recent5_count,3,20,3,0.15,0.052368745896216595,0.36041886474075696,0.13333333333333333,0.016666666666666663,True,condition uses draws strictly before target
8,recent5_count,4,1,0,0.0,0.0,0.7934506856227626,0.13333333333333333,-0.13333333333333333,True,condition uses draws strictly before target
8,recent10_state,cold,809,101,0.12484548825710753,0.10382595899331527,0.14941095035348143,0.13333333333333333,-0.008487845076225797,False,condition uses draws strictly before target
8,recent10_state,hot,434,57,0.1313364055299539,0.10276808471074163,0.16637376206204846,0.13333333333333333,-0.001996927803379428,False,condition uses draws strictly before target
9,prev1,0,1106,116,0.10488245931283906,0.08817186005811815,0.12432827403427442,0.13333333333333333,-0.028450874020494274,False,condition uses draws strictly before target
9,prev1,1,137,21,0.15328467153284672,0.10249670877463245,0.22298599500121447,0.13333333333333333,0.01995133819951339,False,condition uses draws strictly before target
9,recent3_count,0,892,92,0.1031390134529148,0.08485201578177187,0.12482957125704736,0.13333333333333333,-0.030194319880418527,False,condition uses draws strictly before target
9,recent3_count,1,296,35,0.11824324324324324,0.08626026610912457,0.16000807553755708,0.13333333333333333,-0.015090090090090089,False,condition uses draws strictly before target
9,recent3_count,2,52,10,0.19230769230769232,0.10796046024733509,0.3189886081365802,0.13333333333333333,0.05897435897435899,False,condition uses draws strictly before target
9,recent3_count,3,3,0,0.0,5.551115123125783e-17,0.5614970317550454,0.13333333333333333,-0.13333333333333333,True,condition uses draws strictly before target
9,recent5_count,0,716,76,0.10614525139664804,0.0856475199282534,0.1308466218179124,0.13333333333333333,-0.027188081936685288,False,condition uses draws strictly before target
9,recent5_count,1,398,46,0.11557788944723618,0.08777763054104587,0.1507280206726573,0.13333333333333333,-0.01775544388609715,False,condition uses draws strictly before target
9,recent5_count,2,106,12,0.11320754716981132,0.06595682056427885,0.18751267191708645,0.13333333333333333,-0.020125786163522008,False,condition uses draws strictly before target
9,recent5_count,3,21,3,0.14285714285714285,0.04981012499725268,0.34636060280620945,0.13333333333333333,0.009523809523809518,True,condition uses draws strictly before target
9,recent5_count,4,2,0,0.0,0.0,0.6576197724933469,0.13333333333333333,-0.13333333333333333,True,condition uses draws strictly before target
9,recent10_state,cold,863,97,0.11239860950173812,0.09301971008430729,0.13521286555859072,0.13333333333333333,-0.02093472383159521,False,condition uses draws strictly before target
9,recent10_state,hot,380,40,0.10526315789473684,0.07825914746168516,0.14016816645663607,0.13333333333333333,-0.028070175438596495,False,condition uses draws strictly before target
10,prev1,1,163,20,0.12269938650306748,0.08085012466302419,0.18192304413197477,0.13333333333333333,-0.010633946830265847,False,condition uses draws strictly before target
10,prev1,0,1080,142,0.13148148148148148,0.11262716250953309,0.15294808050976288,0.13333333333333333,-0.0018518518518518545,False,condition uses draws strictly before target
10,recent3_count,1,355,48,0.1352112676056338,0.1035214950208294,0.17471129098114396,0.13333333333333333,0.0018779342723004577,False,condition uses draws strictly before target
10,recent3_count,0,823,103,0.12515188335358446,0.10427235193446724,0.1495144612231439,0.13333333333333333,-0.008181449979748873,False,condition uses draws strictly before target
10,recent3_count,2,62,11,0.1774193548387097,0.10206437766005086,0.2904156688569637,0.13333333333333333,0.044086021505376355,False,condition uses draws strictly before target
10,recent3_count,3,3,0,0.0,5.551115123125783e-17,0.5614970317550454,0.13333333333333333,-0.13333333333333333,True,condition uses draws strictly before target
10,recent5_count,1,443,54,0.12189616252821671,0.09463835807391835,0.15565502140762433,0.13333333333333333,-0.011437170805116623,False,condition uses draws strictly before target
10,recent5_count,0,630,82,0.13015873015873017,0.10610970478597742,0.1586906746858463,0.13333333333333333,-0.0031746031746031633,False,condition uses draws strictly before target
10,recent5_count,2,142,25,0.176056338028169,0.12218952449314473,0.24698848055471967,0.13333333333333333,0.04272300469483567,False,condition uses draws strictly before target
10,recent5_count,3,27,1,0.037037037037037035,0.006568145980785103,0.18283465933575843,0.13333333333333333,-0.0962962962962963,True,condition uses draws strictly before target
10,recent5_count,4,1,0,0.0,0.0,0.7934506856227626,0.13333333333333333,-0.13333333333333333,True,condition uses draws strictly before target
10,recent10_state,cold,786,104,0.13231552162849872,0.11040617715967521,0.1578013934292286,0.13333333333333333,-0.0010178117048346147,False,condition uses draws strictly before target
10,recent10_state,hot,457,58,0.12691466083150985,0.09947409318896566,0.16057512010745023,0.13333333333333333,-0.006418672501823486,False,condition uses draws strictly before target
11,prev1,0,1075,146,0.13581395348837208,0.11662661036838329,0.15759483004982705,0.13333333333333333,0.0024806201550387486,False,condition uses draws strictly before target
11,prev1,1,168,22,0.13095238095238096,0.08809352338520547,0.1903111127777924,0.13333333333333333,-0.0023809523809523725,False,condition uses draws strictly before target
11,recent3_count,0,799,116,0.14518147684605756,0.12245182342412872,0.17130662194455612,0.13333333333333333,0.01184814351272423,False,condition uses draws strictly before target
11,recent3_count,1,387,45,0.11627906976744186,0.08804737478390828,0.15205371148223845,0.13333333333333333,-0.017054263565891473,False,condition uses draws strictly before target
11,recent3_count,2,54,7,0.12962962962962962,0.06423720747326257,0.2442173022236977,0.13333333333333333,-0.003703703703703709,False,condition uses draws strictly before target
11,recent3_count,3,3,0,0.0,5.551115123125783e-17,0.5614970317550454,0.13333333333333333,-0.13333333333333333,True,condition uses draws strictly before target
11,recent5_count,0,586,83,0.1416382252559727,0.11573668413337965,0.17220756983660832,0.13333333333333333,0.008304891922639362,False,condition uses draws strictly before target
11,recent5_count,1,497,63,0.1267605633802817,0.10034522399185625,0.15890140292761884,0.13333333333333333,-0.006572769953051644,False,condition uses draws strictly before target
11,recent5_count,2,138,20,0.14492753623188406,0.09581853412721553,0.21326922614543775,0.13333333333333333,0.011594202898550732,False,condition uses draws strictly before target
11,recent5_count,3,22,2,0.09090909090909091,0.025295428990995267,0.27814946841605814,0.13333333333333333,-0.04242424242424242,True,condition uses draws strictly before target
11,recent10_state,cold,751,107,0.14247669773635152,0.11929454522884861,0.16929778932711595,0.13333333333333333,0.00914336440301819,False,condition uses draws strictly before target
11,recent10_state,hot,492,61,0.12398373983739837,0.09774313887128053,0.15605060221683778,0.13333333333333333,-0.009349593495934963,False,condition uses draws strictly before target
12,prev1,0,1063,155,0.1458137347130762,0.12587326393117385,0.16830489743089042,0.13333333333333333,0.012480401379742878,False,condition uses draws strictly before target
12,prev1,1,180,25,0.1388888888888889,0.09587747021305285,0.19699150050811212,0.13333333333333333,0.005555555555555564,False,condition uses draws strictly before target
12,recent3_count,0,777,114,0.14671814671814673,0.12357806460989676,0.17333426785109293,0.13333333333333333,0.013384813384813399,False,condition uses draws strictly before target
12,recent3_count,1,394,57,0.1446700507614213,0.11336516086953127,0.1828368970306357,0.13333333333333333,0.011336717428087978,False,condition uses draws strictly before target
12,recent3_count,2,70,9,0.12857142857142856,0.06914100115337508,0.22664755949425175,0.13333333333333333,-0.004761904761904773,False,condition uses draws strictly before target
12,recent3_count,3,2,0,0.0,0.0,0.6576197724933469,0.13333333333333333,-0.13333333333333333,True,condition uses draws strictly before target
12,recent5_count,0,564,86,0.1524822695035461,0.12517214456072068,0.18449432323450793,0.13333333333333333,0.019148936170212766,False,condition uses draws strictly before target
12,recent5_count,1,483,69,0.14285714285714285,0.11446408095337018,0.1768863294333815,0.13333333333333333,0.009523809523809518,False,condition uses draws strictly before target
12,recent5_count,2,173,21,0.12138728323699421,0.08078131119587899,0.17844217138788782,0.13333333333333333,-0.011946050096339117,False,condition uses draws strictly before target
12,recent5_count,3,21,4,0.19047619047619047,0.07667565052761793,0.40000564690204926,0.13333333333333333,0.057142857142857134,True,condition uses draws strictly before target
12,recent5_count,4,2,0,0.0,0.0,0.6576197724933469,0.13333333333333333,-0.13333333333333333,True,condition uses draws strictly before target
12,recent10_state,cold,677,102,0.15066469719350073,0.1256933592650894,0.17957808995115326,0.13333333333333333,0.017331363860167398,False,condition uses draws strictly before target
12,recent10_state,hot,566,78,0.13780918727915195,0.11184403319265311,0.1686575981759934,0.13333333333333333,0.00447585394581862,False,condition uses draws strictly before target
13,prev1,0,1060,155,0.14622641509433962,0.1262333256607798,0.1687744090148348,0.13333333333333333,0.012893081761006286,False,condition uses draws strictly before target
13,prev1,1,183,29,0.15846994535519127,0.11266065612784593,0.21832294468016017,0.13333333333333333,0.025136612021857935,False,condition uses draws strictly before target
13,recent3_count,0,771,117,0.1517509727626459,0.1281564893732272,0.17879850911470596,0.13333333333333333,0.01841763942931257,False,condition uses draws strictly before target
13,recent3_count,1,402,52,0.12935323383084577,0.10002388531050627,0.16569923507759543,0.13333333333333333,-0.003980099502487566,False,condition uses draws strictly before target
13,recent3_count,2,63,13,0.20634920634920634,0.1247531961549383,0.3216981432861334,0.13333333333333333,0.073015873015873,False,condition uses draws strictly before target
13,recent3_count,3,7,2,0.2857142857142857,0.08221892400405678,0.6410655481673808,0.13333333333333333,0.15238095238095237,True,condition uses draws strictly before target
13,recent5_count,0,559,79,0.1413237924865832,0.11488875791903091,0.17265484123195562,0.13333333333333333,0.007990459153249863,False,condition uses draws strictly before target
13,recent5_count,1,495,79,0.1595959595959596,0.1299723792793723,0.19446228018798997,0.13333333333333333,0.026262626262626265,False,condition uses draws strictly before target
13,recent5_count,2,154,22,0.14285714285714285,0.0962711916321223,0.2068269878838274,0.13333333333333333,0.009523809523809518,False,condition uses draws strictly before target
13,recent5_count,3,31,4,0.12903225806451613,0.051342843746291486,0.28852406256306423,0.13333333333333333,-0.004301075268817206,False,condition uses draws strictly before target
13,recent5_count,4,4,0,0.0,0.0,0.4898908364545973,0.13333333333333333,-0.13333333333333333,True,condition uses draws strictly before target
13,recent10_state,cold,681,105,0.15418502202643172,0.12900877182000065,0.18324080954870314,0.13333333333333333,0.02085168869309839,False,condition uses draws strictly before target
13,recent10_state,hot,562,79,0.14056939501779359,0.1142671947006656,0.17175189474180497,0.13333333333333333,0.007236061684460254,False,condition uses draws strictly before target
14,prev1,0,1071,156,0.14565826330532214,0.1257975236795134,0.16805182147622,0.13333333333333333,0.012324929971988807,False,condition uses draws strictly before target
14,prev1,1,172,16,0.09302325581395349,0.05807116356543861,0.14575709776195256,0.13333333333333333,-0.040310077519379844,False,condition uses draws strictly before target
14,recent3_count,0,779,120,0.1540436456996149,0.13039679109589444,0.18108576526746847,0.13333333333333333,0.02071031236628157,False,condition uses draws strictly before target
14,recent3_count,1,412,48,0.11650485436893204,0.08900865168801839,0.1510863573662486,0.13333333333333333,-0.01682847896440129,False,condition uses draws strictly before target
14,recent3_count,2,52,4,0.07692307692307693,0.030319345184930124,0.1817356238429534,0.13333333333333333,-0.056410256410256404,False,condition uses draws strictly before target
14,recent5_count,0,557,84,0.15080789946140036,0.12348612095331103,0.18291322973312485,0.13333333333333333,0.017474566128067026,False,condition uses draws strictly before target
14,recent5_count,1,528,71,0.13446969696969696,0.10799579240624882,0.16622400825405156,0.13333333333333333,0.0011363636363636298,False,condition uses draws strictly before target
14,recent5_count,2,142,16,0.11267605633802817,0.07055648914733137,0.17519982123598477,0.13333333333333333,-0.02065727699530516,False,condition uses draws strictly before target
14,recent5_count,3,16,1,0.0625,0.01111934476464252,0.28328737570298945,0.13333333333333333,-0.07083333333333333,True,condition uses draws strictly before target
14,recent10_state,cold,744,100,0.13440860215053763,0.11176821084084215,0.16080488124493386,0.13333333333333333,0.0010752688172042946,False,condition uses draws strictly before target
14,recent10_state,hot,499,72,0.14428857715430862,0.11617375863817364,0.17783831261669925,0.13333333333333333,0.010955243820975291,False,condition uses draws strictly before target
15,prev1,0,1073,143,0.13327120223671948,0.11423799240921953,0.15492090414563156,0.13333333333333333,-6.213109661384886e-05,False,condition uses draws strictly before target
15,prev1,1,170,27,0.1588235294117647,0.1115080275089608,0.2212173143805923,0.13333333333333333,0.025490196078431365,False,condition uses draws strictly before target
15,recent3_count,0,813,108,0.13284132841328414,0.11122876085397007,0.15790725868412706,0.13333333333333333,-0.0004920049200491938,False,condition uses draws strictly before target
15,recent3_count,1,354,49,0.1384180790960452,0.10630917495983584,0.17829020923763494,0.13333333333333333,0.0050847457627118675,False,condition uses draws strictly before target
15,recent3_count,2,72,12,0.16666666666666666,0.09799371242561683,0.269107069305355,0.13333333333333333,0.033333333333333326,False,condition uses draws strictly before target
15,recent3_count,3,4,1,0.25,0.04558726080970055,0.6993581574175981,0.13333333333333333,0.11666666666666667,True,condition uses draws strictly before target
15,recent5_count,0,606,87,0.14356435643564355,0.1178893479941409,0.1737298199853571,0.13333333333333333,0.010231023102310222,False,condition uses draws strictly before target
15,recent5_count,1,461,57,0.12364425162689804,0.09666904451559999,0.1568398811289815,0.13333333333333333,-0.009689081706435287,False,condition uses draws strictly before target
15,recent5_count,2,142,22,0.15492957746478872,0.10459474083686213,0.2234426993228195,0.13333333333333333,0.02159624413145539,False,condition uses draws strictly before target
15,recent5_count,3,31,3,0.0967741935483871,0.03346464416319736,0.24899938443392836,0.13333333333333333,-0.03655913978494624,False,condition uses draws strictly before target
15,recent5_count,4,3,1,0.3333333333333333,0.06149194472039621,0.7923403991979522,0.13333333333333333,0.19999999999999998,True,condition uses draws strictly before target
15,recent10_state,cold,747,101,0.13520749665327977,0.11254421766096004,0.16160348209978323,0.13333333333333333,0.0018741633199464425,False,condition uses draws strictly before target
15,recent10_state,hot,496,69,0.13911290322580644,0.11142180538379151,0.1723510916370942,0.13333333333333333,0.005779569892473108,False,condition uses draws strictly before target
16,prev1,0,1073,148,0.13793103448275862,0.11858660727425117,0.15985870736757765,0.13333333333333333,0.004597701149425287,False,condition uses draws strictly before target
16,prev1,1,170,22,0.12941176470588237,0.0870374097396174,0.18816425472662132,0.13333333333333333,-0.0039215686274509665,False,condition uses draws strictly before target
16,recent3_count,0,808,104,0.12871287128712872,0.10736698180039006,0.15357246212554782,0.13333333333333333,-0.004620462046204615,False,condition uses draws strictly before target
16,recent3_count,1,362,60,0.16574585635359115,0.1309901963364982,0.20752107906652054,0.13333333333333333,0.03241252302025782,False,condition uses draws strictly before target
16,recent3_count,2,72,6,0.08333333333333333,0.038752424956949666,0.17012355220676517,0.13333333333333333,-0.05,False,condition uses draws strictly before target
16,recent3_count,3,1,0,0.0,0.0,0.7934506856227626,0.13333333333333333,-0.13333333333333333,True,condition uses draws strictly before target
16,recent5_count,0,611,85,0.13911620294599017,0.11392376513669142,0.16881816178888273,0.13333333333333333,0.005782869612656838,False,condition uses draws strictly before target
16,recent5_count,1,442,58,0.13122171945701358,0.10289735752196684,0.16590101564343962,0.13333333333333333,-0.002111613876319751,False,condition uses draws strictly before target
16,recent5_count,2,168,25,0.1488095238095238,0.10287185285884104,0.2104486880059473,0.13333333333333333,0.015476190476190477,False,condition uses draws strictly before target
16,recent5_count,3,21,2,0.09523809523809523,0.02651876743807452,0.2891413907391826,0.13333333333333333,-0.0380952380952381,True,condition uses draws strictly before target
16,recent5_count,4,1,0,0.0,0.0,0.7934506856227626,0.13333333333333333,-0.13333333333333333,True,condition uses draws strictly before target
16,recent10_state,cold,738,104,0.14092140921409213,0.11767399278093053,0.1678876407754612,0.13333333333333333,0.007588075880758799,False,condition uses draws strictly before target
16,recent10_state,hot,505,66,0.1306930693069307,0.10406206281048844,0.1629001834174905,0.13333333333333333,-0.0026402640264026334,False,condition uses draws strictly before target
17,prev1,0,1072,148,0.13805970149253732,0.11869836409283102,0.16000576685725487,0.13333333333333333,0.004726368159203992,False,condition uses draws strictly before target
17,prev1,1,171,23,0.13450292397660818,0.09132603231168446,0.19374055977050725,0.13333333333333333,0.0011695906432748482,False,condition uses draws strictly before target
17,recent3_count,0,790,114,0.14430379746835442,0.12152008476816042,0.17052999178630737,0.13333333333333333,0.01097046413502109,False,condition uses draws strictly before target
17,recent3_count,1,399,48,0.12030075187969924,0.09194840543854965,0.15589465200885633,0.13333333333333333,-0.01303258145363409,False,condition uses draws strictly before target
17,recent3_count,2,48,8,0.16666666666666666,0.08695513576485567,0.295778284012556,0.13333333333333333,0.033333333333333326,False,condition uses draws strictly before target
17,recent3_count,3,6,1,0.16666666666666666,0.030053369748306635,0.5635028221864702,0.13333333333333333,0.033333333333333326,True,condition uses draws strictly before target
17,recent5_count,0,578,82,0.14186851211072665,0.11578373122756276,0.17268223536217414,0.13333333333333333,0.00853517877739332,False,condition uses draws strictly before target
17,recent5_count,1,505,70,0.13861386138613863,0.11119506496186199,0.1714891706231576,0.13333333333333333,0.0052805280528052945,False,condition uses draws strictly before target
17,recent5_count,2,134,15,0.11194029850746269,0.06902072046809432,0.1764892959683649,0.13333333333333333,-0.02139303482587064,False,condition uses draws strictly before target
17,recent5_count,3,22,2,0.09090909090909091,0.025295428990995267,0.27814946841605814,0.13333333333333333,-0.04242424242424242,True,condition uses draws strictly before target
17,recent5_count,4,4,2,0.5,0.15003898915214947,0.8499610108478506,0.13333333333333333,0.3666666666666667,True,condition uses draws strictly before target
17,recent10_state,cold,716,104,0.1452513966480447,0.12133497242164434,0.1729540772362497,0.13333333333333333,0.011918063314711375,False,condition uses draws strictly before target
17,recent10_state,hot,527,67,0.127134724857685,0.10136667010251113,0.15829929330381307,0.13333333333333333,-0.006198608475648321,False,condition uses draws strictly before target
18,prev1,0,1064,148,0.13909774436090225,0.11960006241457448,0.16119204988253927,0.13333333333333333,0.0057644110275689164,False,condition uses draws strictly before target
18,prev1,1,179,32,0.1787709497206704,0.12957319453248922,0.24146660824672472,0.13333333333333333,0.045437616387337065,False,condition uses draws strictly before target
18,recent3_count,0,794,106,0.13350125944584382,0.11159976210426431,0.15893200386805528,0.13333333333333333,0.00016792611251048584,False,condition uses draws strictly before target
18,recent3_count,1,366,64,0.17486338797814208,0.1393808552305277,0.21710016028648402,0.13333333333333333,0.041530054644808745,False,condition uses draws strictly before target
18,recent3_count,2,80,10,0.125,0.06933557616004862,0.21502802099159665,0.13333333333333333,-0.008333333333333331,False,condition uses draws strictly before target
18,recent3_count,3,3,0,0.0,5.551115123125783e-17,0.5614970317550454,0.13333333333333333,-0.13333333333333333,True,condition uses draws strictly before target
18,recent5_count,0,599,79,0.1318864774624374,0.10711988259815496,0.16134449796600822,0.13333333333333333,-0.0014468558708959356,False,condition uses draws strictly before target
18,recent5_count,1,429,67,0.1561771561771562,0.12489334948789621,0.19356380384545713,0.13333333333333333,0.02284382284382286,False,condition uses draws strictly before target
18,recent5_count,2,184,32,0.17391304347826086,0.12596902088004525,0.23519437322164155,0.13333333333333333,0.04057971014492753,False,condition uses draws strictly before target
18,recent5_count,3,30,2,0.06666666666666667,0.018477023791270378,0.2132345836261692,0.13333333333333333,-0.06666666666666667,False,condition uses draws strictly before target
18,recent5_count,4,1,0,0.0,0.0,0.7934506856227626,0.13333333333333333,-0.13333333333333333,True,condition uses draws strictly before target
18,recent10_state,cold,710,98,0.13802816901408452,0.11459788785313996,0.16535427288412424,0.13333333333333333,0.004694835680751186,False,condition uses draws strictly before target
18,recent10_state,hot,533,82,0.15384615384615385,0.12570216991736544,0.18694406122394708,0.13333333333333333,0.020512820512820523,False,condition uses draws strictly before target
19,prev1,0,1072,143,0.1333955223880597,0.11434562622192315,0.15506345486927206,0.13333333333333333,6.218905472638037e-05,False,condition uses draws strictly before target
19,prev1,1,171,28,0.16374269005847952,0.11578529307840416,0.2264759716372122,0.13333333333333333,0.03040935672514619,False,condition uses draws strictly before target
19,recent3_count,0,802,112,0.1396508728179551,0.11737490084873421,0.1653624246223676,0.13333333333333333,0.00631753948462177,False,condition uses draws strictly before target
19,recent3_count,1,375,47,0.12533333333333332,0.09557606544839106,0.16268885393310292,0.13333333333333333,-0.008000000000000007,False,condition uses draws strictly before target
19,recent3_count,2,60,11,0.18333333333333332,0.10557796889197638,0.2991975374646805,0.13333333333333333,0.04999999999999999,False,condition uses draws strictly before target
19,recent3_count,3,6,1,0.16666666666666666,0.030053369748306635,0.5635028221864702,0.13333333333333333,0.033333333333333326,True,condition uses draws strictly before target
19,recent5_count,0,589,89,0.15110356536502548,0.12444589318845584,0.18228275426886104,0.13333333333333333,0.017770232031692146,False,condition uses draws strictly before target
19,recent5_count,1,489,63,0.12883435582822086,0.10200881151644116,0.1614460105096683,0.13333333333333333,-0.004498977505112467,False,condition uses draws strictly before target
19,recent5_count,2,134,13,0.09701492537313433,0.057575001389914525,0.15891616952487,0.13333333333333333,-0.036318407960199,False,condition uses draws strictly before target
19,recent5_count,3,27,6,0.2222222222222222,0.10607239452360037,0.4075692886663257,0.13333333333333333,0.08888888888888888,True,condition uses draws strictly before target
19,recent5_count,4,4,0,0.0,0.0,0.4898908364545973,0.13333333333333333,-0.13333333333333333,True,condition uses draws strictly before target
19,recent10_state,cold,726,104,0.14325068870523416,0.11964303161375378,0.1706137854804624,0.13333333333333333,0.009917355371900832,False,condition uses draws strictly before target
19,recent10_state,hot,517,67,0.12959381044487428,0.10335311575997919,0.1612983563651454,0.13333333333333333,-0.0037395228884590515,False,condition uses draws strictly before target
20,prev1,0,1071,154,0.1437908496732026,0.12404891254899314,0.1660789535298271,0.13333333333333333,0.010457516339869272,False,condition uses draws strictly before target
20,prev1,1,172,18,0.10465116279069768,0.06722757369593735,0.15934845159352834,0.13333333333333333,-0.02868217054263565,False,condition uses draws strictly before target
20,recent3_count,0,788,113,0.1434010152284264,0.12065829495066024,0.1696036713310772,0.13333333333333333,0.010067681895093078,False,condition uses draws strictly before target
20,recent3_count,1,396,50,0.12626262626262627,0.09709980415643499,0.16260677836496645,0.13333333333333333,-0.007070707070707061,False,condition uses draws strictly before target
20,recent3_count,2,57,9,0.15789473684210525,0.0853579597035527,0.2736317694063802,0.13333333333333333,0.024561403508771923,False,condition uses draws strictly before target
20,recent3_count,3,2,0,0.0,0.0,0.6576197724933469,0.13333333333333333,-0.13333333333333333,True,condition uses draws strictly before target
20,recent5_count,0,581,85,0.14629948364888123,0.11988666413700987,0.17735877939094627,0.13333333333333333,0.012966150315547903,False,condition uses draws strictly before target
20,recent5_count,1,495,56,0.11313131313131314,0.08815494154999054,0.14406605125713037,0.13333333333333333,-0.020202020202020193,False,condition uses draws strictly before target
20,recent5_count,2,139,27,0.19424460431654678,0.13707039050278227,0.267864278312812,0.13333333333333333,0.060911270983213445,False,condition uses draws strictly before target
20,recent5_count,3,26,4,0.15384615384615385,0.06150033723578355,0.3353119932821348,0.13333333333333333,0.020512820512820523,True,condition uses draws strictly before target
20,recent5_count,4,2,0,0.0,0.0,0.6576197724933469,0.13333333333333333,-0.13333333333333333,True,condition uses draws strictly before target
20,recent10_state,cold,776,103,0.1327319587628866,0.11065973823420777,0.15842246616413797,0.13333333333333333,-0.0006013745704467333,False,condition uses draws strictly before target
20,recent10_state,hot,467,69,0.14775160599571735,0.11844456126934039,0.18280643556505305,0.13333333333333333,0.014418272662384019,False,condition uses draws strictly before target
21,prev1,0,1076,139,0.129182156133829,0.11045312231970222,0.15054950590731186,0.13333333333333333,-0.004151177199504336,False,condition uses draws strictly before target
21,prev1,1,167,28,0.16766467065868262,0.11862396675614248,0.23165083910055798,0.13333333333333333,0.03433133732534929,False,condition uses draws strictly before target
21,recent3_count,0,814,111,0.13636363636363635,0.1144902132723501,0.16165311057717885,0.13333333333333333,0.003030303030303022,False,condition uses draws strictly before target
21,recent3_count,1,361,44,0.12188365650969529,0.09206014018789307,0.15966963613073185,0.13333333333333333,-0.011449676823638039,False,condition uses draws strictly before target
21,recent3_count,2,64,12,0.1875,0.11064643172948806,0.29974360564101526,0.13333333333333333,0.05416666666666667,False,condition uses draws strictly before target
21,recent3_count,3,4,0,0.0,0.0,0.4898908364545973,0.13333333333333333,-0.13333333333333333,True,condition uses draws strictly before target
21,recent5_count,0,604,81,0.13410596026490065,0.10922981642188305,0.16360688534316611,0.13333333333333333,0.0007726269315673218,False,condition uses draws strictly before target
21,recent5_count,1,479,59,0.12317327766179541,0.0967053301861337,0.15563724851098815,0.13333333333333333,-0.010160055671537924,False,condition uses draws strictly before target
21,recent5_count,2,126,19,0.15079365079365079,0.09871250038919809,0.2235378748047182,0.13333333333333333,0.017460317460317454,False,condition uses draws strictly before target
21,recent5_count,3,32,8,0.25,0.1325240091850904,0.4210655899424448,0.13333333333333333,0.11666666666666667,False,condition uses draws strictly before target
21,recent5_count,4,2,0,0.0,0.0,0.6576197724933469,0.13333333333333333,-0.13333333333333333,True,condition uses draws strictly before target
21,recent10_state,cold,785,99,0.12611464968152866,0.1046972899017285,0.15117346405489546,0.13333333333333333,-0.007218683651804669,False,condition uses draws strictly before target
21,recent10_state,hot,458,68,0.14847161572052403,0.118835767007686,0.18395527989784172,0.13333333333333333,0.015138282387190699,False,condition uses draws strictly before target
22,prev1,0,1097,127,0.11577028258887875,0.09816336119986141,0.13605879382045705,0.13333333333333333,-0.017563050744454578,False,condition uses draws strictly before target
22,prev1,1,146,19,0.13013698630136986,0.08491961639625936,0.19431858076226652,0.13333333333333333,-0.0031963470319634757,False,condition uses draws strictly before target
22,recent3_count,0,861,98,0.11382113821138211,0.09430043564412133,0.1367725046994184,0.13333333333333333,-0.019512195121951223,False,condition uses draws strictly before target
22,recent3_count,1,329,41,0.12462006079027356,0.0932058544577446,0.16469909261478344,0.13333333333333333,-0.008713272543059772,False,condition uses draws strictly before target
22,recent3_count,2,50,7,0.14,0.06950833427016294,0.2618619371058554,0.13333333333333333,0.006666666666666682,False,condition uses draws strictly before target
22,recent3_count,3,3,0,0.0,5.551115123125783e-17,0.5614970317550454,0.13333333333333333,-0.13333333333333333,True,condition uses draws strictly before target
22,recent5_count,0,678,75,0.11061946902654868,0.08916800631002629,0.13645843049652506,0.13333333333333333,-0.022713864306784654,False,condition uses draws strictly before target
22,recent5_count,1,421,57,0.13539192399049882,0.10598789295732469,0.1713896001616544,0.13333333333333333,0.0020585906571654877,False,condition uses draws strictly before target
22,recent5_count,2,124,12,0.0967741935483871,0.056228207656693285,0.16155293374707905,0.13333333333333333,-0.03655913978494624,False,condition uses draws strictly before target
22,recent5_count,3,19,2,0.10526315789473684,0.02935856029887013,0.31394082711109006,0.13333333333333333,-0.028070175438596495,True,condition uses draws strictly before target
22,recent5_count,4,1,0,0.0,0.0,0.7934506856227626,0.13333333333333333,-0.13333333333333333,True,condition uses draws strictly before target
22,recent10_state,cold,821,88,0.1071863580998782,0.08782545176926769,0.13020609465399285,0.13333333333333333,-0.026146975233455133,False,condition uses draws strictly before target
22,recent10_state,hot,422,58,0.13744075829383887,0.1078460606527227,0.17357665275000142,0.13333333333333333,0.004107424960505535,False,condition uses draws strictly before target
23,prev1,1,149,16,0.10738255033557047,0.06718577586801208,0.1673151187010558,0.13333333333333333,-0.025950782997762864,False,condition uses draws strictly before target
23,prev1,0,1094,132,0.1206581352833638,0.10267187719978413,0.14129910482927,0.13333333333333333,-0.012675198049969527,False,condition uses draws strictly before target
23,recent3_count,1,340,43,0.1264705882352941,0.09526477184577328,0.16602268060057204,0.13333333333333333,-0.006862745098039219,False,condition uses draws strictly before target
23,recent3_count,0,851,96,0.1128084606345476,0.09326987877918233,0.1358269400518432,0.13333333333333333,-0.020524872698785737,False,condition uses draws strictly before target
23,recent3_count,2,49,9,0.1836734693877551,0.09976341062070308,0.3135760260289987,0.13333333333333333,0.05034013605442178,False,condition uses draws strictly before target
23,recent3_count,3,3,0,0.0,5.551115123125783e-17,0.5614970317550454,0.13333333333333333,-0.13333333333333333,True,condition uses draws strictly before target
23,recent5_count,1,437,57,0.13043478260869565,0.1020526542185658,0.16525763718627334,0.13333333333333333,-0.002898550724637683,False,condition uses draws strictly before target
23,recent5_count,0,667,74,0.11094452773613193,0.08930222572269406,0.13704254892439444,0.13333333333333333,-0.022388805597201397,False,condition uses draws strictly before target
23,recent5_count,2,112,12,0.10714285714285714,0.06236012372515781,0.17798093468458379,0.13333333333333333,-0.026190476190476195,False,condition uses draws strictly before target
23,recent5_count,3,26,5,0.19230769230769232,0.0850706114894241,0.3787625711931699,0.13333333333333333,0.05897435897435899,True,condition uses draws strictly before target
23,recent5_count,4,1,0,0.0,0.0,0.7934506856227626,0.13333333333333333,-0.13333333333333333,True,condition uses draws strictly before target
23,recent10_state,cold,821,94,0.11449451887941535,0.09448629929255697,0.13809349742980573,0.13333333333333333,-0.018838814453917982,False,condition uses draws strictly before target
23,recent10_state,hot,422,54,0.12796208530805686,0.09941392716553948,0.16322245194705975,0.13333333333333333,-0.0053712480252764705,False,condition uses draws strictly before target
24,prev1,0,1075,142,0.13209302325581396,0.1131562212322141,0.1536498571468464,0.13333333333333333,-0.0012403100775193743,False,condition uses draws strictly before target
24,prev1,1,168,26,0.15476190476190477,0.10785549521335905,0.21710368055202608,0.13333333333333333,0.021428571428571436,False,condition uses draws strictly before target
24,recent3_count,0,817,106,0.12974296205630356,0.10842341693002763,0.15452804160228664,0.13333333333333333,-0.003590371277029769,False,condition uses draws strictly before target
24,recent3_count,1,354,49,0.1384180790960452,0.10630917495983584,0.17829020923763494,0.13333333333333333,0.0050847457627118675,False,condition uses draws strictly before target
24,recent3_count,2,68,12,0.17647058823529413,0.10393587249437691,0.2836044040774335,0.13333333333333333,0.0431372549019608,False,condition uses draws strictly before target
24,recent3_count,3,4,1,0.25,0.04558726080970055,0.6993581574175981,0.13333333333333333,0.11666666666666667,True,condition uses draws strictly before target
24,recent5_count,0,621,78,0.12560386473429952,0.1018191017053447,0.15399212298895426,0.13333333333333333,-0.007729468599033812,False,condition uses draws strictly before target
24,recent5_count,1,449,60,0.133630289532294,0.10524591144761716,0.16823050377109203,0.13333333333333333,0.0002969561989606684,False,condition uses draws strictly before target
24,recent5_count,2,139,22,0.15827338129496402,0.10690571776202609,0.2280212650318734,0.13333333333333333,0.024940047961630685,False,condition uses draws strictly before target
24,recent5_count,3,29,7,0.2413793103448276,0.12218422442520088,0.42107601617811335,0.13333333333333333,0.10804597701149427,True,condition uses draws strictly before target
24,recent5_count,4,5,1,0.2,0.03622410863243014,0.6244653702374747,0.13333333333333333,0.06666666666666668,True,condition uses draws strictly before target
24,recent10_state,cold,770,99,0.12857142857142856,0.1067596783174677,0.1540708271045254,0.13333333333333333,-0.004761904761904773,False,condition uses draws strictly before target
24,recent10_state,hot,473,69,0.14587737843551796,0.11691983703716377,0.18054057920158137,0.13333333333333333,0.012544045102184626,False,condition uses draws strictly before target
25,prev1,0,1090,135,0.12385321100917432,0.1056080658311047,0.1447403339415017,0.13333333333333333,-0.009480122324159013,False,condition uses draws strictly before target
25,prev1,1,153,18,0.11764705882352941,0.0757265380767955,0.1782972329354474,0.13333333333333333,-0.01568627450980392,False,condition uses draws strictly before target
25,recent3_count,0,844,105,0.12440758293838862,0.10382829504149495,0.14839039112435626,0.13333333333333333,-0.008925750394944712,False,condition uses draws strictly before target
25,recent3_count,1,340,43,0.1264705882352941,0.09526477184577328,0.16602268060057204,0.13333333333333333,-0.006862745098039219,False,condition uses draws strictly before target
25,recent3_count,2,58,5,0.08620689655172414,0.037385383126191135,0.18643629062873543,0.13333333333333333,-0.04712643678160919,False,condition uses draws strictly before target
25,recent3_count,3,1,0,0.0,0.0,0.7934506856227626,0.13333333333333333,-0.13333333333333333,True,condition uses draws strictly before target
25,recent5_count,0,646,81,0.12538699690402477,0.10204417153897613,0.15315878076520043,0.13333333333333333,-0.00794633642930856,False,condition uses draws strictly before target
25,recent5_count,1,446,56,0.12556053811659193,0.09797126797063942,0.15954492256543187,0.13333333333333333,-0.007772795216741402,False,condition uses draws strictly before target
25,recent5_count,2,135,13,0.0962962962962963,0.05714181943506583,0.1577900825642691,0.13333333333333333,-0.037037037037037035,False,condition uses draws strictly before target
25,recent5_count,3,15,3,0.2,0.07047549346981563,0.45185448715169363,0.13333333333333333,0.06666666666666668,True,condition uses draws strictly before target
25,recent5_count,4,1,0,0.0,0.0,0.7934506856227626,0.13333333333333333,-0.13333333333333333,True,condition uses draws strictly before target
25,recent10_state,cold,796,99,0.12437185929648241,0.1032348256567155,0.14911700806580008,0.13333333333333333,-0.008961474036850922,False,condition uses draws strictly before target
25,recent10_state,hot,447,54,0.12080536912751678,0.09378029590785823,0.1542924059977024,0.13333333333333333,-0.012527964205816547,False,condition uses draws strictly before target
26,prev1,0,1078,140,0.12987012987012986,0.11110986105810787,0.15125895140181317,0.13333333333333333,-0.0034632034632034736,False,condition uses draws strictly before target
26,prev1,1,165,26,0.15757575757575756,0.10986062288336608,0.22087247555542738,0.13333333333333333,0.024242424242424232,False,condition uses draws strictly before target
26,recent3_count,0,818,108,0.13202933985330073,0.11054130839235139,0.15695731492625908,0.13333333333333333,-0.0013039934800326003,False,condition uses draws strictly before target
26,recent3_count,1,359,48,0.13370473537604458,0.10235030716728027,0.17281521318201626,0.13333333333333333,0.0003714020427112441,False,condition uses draws strictly before target
26,recent3_count,2,62,10,0.16129032258064516,0.09004068870309086,0.2720633601397744,0.13333333333333333,0.027956989247311825,False,condition uses draws strictly before target
26,recent3_count,3,4,0,0.0,0.0,0.4898908364545973,0.13333333333333333,-0.13333333333333333,True,condition uses draws strictly before target
26,recent5_count,0,616,86,0.1396103896103896,0.11446824516452303,0.16921955325291227,0.13333333333333333,0.00627705627705627,False,condition uses draws strictly before target
26,recent5_count,1,456,62,0.13596491228070176,0.10753144207541954,0.17048059091646278,0.13333333333333333,0.0026315789473684292,False,condition uses draws strictly before target
26,recent5_count,2,144,16,0.1111111111111111,0.0695593871009681,0.17287233067694935,0.13333333333333333,-0.022222222222222227,False,condition uses draws strictly before target
26,recent5_count,3,27,2,0.07407407407407407,0.020554654060988622,0.23369592683023144,0.13333333333333333,-0.05925925925925926,True,condition uses draws strictly before target
26,recent10_state,cold,730,106,0.14520547945205478,0.12150518872321785,0.1726202742447071,0.13333333333333333,0.01187214611872145,False,condition uses draws strictly before target
26,recent10_state,hot,513,60,0.11695906432748537,0.09195396562157801,0.14765811794321584,0.13333333333333333,-0.016374269005847958,False,condition uses draws strictly before target
27,prev1,0,1062,151,0.14218455743879474,0.12246810451953112,0.16448025566069116,0.13333333333333333,0.008851224105461408,False,condition uses draws strictly before target
27,prev1,1,181,30,0.16574585635359115,0.11863758059728889,0.2267473737739254,0.13333333333333333,0.03241252302025782,False,condition uses draws strictly before target
27,recent3_count,0,782,119,0.15217391304347827,0.12870339242021678,0.17904501676097312,0.13333333333333333,0.01884057971014494,False,condition uses draws strictly before target
27,recent3_count,1,384,45,0.1171875,0.0887446211689821,0.15321367567230185,0.13333333333333333,-0.01614583333333333,False,condition uses draws strictly before target
27,recent3_count,2,72,16,0.2222222222222222,0.14167443539575805,0.3309095493800518,0.13333333333333333,0.08888888888888888,False,condition uses draws strictly before target
27,recent3_count,3,5,1,0.2,0.03622410863243014,0.6244653702374747,0.13333333333333333,0.06666666666666668,True,condition uses draws strictly before target
27,recent5_count,0,566,84,0.14840989399293286,0.12149508354404275,0.1800650366625946,0.13333333333333333,0.01507656065959953,False,condition uses draws strictly before target
27,recent5_count,1,493,69,0.13995943204868155,0.11210941878183439,0.17337693969833323,0.13333333333333333,0.006626098715348222,False,condition uses draws strictly before target
27,recent5_count,2,145,19,0.1310344827586207,0.08551700841797938,0.1955972668129532,0.13333333333333333,-0.0022988505747126298,False,condition uses draws strictly before target
27,recent5_count,3,34,8,0.23529411764705882,0.12436985532639575,0.3999613792253638,0.13333333333333333,0.10196078431372549,False,condition uses draws strictly before target
27,recent5_count,4,5,1,0.2,0.03622410863243014,0.6244653702374747,0.13333333333333333,0.06666666666666668,True,condition uses draws strictly before target
27,recent10_state,cold,706,101,0.14305949008498584,0.11916147524119533,0.17082082469754303,0.13333333333333333,0.009726156751652504,False,condition uses draws strictly before target
27,recent10_state,hot,537,80,0.148975791433892,0.1213572941803993,0.18158075938145365,0.13333333333333333,0.01564245810055867,False,condition uses draws strictly before target
28,prev1,0,1086,131,0.12062615101289134,0.10258085537654794,0.14134587054224612,0.13333333333333333,-0.01270718232044199,False,condition uses draws strictly before target
28,prev1,1,157,26,0.16560509554140126,0.11559153965861393,0.2315917004719429,0.13333333333333333,0.03227176220806793,False,condition uses draws strictly before target
28,recent3_count,0,840,102,0.12142857142857143,0.10104695744796546,0.1452569621427617,0.13333333333333333,-0.011904761904761904,False,condition uses draws strictly before target
28,recent3_count,1,341,42,0.12316715542521994,0.0924266887162994,0.16230329392876508,0.13333333333333333,-0.010166177908113389,False,condition uses draws strictly before target
28,recent3_count,2,56,12,0.21428571428571427,0.1270590424909565,0.33819463563405117,0.13333333333333333,0.08095238095238094,False,condition uses draws strictly before target
28,recent3_count,3,6,1,0.16666666666666666,0.030053369748306635,0.5635028221864702,0.13333333333333333,0.033333333333333326,True,condition uses draws strictly before target
28,recent5_count,0,652,78,0.1196319018404908,0.09692281183038168,0.14679685040035642,0.13333333333333333,-0.01370143149284253,False,condition uses draws strictly before target
28,recent5_count,1,436,53,0.12155963302752294,0.09414777049793767,0.15558189144707724,0.13333333333333333,-0.011773700305810389,False,condition uses draws strictly before target
28,recent5_count,2,121,18,0.1487603305785124,0.09621740870464483,0.22291903200226137,0.13333333333333333,0.01542699724517907,False,condition uses draws strictly before target
28,recent5_count,3,29,7,0.2413793103448276,0.12218422442520088,0.42107601617811335,0.13333333333333333,0.10804597701149427,True,condition uses draws strictly before target
28,recent5_count,4,5,1,0.2,0.03622410863243014,0.6244653702374747,0.13333333333333333,0.06666666666666668,True,condition uses draws strictly before target
28,recent10_state,cold,798,100,0.12531328320802004,0.1041226680966404,0.15009399353681177,0.13333333333333333,-0.008020050125313288,False,condition uses draws strictly before target
28,recent10_state,hot,445,57,0.12808988764044943,0.10019267381062788,0.16235316839012595,0.13333333333333333,-0.005243445692883902,False,condition uses draws strictly before target
29,prev1,1,156,22,0.14102564102564102,0.09501114382823378,0.20429455053708973,0.13333333333333333,0.007692307692307693,False,condition uses draws strictly before target
29,prev1,0,1087,133,0.12235510579576817,0.10419324791978321,0.14317675863682403,0.13333333333333333,-0.010978227537565166,False,condition uses draws strictly before target
29,recent3_count,1,345,49,0.14202898550724638,0.10912763942220868,0.18281431944065976,0.13333333333333333,0.008695652173913049,False,condition uses draws strictly before target
29,recent3_count,0,838,98,0.11694510739856802,0.09691488944258432,0.140471208292071,0.13333333333333333,-0.016388225934765313,False,condition uses draws strictly before target
29,recent3_count,2,57,7,0.12280701754385964,0.060780601589980846,0.23246448435174005,0.13333333333333333,-0.01052631578947369,False,condition uses draws strictly before target
29,recent3_count,3,3,1,0.3333333333333333,0.06149194472039621,0.7923403991979522,0.13333333333333333,0.19999999999999998,True,condition uses draws strictly before target
29,recent5_count,1,431,55,0.12761020881670534,0.09936755215518145,0.16243236712904757,0.13333333333333333,-0.0057231245166279865,False,condition uses draws strictly before target
29,recent5_count,2,134,20,0.14925373134328357,0.09874399282104054,0.21931313741960526,0.13333333333333333,0.015920398009950237,False,condition uses draws strictly before target
29,recent5_count,0,652,76,0.1165644171779141,0.0941483607205298,0.14347226652819808,0.13333333333333333,-0.016768916155419228,False,condition uses draws strictly before target
29,recent5_count,3,23,3,0.13043478260869565,0.04537659093631238,0.32127482270095964,0.13333333333333333,-0.002898550724637683,True,condition uses draws strictly before target
29,recent5_count,4,3,1,0.3333333333333333,0.06149194472039621,0.7923403991979522,0.13333333333333333,0.19999999999999998,True,condition uses draws strictly before target
29,recent10_state,cold,804,103,0.1281094527363184,0.10676353816778862,0.15299220539979902,0.13333333333333333,-0.005223880597014924,False,condition uses draws strictly before target
29,recent10_state,hot,439,52,0.11845102505694761,0.09148281270870275,0.15203878327709447,0.13333333333333333,-0.014882308276385717,False,condition uses draws strictly before target
30,prev1,0,1085,141,0.12995391705069123,0.11124436393120299,0.15127453310848557,0.13333333333333333,-0.0033794162826421004,False,condition uses draws strictly before target
30,prev1,1,158,17,0.10759493670886076,0.0682691776143858,0.165548900252912,0.13333333333333333,-0.025738396624472568,False,condition uses draws strictly before target
30,recent3_count,0,817,107,0.13096695226438188,0.10955043811817959,0.15583754451816006,0.13333333333333333,-0.0023663810689514564,False,condition uses draws strictly before target
30,recent3_count,1,379,46,0.12137203166226913,0.09223983076660044,0.15810259326428797,0.13333333333333333,-0.011961301671064198,False,condition uses draws strictly before target
30,recent3_count,2,46,5,0.10869565217391304,0.04733145858098943,0.2303782864425083,0.13333333333333333,-0.02463768115942029,False,condition uses draws strictly before target
30,recent3_count,3,1,0,0.0,0.0,0.7934506856227626,0.13333333333333333,-0.13333333333333333,True,condition uses draws strictly before target
30,recent5_count,0,624,74,0.11858974358974358,0.0955267268669747,0.14632009080878933,0.13333333333333333,-0.014743589743589747,False,condition uses draws strictly before target
30,recent5_count,1,462,69,0.14935064935064934,0.11974589573223532,0.18473850799553582,0.13333333333333333,0.016017316017316013,False,condition uses draws strictly before target
30,recent5_count,2,143,14,0.0979020979020979,0.059216706501884465,0.15762572394260768,0.13333333333333333,-0.03543123543123543,False,condition uses draws strictly before target
30,recent5_count,3,14,1,0.07142857142857142,0.012722215247890939,0.31468704424151117,0.13333333333333333,-0.06190476190476191,True,condition uses draws strictly before target
30,recent10_state,cold,754,96,0.1273209549071618,0.1054028800976698,0.1530172109929529,0.13333333333333333,-0.006012378426171527,False,condition uses draws strictly before target
30,recent10_state,hot,489,62,0.12678936605316973,0.10017849464389575,0.15921822722808757,0.13333333333333333,-0.006543967280163598,False,condition uses draws strictly before target
31,prev1,0,1072,146,0.13619402985074627,0.11695630888620515,0.15802980212032444,0.13333333333333333,0.0028606965174129417,False,condition uses draws strictly before target
31,prev1,1,171,25,0.14619883040935672,0.10102922182832566,0.2069152393072359,0.13333333333333333,0.012865497076023386,False,condition uses draws strictly before target
31,recent3_count,0,794,118,0.1486146095717884,0.1255663613433643,0.17504656891875653,0.13333333333333333,0.015281276238455072,False,condition uses draws strictly before target
31,recent3_count,1,387,48,0.12403100775193798,0.09483988363298027,0.16061269583991097,0.13333333333333333,-0.009302325581395349,False,condition uses draws strictly before target
31,recent3_count,2,61,5,0.08196721311475409,0.03551956660687358,0.17794661802925352,0.13333333333333333,-0.05136612021857924,False,condition uses draws strictly before target
31,recent3_count,3,1,0,0.0,0.0,0.7934506856227626,0.13333333333333333,-0.13333333333333333,True,condition uses draws strictly before target
31,recent5_count,0,575,90,0.1565217391304348,0.12911352082541275,0.1884889176648166,0.13333333333333333,0.023188405797101463,False,condition uses draws strictly before target
31,recent5_count,1,502,64,0.12749003984063745,0.10111701560973362,0.1595208908364203,0.13333333333333333,-0.0058432934926958835,False,condition uses draws strictly before target
31,recent5_count,2,150,15,0.1,0.061541383826314106,0.15843481166814719,0.13333333333333333,-0.033333333333333326,False,condition uses draws strictly before target
31,recent5_count,3,15,2,0.13333333333333333,0.03736125910306537,0.37881982832322364,0.13333333333333333,0.0,True,condition uses draws strictly before target
31,recent5_count,4,1,0,0.0,0.0,0.7934506856227626,0.13333333333333333,-0.13333333333333333,True,condition uses draws strictly before target
31,recent10_state,cold,734,111,0.15122615803814715,0.12712737881032424,0.17895661270414118,0.13333333333333333,0.01789282470481382,False,condition uses draws strictly before target
31,recent10_state,hot,509,60,0.11787819253438114,0.09268552906422435,0.14879545241779943,0.13333333333333333,-0.015455140798952188,False,condition uses draws strictly before target
32,prev1,0,1097,131,0.11941659070191431,0.10154274757945592,0.1399465756019983,0.13333333333333333,-0.013916742631419024,False,condition uses draws strictly before target
32,prev1,1,146,15,0.10273972602739725,0.06325495379785748,0.1625934801872259,0.13333333333333333,-0.030593607305936077,False,condition uses draws strictly before target
32,recent3_count,0,853,99,0.1160609613130129,0.09626701470298024,0.13929751913563299,0.13333333333333333,-0.017272372020320434,False,condition uses draws strictly before target
32,recent3_count,1,343,45,0.13119533527696792,0.09951539764684672,0.17104469957961296,0.13333333333333333,-0.0021379980563654144,False,condition uses draws strictly before target
32,recent3_count,2,46,2,0.043478260869565216,0.012005445598556624,0.1453225902621907,0.13333333333333333,-0.08985507246376812,False,condition uses draws strictly before target
32,recent3_count,3,1,0,0.0,0.0,0.7934506856227626,0.13333333333333333,-0.13333333333333333,True,condition uses draws strictly before target
32,recent5_count,0,670,72,0.10746268656716418,0.08621004950591818,0.13319090436153153,0.13333333333333333,-0.025870646766169153,False,condition uses draws strictly before target
32,recent5_count,1,428,59,0.1378504672897196,0.10839795905307488,0.17374599987441702,0.13333333333333333,0.004517133956386282,False,condition uses draws strictly before target
32,recent5_count,2,133,14,0.10526315789473684,0.06374468227971236,0.16894400063192314,0.13333333333333333,-0.028070175438596495,False,condition uses draws strictly before target
32,recent5_count,3,12,1,0.08333333333333333,0.014865094404917095,0.35387991114111694,0.13333333333333333,-0.05,True,condition uses draws strictly before target
32,recent10_state,cold,829,97,0.11700844390832328,0.0968736192182749,0.14067634509406635,0.13333333333333333,-0.01632488942501005,False,condition uses draws strictly before target
32,recent10_state,hot,414,49,0.11835748792270531,0.09069482384483259,0.15303747382646377,0.13333333333333333,-0.01497584541062802,False,condition uses draws strictly before target
33,prev1,1,175,27,0.15428571428571428,0.10825270688058858,0.2151703920032434,0.13333333333333333,0.020952380952380945,False,condition uses draws strictly before target
33,prev1,0,1068,147,0.13764044943820225,0.1182730037406309,0.15960527421700435,0.13333333333333333,0.004307116104868919,False,condition uses draws strictly before target
33,recent3_count,1,389,51,0.13110539845758354,0.10114239431595959,0.16828298440661485,0.13333333333333333,-0.002227934875749793,False,condition uses draws strictly before target
33,recent3_count,0,788,112,0.14213197969543148,0.1194850113312254,0.16825119682340084,0.13333333333333333,0.00879864636209815,False,condition uses draws strictly before target
33,recent3_count,2,62,11,0.1774193548387097,0.10206437766005086,0.2904156688569637,0.13333333333333333,0.044086021505376355,False,condition uses draws strictly before target
33,recent3_count,3,4,0,0.0,0.0,0.4898908364545973,0.13333333333333333,-0.13333333333333333,True,condition uses draws strictly before target
33,recent5_count,1,492,63,0.12804878048780488,0.10137853906652394,0.16048229671253367,0.13333333333333333,-0.005284552845528451,False,condition uses draws strictly before target
33,recent5_count,0,576,88,0.1527777777777778,0.12570446894633716,0.18445179201931236,0.13333333333333333,0.01944444444444446,False,condition uses draws strictly before target
33,recent5_count,2,144,19,0.13194444444444445,0.08612287093995369,0.1968928619570039,0.13333333333333333,-0.001388888888888884,False,condition uses draws strictly before target
33,recent5_count,3,29,4,0.13793103448275862,0.05497439964111964,0.30558993720352023,0.13333333333333333,0.004597701149425287,True,condition uses draws strictly before target
33,recent5_count,4,2,0,0.0,0.0,0.6576197724933469,0.13333333333333333,-0.13333333333333333,True,condition uses draws strictly before target
33,recent10_state,cold,742,100,0.1347708894878706,0.11207301003560022,0.1612309963453311,0.13333333333333333,0.0014375561545372784,False,condition uses draws strictly before target
33,recent10_state,hot,501,74,0.14770459081836326,0.11931927227054062,0.1814513086072554,0.13333333333333333,0.014371257485029931,False,condition uses draws strictly before target
34,prev1,0,1057,157,0.14853358561967833,0.1283682293779043,0.17124436228497156,0.13333333333333333,0.015200252286345,False,condition uses draws strictly before target
34,prev1,1,186,30,0.16129032258064516,0.1153777542356198,0.22091053188102128,0.13333333333333333,0.027956989247311825,False,condition uses draws strictly before target
34,recent3_count,0,774,112,0.14470284237726097,0.12167241800243664,0.1712426178792076,0.13333333333333333,0.01136950904392764,False,condition uses draws strictly before target
34,recent3_count,1,382,60,0.15706806282722513,0.1240156731065793,0.19694895106628585,0.13333333333333333,0.0237347294938918,False,condition uses draws strictly before target
34,recent3_count,2,85,15,0.17647058823529413,0.10996363561495573,0.2709560303823717,0.13333333333333333,0.0431372549019608,False,condition uses draws strictly before target
34,recent3_count,3,2,0,0.0,0.0,0.6576197724933469,0.13333333333333333,-0.13333333333333333,True,condition uses draws strictly before target
34,recent5_count,0,567,83,0.14638447971781304,0.11966858409015525,0.17785966337030587,0.13333333333333333,0.013051146384479712,False,condition uses draws strictly before target
34,recent5_count,1,468,62,0.13247863247863248,0.10473594004651868,0.16620561549253268,0.13333333333333333,-0.0008547008547008517,False,condition uses draws strictly before target
34,recent5_count,2,165,34,0.20606060606060606,0.15137301776951592,0.27412353575759,0.13333333333333333,0.07272727272727272,False,condition uses draws strictly before target
34,recent5_count,3,40,8,0.2,0.10499989725437704,0.347573063463995,0.13333333333333333,0.06666666666666668,False,condition uses draws strictly before target
34,recent5_count,4,3,0,0.0,5.551115123125783e-17,0.5614970317550454,0.13333333333333333,-0.13333333333333333,True,condition uses draws strictly before target
34,recent10_state,cold,725,97,0.13379310344827586,0.11093307142871817,0.16051342276607217,0.13333333333333333,0.00045977011494252595,False,condition uses draws strictly before target
34,recent10_state,hot,518,90,0.17374517374517376,0.14355010973586968,0.20874359118271224,0.13333333333333333,0.04041184041184043,False,condition uses draws strictly before target
35,prev1,0,1080,143,0.13240740740740742,0.11349019435743966,0.15393033699597872,0.13333333333333333,-0.0009259259259259134,False,condition uses draws strictly before target
35,prev1,1,163,20,0.12269938650306748,0.08085012466302419,0.18192304413197477,0.13333333333333333,-0.010633946830265847,False,condition uses draws strictly before target
35,recent3_count,0,815,107,0.1312883435582822,0.10982225888703227,0.15621392732956713,0.13333333333333333,-0.0020449897750511314,False,condition uses draws strictly before target
35,recent3_count,1,368,52,0.14130434782608695,0.10941144084547588,0.18060855628641043,0.13333333333333333,0.007971014492753614,False,condition uses draws strictly before target
35,recent3_count,2,59,4,0.06779661016949153,0.02667861897130437,0.16175524368744493,0.13333333333333333,-0.0655367231638418,False,condition uses draws strictly before target
35,recent3_count,3,1,0,0.0,0.0,0.7934506856227626,0.13333333333333333,-0.13333333333333333,True,condition uses draws strictly before target
35,recent5_count,0,613,85,0.13866231647634583,0.11354726963019698,0.1682779162985378,0.13333333333333333,0.0053289831430125,False,condition uses draws strictly before target
35,recent5_count,1,462,60,0.12987012987012986,0.10224370866570681,0.16360093971360717,0.13333333333333333,-0.0034632034632034736,False,condition uses draws strictly before target
35,recent5_count,2,151,18,0.11920529801324503,0.0767479276924456,0.1805569254401408,0.13333333333333333,-0.0141280353200883,False,condition uses draws strictly before target
35,recent5_count,3,17,0,0.0,0.0,0.1843181350088518,0.13333333333333333,-0.13333333333333333,True,condition uses draws strictly before target
35,recent10_state,cold,755,107,0.14172185430463577,0.11865489040262778,0.1684162181781274,0.13333333333333333,0.008388520971302438,False,condition uses draws strictly before target
35,recent10_state,hot,488,56,0.11475409836065574,0.08943504258786972,0.1460909724382961,0.13333333333333333,-0.01857923497267759,False,condition uses draws strictly before target
36,prev1,0,1078,149,0.13821892393320964,0.11889753494417188,0.16010957497905925,0.13333333333333333,0.0048855905998763105,False,condition uses draws strictly before target
36,prev1,1,165,16,0.09696969696969697,0.060572005169180744,0.1517067744092222,0.13333333333333333,-0.03636363636363636,False,condition uses draws strictly before target
36,recent3_count,0,794,115,0.14483627204030228,0.1220661013642326,0.17102653782543795,0.13333333333333333,0.011502938706968946,False,condition uses draws strictly before target
36,recent3_count,1,405,45,0.1111111111111111,0.08408370365403231,0.1454464890308789,0.13333333333333333,-0.022222222222222227,False,condition uses draws strictly before target
36,recent3_count,2,42,5,0.11904761904761904,0.05193803327758237,0.25000390262009675,0.13333333333333333,-0.01428571428571429,False,condition uses draws strictly before target
36,recent3_count,3,2,0,0.0,0.0,0.6576197724933469,0.13333333333333333,-0.13333333333333333,True,condition uses draws strictly before target
36,recent5_count,0,581,87,0.14974182444061962,0.1230325677723008,0.18105233615927618,0.13333333333333333,0.016408491107286288,False,condition uses draws strictly before target
36,recent5_count,1,517,61,0.11798839458413926,0.09295840068293222,0.148653430882144,0.13333333333333333,-0.01534493874919407,False,condition uses draws strictly before target
36,recent5_count,2,128,14,0.109375,0.06627879570700111,0.17523445138167731,0.13333333333333333,-0.02395833333333333,False,condition uses draws strictly before target
36,recent5_count,3,16,3,0.1875,0.06591599071428142,0.4300888096197414,0.13333333333333333,0.05416666666666667,True,condition uses draws strictly before target
36,recent5_count,4,1,0,0.0,0.0,0.7934506856227626,0.13333333333333333,-0.13333333333333333,True,condition uses draws strictly before target
36,recent10_state,cold,753,110,0.1460823373173971,0.12265223310323319,0.17310516259953734,0.13333333333333333,0.012749003984063756,False,condition uses draws strictly before target
36,recent10_state,hot,490,55,0.11224489795918367,0.08725726889333657,0.14326501065069033,0.13333333333333333,-0.02108843537414966,False,condition uses draws strictly before target
37,prev1,1,174,22,0.12643678160919541,0.08499941707875511,0.18401242716690833,0.13333333333333333,-0.006896551724137917,False,condition uses draws strictly before target
37,prev1,0,1069,151,0.1412535079513564,0.12165779434724373,0.16341830548663677,0.13333333333333333,0.00792017461802308,False,condition uses draws strictly before target
37,recent3_count,1,399,53,0.13283208020050125,0.10300651791282069,0.16966020100496798,0.13333333333333333,-0.0005012531328320857,False,condition uses draws strictly before target
37,recent3_count,0,784,111,0.14158163265306123,0.1189231821298489,0.16773532802110477,0.13333333333333333,0.008248299319727898,False,condition uses draws strictly before target
37,recent3_count,2,57,9,0.15789473684210525,0.0853579597035527,0.2736317694063802,0.13333333333333333,0.024561403508771923,False,condition uses draws strictly before target
37,recent3_count,3,3,0,0.0,5.551115123125783e-17,0.5614970317550454,0.13333333333333333,-0.13333333333333333,True,condition uses draws strictly before target
37,recent5_count,1,490,75,0.15306122448979592,0.12389043697495764,0.18762949735390858,0.13333333333333333,0.01972789115646259,False,condition uses draws strictly before target
37,recent5_count,0,575,80,0.1391304347826087,0.11323035985690494,0.16982030336700688,0.13333333333333333,0.005797101449275366,False,condition uses draws strictly before target
37,recent5_count,2,156,15,0.09615384615384616,0.05913836964807807,0.15258053651291092,0.13333333333333333,-0.03717948717948717,False,condition uses draws strictly before target
37,recent5_count,3,20,3,0.15,0.052368745896216595,0.36041886474075696,0.13333333333333333,0.016666666666666663,True,condition uses draws strictly before target
37,recent5_count,4,2,0,0.0,0.0,0.6576197724933469,0.13333333333333333,-0.13333333333333333,True,condition uses draws strictly before target
37,recent10_state,cold,719,103,0.14325452016689846,0.11954096837600416,0.17075983861291366,0.13333333333333333,0.009921186833565132,False,condition uses draws strictly before target
37,recent10_state,hot,524,70,0.13358778625954199,0.10710918813352087,0.16539964272274682,0.13333333333333333,0.0002544529262086537,False,condition uses draws strictly before target
38,prev1,0,1070,148,0.1383177570093458,0.11892251109950727,0.16030069858172794,0.13333333333333333,0.004984423676012456,False,condition uses draws strictly before target
38,prev1,1,173,26,0.15028901734104047,0.10467160375358892,0.21109970458714228,0.13333333333333333,0.01695568400770714,False,condition uses draws strictly before target
38,recent3_count,0,802,103,0.128428927680798,0.1070327129271157,0.1533677126451623,0.13333333333333333,-0.004904405652535332,False,condition uses draws strictly before target
38,recent3_count,1,368,59,0.16032608695652173,0.12637755155929611,0.2012929002701417,0.13333333333333333,0.026992753623188398,False,condition uses draws strictly before target
38,recent3_count,2,70,12,0.17142857142857143,0.10087724640529248,0.2761664803214543,0.13333333333333333,0.0380952380952381,False,condition uses draws strictly before target
38,recent3_count,3,3,0,0.0,5.551115123125783e-17,0.5614970317550454,0.13333333333333333,-0.13333333333333333,True,condition uses draws strictly before target
38,recent5_count,0,612,72,0.11764705882352941,0.0944742100960909,0.1455899439214109,0.13333333333333333,-0.01568627450980392,False,condition uses draws strictly before target
38,recent5_count,1,437,70,0.16018306636155608,0.12877846431083267,0.19750994605213085,0.13333333333333333,0.026849733028222744,False,condition uses draws strictly before target
38,recent5_count,2,160,24,0.15,0.10291845645016233,0.2134938801698913,0.13333333333333333,0.016666666666666663,False,condition uses draws strictly before target
38,recent5_count,3,32,8,0.25,0.1325240091850904,0.4210655899424448,0.13333333333333333,0.11666666666666667,False,condition uses draws strictly before target
38,recent5_count,4,2,0,0.0,0.0,0.6576197724933469,0.13333333333333333,-0.13333333333333333,True,condition uses draws strictly before target
38,recent10_state,cold,758,96,0.1266490765171504,0.10484045754389747,0.15222281533685436,0.13333333333333333,-0.006684256816182926,False,condition uses draws strictly before target
38,recent10_state,hot,485,78,0.16082474226804125,0.13081501005419496,0.19616515076584626,0.13333333333333333,0.027491408934707917,False,condition uses draws strictly before target
39,prev1,0,1075,144,0.13395348837209303,0.11489076868995698,0.1556229907086785,0.13333333333333333,0.000620155038759701,False,condition uses draws strictly before target
39,prev1,1,168,24,0.14285714285714285,0.09791602924415756,0.20376587672003393,0.13333333333333333,0.009523809523809518,False,condition uses draws strictly before target
39,recent3_count,0,805,109,0.13540372670807455,0.11349211622446538,0.1607785166683429,0.13333333333333333,0.002070393374741214,False,condition uses draws strictly before target
39,recent3_count,1,375,53,0.14133333333333334,0.10970265113103714,0.18023778770747492,0.13333333333333333,0.008000000000000007,False,condition uses draws strictly before target
39,recent3_count,2,60,5,0.08333333333333333,0.03612045660173077,0.1806894201833441,0.13333333333333333,-0.05,False,condition uses draws strictly before target
39,recent3_count,3,3,1,0.3333333333333333,0.06149194472039621,0.7923403991979522,0.13333333333333333,0.19999999999999998,True,condition uses draws strictly before target
39,recent5_count,0,602,83,0.1378737541528239,0.11262071623951668,0.1677190597000508,0.13333333333333333,0.004540420819490576,False,condition uses draws strictly before target
39,recent5_count,1,462,68,0.1471861471861472,0.11779141165127249,0.1823996859266701,0.13333333333333333,0.013852813852813867,False,condition uses draws strictly before target
39,recent5_count,2,161,16,0.09937888198757763,0.0621002452641896,0.1553296360114947,0.13333333333333333,-0.0339544513457557,False,condition uses draws strictly before target
39,recent5_count,3,16,1,0.0625,0.01111934476464252,0.28328737570298945,0.13333333333333333,-0.07083333333333333,True,condition uses draws strictly before target
39,recent5_count,4,2,0,0.0,0.0,0.6576197724933469,0.13333333333333333,-0.13333333333333333,True,condition uses draws strictly before target
39,recent10_state,cold,723,97,0.13416320885200553,0.11124356956419873,0.16094984540925833,0.13333333333333333,0.0008298755186721962,False,condition uses draws strictly before target
39,recent10_state,hot,520,71,0.13653846153846153,0.10967988426652497,0.16872774530334883,0.13333333333333333,0.0032051282051281937,False,condition uses draws strictly before target
40,prev1,1,174,25,0.14367816091954022,0.09925149087054001,0.20349826825609274,0.13333333333333333,0.01034482758620689,False,condition uses draws strictly before target
40,prev1,0,1069,148,0.1384471468662301,0.11903490248576612,0.1604485723142203,0.13333333333333333,0.005113813532896777,False,condition uses draws strictly before target
40,recent3_count,1,388,55,0.14175257731958762,0.11055115715500491,0.1799782298152181,0.13333333333333333,0.008419243986254293,False,condition uses draws strictly before target
40,recent3_count,2,55,11,0.2,0.11552214909761245,0.32364879157263937,0.13333333333333333,0.06666666666666668,False,condition uses draws strictly before target
40,recent3_count,3,8,1,0.125,0.02241749145005667,0.4708881822128535,0.13333333333333333,-0.008333333333333331,True,condition uses draws strictly before target
40,recent3_count,0,792,106,0.13383838383838384,0.1118847874569723,0.15932684198054856,0.13333333333333333,0.0005050505050505083,False,condition uses draws strictly before target
40,recent5_count,1,477,63,0.1320754716981132,0.10461030827153142,0.1654193583448658,0.13333333333333333,-0.0012578616352201255,False,condition uses draws strictly before target
40,recent5_count,2,136,24,0.17647058823529413,0.12155217401413998,0.24916377287229574,0.13333333333333333,0.0431372549019608,False,condition uses draws strictly before target
40,recent5_count,3,35,8,0.22857142857142856,0.12065879834191687,0.3901731689199025,0.13333333333333333,0.09523809523809523,False,condition uses draws strictly before target
40,recent5_count,4,4,0,0.0,0.0,0.4898908364545973,0.13333333333333333,-0.13333333333333333,True,condition uses draws strictly before target
40,recent5_count,0,591,78,0.1319796954314721,0.10705290078614987,0.16165980652512024,0.13333333333333333,-0.0013536379018612432,False,condition uses draws strictly before target
40,recent10_state,cold,742,99,0.1334231805929919,0.1108352612212518,0.15978721012787486,0.13333333333333333,8.984725965857643e-05,False,condition uses draws strictly before target
40,recent10_state,hot,501,74,0.14770459081836326,0.11931927227054062,0.1814513086072554,0.13333333333333333,0.014371257485029931,False,condition uses draws strictly before target
41,prev1,0,1092,136,0.12454212454212454,0.1062638886809561,0.14545268637684922,0.13333333333333333,-0.008791208791208788,False,condition uses draws strictly before target
41,prev1,1,151,15,0.09933774834437085,0.06112740580376716,0.15742813531834549,0.13333333333333333,-0.03399558498896248,False,condition uses draws strictly before target
41,recent3_count,0,841,101,0.12009512485136742,0.09983455290837093,0.14381051998853234,0.13333333333333333,-0.013238208481965913,False,condition uses draws strictly before target
41,recent3_count,1,353,44,0.12464589235127478,0.09417711214908969,0.16319617380320955,0.13333333333333333,-0.00868744098205855,False,condition uses draws strictly before target
41,recent3_count,2,48,6,0.125,0.058570514385719794,0.24700458286386834,0.13333333333333333,-0.008333333333333331,False,condition uses draws strictly before target
41,recent3_count,3,1,0,0.0,0.0,0.7934506856227626,0.13333333333333333,-0.13333333333333333,True,condition uses draws strictly before target
41,recent5_count,0,651,87,0.1336405529953917,0.10963981432880415,0.1619395984056451,0.13333333333333333,0.0003072196620583778,False,condition uses draws strictly before target
41,recent5_count,1,451,47,0.10421286031042129,0.07927832712958496,0.13583279988679553,0.13333333333333333,-0.02912047302291204,False,condition uses draws strictly before target
41,recent5_count,2,123,14,0.11382113821138211,0.06902284440685469,0.18201068293301853,0.13333333333333333,-0.019512195121951223,False,condition uses draws strictly before target
41,recent5_count,3,17,3,0.17647058823529413,0.06191126637620997,0.41029458568834126,0.13333333333333333,0.0431372549019608,True,condition uses draws strictly before target
41,recent5_count,4,1,0,0.0,0.0,0.7934506856227626,0.13333333333333333,-0.13333333333333333,True,condition uses draws strictly before target
41,recent10_state,cold,840,99,0.11785714285714285,0.0977720456298359,0.14142153357967172,0.13333333333333333,-0.015476190476190477,False,condition uses draws strictly before target
41,recent10_state,hot,403,52,0.12903225806451613,0.09977211841668684,0.16529786519140635,0.13333333333333333,-0.004301075268817206,False,condition uses draws strictly before target
42,prev1,0,1085,141,0.12995391705069123,0.11124436393120299,0.15127453310848557,0.13333333333333333,-0.0033794162826421004,False,condition uses draws strictly before target
42,prev1,1,158,17,0.10759493670886076,0.0682691776143858,0.165548900252912,0.13333333333333333,-0.025738396624472568,False,condition uses draws strictly before target
42,recent3_count,0,823,103,0.12515188335358446,0.10427235193446724,0.1495144612231439,0.13333333333333333,-0.008181449979748873,False,condition uses draws strictly before target
42,recent3_count,1,368,47,0.12771739130434784,0.09742086619119238,0.16570594901387148,0.13333333333333333,-0.005615942028985493,False,condition uses draws strictly before target
42,recent3_count,2,50,8,0.16,0.08337420678033404,0.2851421606303499,0.13333333333333333,0.026666666666666672,False,condition uses draws strictly before target
42,recent3_count,3,2,0,0.0,0.0,0.6576197724933469,0.13333333333333333,-0.13333333333333333,True,condition uses draws strictly before target
42,recent5_count,0,627,82,0.13078149920255183,0.10662364731810212,0.15943600439607,0.13333333333333333,-0.0025518341307814996,False,condition uses draws strictly before target
42,recent5_count,1,462,57,0.12337662337662338,0.09645703242201915,0.15650769750780918,0.13333333333333333,-0.009956709956709955,False,condition uses draws strictly before target
42,recent5_count,2,135,18,0.13333333333333333,0.08603170973575416,0.2009247884104308,0.13333333333333333,0.0,False,condition uses draws strictly before target
42,recent5_count,3,18,1,0.05555555555555555,0.009875190978303097,0.25757300781872594,0.13333333333333333,-0.07777777777777778,True,condition uses draws strictly before target
42,recent5_count,4,1,0,0.0,0.0,0.7934506856227626,0.13333333333333333,-0.13333333333333333,True,condition uses draws strictly before target
42,recent10_state,cold,786,101,0.12849872773536897,0.10689782844425319,0.1537132809396912,0.13333333333333333,-0.004834605597964364,False,condition uses draws strictly before target
42,recent10_state,hot,457,57,0.12472647702407003,0.09752649987386519,0.15818282611050621,0.13333333333333333,-0.008606856309263305,False,condition uses draws strictly before target
43,prev1,0,1076,144,0.13382899628252787,0.11478292152342437,0.1554803253974867,0.13333333333333333,0.0004956629491945364,False,condition uses draws strictly before target
43,prev1,1,167,23,0.1377245508982036,0.09355742548296513,0.1981835790995642,0.13333333333333333,0.0043912175648702645,False,condition uses draws strictly before target
43,recent3_count,0,813,107,0.13161131611316113,0.110095432467574,0.1565921315245871,0.13333333333333333,-0.0017220172201722062,False,condition uses draws strictly before target
43,recent3_count,1,365,49,0.13424657534246576,0.10305615337456903,0.17305559161829137,0.13333333333333333,0.0009132420091324256,False,condition uses draws strictly before target
43,recent3_count,2,61,11,0.18032786885245902,0.10379140124053363,0.2947415634812107,0.13333333333333333,0.04699453551912569,False,condition uses draws strictly before target
43,recent3_count,3,4,0,0.0,0.0,0.4898908364545973,0.13333333333333333,-0.13333333333333333,True,condition uses draws strictly before target
43,recent5_count,0,613,79,0.12887438825448613,0.10464336622097326,0.15772787440560537,0.13333333333333333,-0.0044589450788471985,False,condition uses draws strictly before target
43,recent5_count,1,463,63,0.13606911447084233,0.10781832812146841,0.17030919540373768,0.13333333333333333,0.002735781137508997,False,condition uses draws strictly before target
43,recent5_count,2,137,22,0.16058394160583941,0.108504010631574,0.2311790572753077,0.13333333333333333,0.027250608272506083,False,condition uses draws strictly before target
43,recent5_count,3,28,3,0.10714285714285714,0.03711836682929999,0.27195851548672156,0.13333333333333333,-0.026190476190476195,True,condition uses draws strictly before target
43,recent5_count,4,2,0,0.0,0.0,0.6576197724933469,0.13333333333333333,-0.13333333333333333,True,condition uses draws strictly before target
43,recent10_state,cold,770,96,0.12467532467532468,0.1031886484840607,0.14988833077103028,0.13333333333333333,-0.008658008658008656,False,condition uses draws strictly before target
43,recent10_state,hot,473,71,0.15010570824524314,0.12074236916266454,0.18510657941949862,0.13333333333333333,0.016772374911909804,False,condition uses draws strictly before target
44,prev1,0,1077,144,0.13370473537604458,0.11467527671389938,0.15533792128011747,0.13333333333333333,0.0003714020427112441,False,condition uses draws strictly before target
44,prev1,1,166,22,0.13253012048192772,0.08917559933578631,0.19250744291364205,0.13333333333333333,-0.0008032128514056103,False,condition uses draws strictly before target
44,recent3_count,0,809,109,0.13473423980222496,0.11292460530343953,0.15999633938182709,0.13333333333333333,0.0014009064688916273,False,condition uses draws strictly before target
44,recent3_count,1,372,52,0.13978494623655913,0.10821650822853277,0.17871686830495645,0.13333333333333333,0.006451612903225795,False,condition uses draws strictly before target
44,recent3_count,2,62,5,0.08064516129032258,0.03493834698599271,0.17528571348612612,0.13333333333333333,-0.05268817204301075,False,condition uses draws strictly before target
44,recent5_count,0,605,79,0.1305785123966942,0.10604430273036478,0.15977441982209692,0.13333333333333333,-0.0027548209366391185,False,condition uses draws strictly before target
44,recent5_count,1,466,71,0.15236051502145923,0.12258394200262523,0.18782174077121372,0.13333333333333333,0.019027181688125894,False,condition uses draws strictly before target
44,recent5_count,2,157,15,0.09554140127388536,0.05875600076095311,0.1516465849207681,0.13333333333333333,-0.037791932059447975,False,condition uses draws strictly before target
44,recent5_count,3,15,1,0.06666666666666667,0.011866895493268553,0.2981652987378003,0.13333333333333333,-0.06666666666666667,True,condition uses draws strictly before target
44,recent10_state,cold,743,102,0.13728129205921938,0.1143949127656533,0.16389903619225246,0.13333333333333333,0.003947958725886047,False,condition uses draws strictly before target
44,recent10_state,hot,500,64,0.128,0.10152682399523652,0.16014568530815834,0.13333333333333333,-0.005333333333333329,False,condition uses draws strictly before target
45,prev1,0,1068,148,0.13857677902621723,0.11914750659653009,0.16059671896328184,0.13333333333333333,0.005243445692883902,False,condition uses draws strictly before target
45,prev1,1,175,27,0.15428571428571428,0.10825270688058858,0.2151703920032434,0.13333333333333333,0.020952380952380945,False,condition uses draws strictly before target
45,recent3_count,0,797,103,0.12923462986198245,0.10771162805402533,0.154314590131161,0.13333333333333333,-0.004098703471350884,False,condition uses draws strictly before target
45,recent3_count,1,375,58,0.15466666666666667,0.12158943515996229,0.1947472698927315,0.13333333333333333,0.021333333333333343,False,condition uses draws strictly before target
45,recent3_count,2,63,13,0.20634920634920634,0.1247531961549383,0.3216981432861334,0.13333333333333333,0.073015873015873,False,condition uses draws strictly before target
45,recent3_count,3,8,1,0.125,0.02241749145005667,0.4708881822128535,0.13333333333333333,-0.008333333333333331,True,condition uses draws strictly before target
45,recent5_count,0,603,78,0.12935323383084577,0.10489608619445412,0.15850295567609002,0.13333333333333333,-0.003980099502487566,False,condition uses draws strictly before target
45,recent5_count,1,452,63,0.13938053097345132,0.11048043327977095,0.17435864028016043,0.13333333333333333,0.0060471976401179905,False,condition uses draws strictly before target
45,recent5_count,2,146,26,0.1780821917808219,0.12452458190809185,0.24814570080395848,0.13333333333333333,0.044748858447488576,False,condition uses draws strictly before target
45,recent5_count,3,37,7,0.1891891891891892,0.09479978730312018,0.3420469692983842,0.13333333333333333,0.05585585585585587,False,condition uses draws strictly before target
45,recent5_count,4,5,1,0.2,0.03622410863243014,0.6244653702374747,0.13333333333333333,0.06666666666666668,True,condition uses draws strictly before target
45,recent10_state,cold,734,93,0.12670299727520437,0.10456630824159743,0.1527267139262288,0.13333333333333333,-0.0066303360581289605,False,condition uses draws strictly before target
45,recent10_state,hot,509,82,0.16110019646365423,0.13172060170645133,0.19555687544341555,0.13333333333333333,0.027766863130320896,False,condition uses draws strictly before target
