research_id,model,window,status,mean_hits,baseline_mean,mean_delta,rate_ge2,baseline_rate_ge2,rate_ge2_delta,interpretation
S001,multi_window_frequency,overall_201_1244,WEAK,0.7844827586206896,0.8,-0.015517241379310431,0.16762452107279693,0.17530810086113546,-0.007683579788338529,Historical descriptive result only; not evidence of predictive edge
S001,multi_window_frequency,recent200,WEAK,0.75,0.8,-0.050000000000000044,0.155,0.17530810086113546,-0.020308100861135464,Historical descriptive result only; not evidence of predictive edge
S001,multi_window_frequency,recent100,WEAK,0.72,0.8,-0.08000000000000007,0.12,0.17530810086113546,-0.05530810086113547,Historical descriptive result only; not evidence of predictive edge
S001,multi_window_frequency,recent50,WEAK,0.78,0.8,-0.020000000000000018,0.1,0.17530810086113546,-0.07530810086113546,Historical descriptive result only; not evidence of predictive edge
S001,multi_window_frequency,block_201_500,HOLD,0.8633333333333333,0.8,0.06333333333333324,0.21666666666666667,0.17530810086113546,0.04135856580553121,Historical descriptive result only; not evidence of predictive edge
S001,multi_window_frequency,block_501_800,WEAK,0.7766666666666666,0.8,-0.023333333333333428,0.15666666666666668,0.17530810086113546,-0.018641434194468787,Historical descriptive result only; not evidence of predictive edge
S001,multi_window_frequency,block_801_1100,WEAK,0.7466666666666667,0.8,-0.053333333333333344,0.15,0.17530810086113546,-0.02530810086113547,Historical descriptive result only; not evidence of predictive edge
S001,multi_window_frequency,block_1101_1244,WEAK,0.7152777777777778,0.8,-0.08472222222222225,0.125,0.17530810086113546,-0.05030810086113546,Historical descriptive result only; not evidence of predictive edge
S002,gap_regime_hazard,overall_201_1244,WEAK,0.7787356321839081,0.8,-0.021264367816091978,0.1752873563218391,0.17530810086113546,-2.0744539296374542e-05,Historical descriptive result only; not evidence of predictive edge
S002,gap_regime_hazard,recent200,WEAK,0.75,0.8,-0.050000000000000044,0.145,0.17530810086113546,-0.030308100861135473,Historical descriptive result only; not evidence of predictive edge
S002,gap_regime_hazard,recent100,WEAK,0.65,0.8,-0.15000000000000002,0.09,0.17530810086113546,-0.08530810086113547,Historical descriptive result only; not evidence of predictive edge
S002,gap_regime_hazard,recent50,WEAK,0.46,0.8,-0.34,0.02,0.17530810086113546,-0.15530810086113547,Historical descriptive result only; not evidence of predictive edge
S002,gap_regime_hazard,block_201_500,WEAK,0.7566666666666667,0.8,-0.043333333333333335,0.18333333333333332,0.17530810086113546,0.008025232472197857,Historical descriptive result only; not evidence of predictive edge
S002,gap_regime_hazard,block_501_800,HOLD,0.8033333333333333,0.8,0.0033333333333332993,0.18666666666666668,0.17530810086113546,0.011358565805531212,Historical descriptive result only; not evidence of predictive edge
S002,gap_regime_hazard,block_801_1100,WEAK,0.79,0.8,-0.010000000000000009,0.17,0.17530810086113546,-0.005308100861135451,Historical descriptive result only; not evidence of predictive edge
S002,gap_regime_hazard,block_1101_1244,WEAK,0.75,0.8,-0.050000000000000044,0.14583333333333334,0.17530810086113546,-0.02947476752780212,Historical descriptive result only; not evidence of predictive edge
S003,momentum_state_transition,overall_201_1244,WEAK,0.7969348659003831,0.8,-0.0030651340996169507,0.18582375478927204,0.17530810086113546,0.010515653928136581,Historical descriptive result only; not evidence of predictive edge
S003,momentum_state_transition,recent200,WEAK,0.74,0.8,-0.06000000000000005,0.15,0.17530810086113546,-0.02530810086113547,Historical descriptive result only; not evidence of predictive edge
S003,momentum_state_transition,recent100,WEAK,0.75,0.8,-0.050000000000000044,0.13,0.17530810086113546,-0.04530810086113546,Historical descriptive result only; not evidence of predictive edge
S003,momentum_state_transition,recent50,WEAK,0.72,0.8,-0.08000000000000007,0.1,0.17530810086113546,-0.07530810086113546,Historical descriptive result only; not evidence of predictive edge
S003,momentum_state_transition,block_201_500,HOLD,0.81,0.8,0.010000000000000009,0.19333333333333333,0.17530810086113546,0.018025232472197866,Historical descriptive result only; not evidence of predictive edge
S003,momentum_state_transition,block_501_800,HOLD,0.83,0.8,0.029999999999999916,0.19333333333333333,0.17530810086113546,0.018025232472197866,Historical descriptive result only; not evidence of predictive edge
S003,momentum_state_transition,block_801_1100,WEAK,0.7666666666666667,0.8,-0.033333333333333326,0.19,0.17530810086113546,0.01469189913886454,Historical descriptive result only; not evidence of predictive edge
S003,momentum_state_transition,block_1101_1244,WEAK,0.7638888888888888,0.8,-0.036111111111111205,0.14583333333333334,0.17530810086113546,-0.02947476752780212,Historical descriptive result only; not evidence of predictive edge
S004,conditional_probability,overall_201_1244,WEAK,0.7950191570881227,0.8,-0.004980842911877392,0.18582375478927204,0.17530810086113546,0.010515653928136581,Historical descriptive result only; not evidence of predictive edge
S004,conditional_probability,recent200,WEAK,0.79,0.8,-0.010000000000000009,0.19,0.17530810086113546,0.01469189913886454,Historical descriptive result only; not evidence of predictive edge
S004,conditional_probability,recent100,WEAK,0.74,0.8,-0.06000000000000005,0.17,0.17530810086113546,-0.005308100861135451,Historical descriptive result only; not evidence of predictive edge
S004,conditional_probability,recent50,WEAK,0.64,0.8,-0.16000000000000003,0.16,0.17530810086113546,-0.01530810086113546,Historical descriptive result only; not evidence of predictive edge
S004,conditional_probability,block_201_500,WEAK,0.78,0.8,-0.020000000000000018,0.18333333333333332,0.17530810086113546,0.008025232472197857,Historical descriptive result only; not evidence of predictive edge
S004,conditional_probability,block_501_800,HOLD,0.8166666666666667,0.8,0.016666666666666607,0.19,0.17530810086113546,0.01469189913886454,Historical descriptive result only; not evidence of predictive edge
S004,conditional_probability,block_801_1100,HOLD,0.83,0.8,0.029999999999999916,0.2,0.17530810086113546,0.024691899138864548,Historical descriptive result only; not evidence of predictive edge
S004,conditional_probability,block_1101_1244,WEAK,0.7083333333333334,0.8,-0.09166666666666667,0.1527777777777778,0.17530810086113546,-0.022530323083357673,Historical descriptive result only; not evidence of predictive edge
S005,structure_transition,overall_201_1244,WEAK,0.7729885057471264,0.8,-0.027011494252873636,0.171455938697318,0.17530810086113546,-0.003852162163817452,Historical descriptive result only; not evidence of predictive edge
S005,structure_transition,recent200,WEAK,0.68,0.8,-0.12,0.16,0.17530810086113546,-0.01530810086113546,Historical descriptive result only; not evidence of predictive edge
S005,structure_transition,recent100,WEAK,0.65,0.8,-0.15000000000000002,0.13,0.17530810086113546,-0.04530810086113546,Historical descriptive result only; not evidence of predictive edge
S005,structure_transition,recent50,WEAK,0.54,0.8,-0.26,0.1,0.17530810086113546,-0.07530810086113546,Historical descriptive result only; not evidence of predictive edge
S005,structure_transition,block_201_500,HOLD,0.8633333333333333,0.8,0.06333333333333324,0.2,0.17530810086113546,0.024691899138864548,Historical descriptive result only; not evidence of predictive edge
S005,structure_transition,block_501_800,WEAK,0.73,0.8,-0.07000000000000006,0.14333333333333334,0.17530810086113546,-0.03197476752780212,Historical descriptive result only; not evidence of predictive edge
S005,structure_transition,block_801_1100,WEAK,0.76,0.8,-0.040000000000000036,0.17666666666666667,0.17530810086113546,0.0013585658055312033,Historical descriptive result only; not evidence of predictive edge
S005,structure_transition,block_1101_1244,WEAK,0.7013888888888888,0.8,-0.0986111111111112,0.1597222222222222,0.17530810086113546,-0.015585878638913253,Historical descriptive result only; not evidence of predictive edge
S006,pair_residual_node,overall_201_1244,HOLD,0.8045977011494253,0.8,0.0045977011494252595,0.16379310344827586,0.17530810086113546,-0.011514997412859607,Historical descriptive result only; not evidence of predictive edge
S006,pair_residual_node,recent200,HOLD,0.825,0.8,0.02499999999999991,0.175,0.17530810086113546,-0.0003081008611354741,Historical descriptive result only; not evidence of predictive edge
S006,pair_residual_node,recent100,WEAK,0.78,0.8,-0.020000000000000018,0.17,0.17530810086113546,-0.005308100861135451,Historical descriptive result only; not evidence of predictive edge
S006,pair_residual_node,recent50,HOLD,0.9,0.8,0.09999999999999998,0.22,0.17530810086113546,0.04469189913886454,Historical descriptive result only; not evidence of predictive edge
S006,pair_residual_node,block_201_500,HOLD,0.8533333333333334,0.8,0.053333333333333344,0.18,0.17530810086113546,0.00469189913886453,Historical descriptive result only; not evidence of predictive edge
S006,pair_residual_node,block_501_800,WEAK,0.7933333333333333,0.8,-0.00666666666666671,0.16,0.17530810086113546,-0.01530810086113546,Historical descriptive result only; not evidence of predictive edge
S006,pair_residual_node,block_801_1100,WEAK,0.7633333333333333,0.8,-0.036666666666666736,0.13666666666666666,0.17530810086113546,-0.038641434194468804,Historical descriptive result only; not evidence of predictive edge
S006,pair_residual_node,block_1101_1244,HOLD,0.8125,0.8,0.012499999999999956,0.19444444444444445,0.17530810086113546,0.019136343583308985,Historical descriptive result only; not evidence of predictive edge
S007,triple_residual_node,overall_201_1244,HOLD,0.8026819923371648,0.8,0.002681992337164707,0.16283524904214558,0.17530810086113546,-0.012472851818989883,Historical descriptive result only; not evidence of predictive edge
S007,triple_residual_node,recent200,HOLD,0.81,0.8,0.010000000000000009,0.165,0.17530810086113546,-0.010308100861135455,Historical descriptive result only; not evidence of predictive edge
S007,triple_residual_node,recent100,WEAK,0.76,0.8,-0.040000000000000036,0.16,0.17530810086113546,-0.01530810086113546,Historical descriptive result only; not evidence of predictive edge
S007,triple_residual_node,recent50,HOLD,0.84,0.8,0.039999999999999925,0.2,0.17530810086113546,0.024691899138864548,Historical descriptive result only; not evidence of predictive edge
S007,triple_residual_node,block_201_500,HOLD,0.8533333333333334,0.8,0.053333333333333344,0.18,0.17530810086113546,0.00469189913886453,Historical descriptive result only; not evidence of predictive edge
S007,triple_residual_node,block_501_800,HOLD,0.8033333333333333,0.8,0.0033333333333332993,0.16333333333333333,0.17530810086113546,-0.011974767527802133,Historical descriptive result only; not evidence of predictive edge
S007,triple_residual_node,block_801_1100,WEAK,0.7566666666666667,0.8,-0.043333333333333335,0.13666666666666666,0.17530810086113546,-0.038641434194468804,Historical descriptive result only; not evidence of predictive edge
S007,triple_residual_node,block_1101_1244,WEAK,0.7916666666666666,0.8,-0.008333333333333415,0.18055555555555555,0.17530810086113546,0.0052474546944200895,Historical descriptive result only; not evidence of predictive edge
S008,family_balanced_hybrid,overall_201_1244,HOLD,0.8103448275862069,0.8,0.010344827586206806,0.1839080459770115,0.17530810086113546,0.008599945115876029,Historical descriptive result only; not evidence of predictive edge
S008,family_balanced_hybrid,recent200,WEAK,0.785,0.8,-0.015000000000000013,0.17,0.17530810086113546,-0.005308100861135451,Historical descriptive result only; not evidence of predictive edge
S008,family_balanced_hybrid,recent100,WEAK,0.77,0.8,-0.030000000000000027,0.17,0.17530810086113546,-0.005308100861135451,Historical descriptive result only; not evidence of predictive edge
S008,family_balanced_hybrid,recent50,WEAK,0.72,0.8,-0.08000000000000007,0.16,0.17530810086113546,-0.01530810086113546,Historical descriptive result only; not evidence of predictive edge
S008,family_balanced_hybrid,block_201_500,HOLD,0.84,0.8,0.039999999999999925,0.18,0.17530810086113546,0.00469189913886453,Historical descriptive result only; not evidence of predictive edge
S008,family_balanced_hybrid,block_501_800,HOLD,0.8133333333333334,0.8,0.013333333333333308,0.22,0.17530810086113546,0.04469189913886454,Historical descriptive result only; not evidence of predictive edge
S008,family_balanced_hybrid,block_801_1100,WEAK,0.7766666666666666,0.8,-0.023333333333333428,0.15333333333333332,0.17530810086113546,-0.02197476752780214,Historical descriptive result only; not evidence of predictive edge
S008,family_balanced_hybrid,block_1101_1244,HOLD,0.8125,0.8,0.012499999999999956,0.18055555555555555,0.17530810086113546,0.0052474546944200895,Historical descriptive result only; not evidence of predictive edge
