model_a,model_b,n,mean_ticket_overlap,mean_jaccard,hit_correlation,score_correlation_latest_round
multi_window_frequency,gap_regime_hazard,1044,1.3247126436781609,0.13319110646696855,0.12806647541081953,-0.2913240647462799
multi_window_frequency,momentum_state_transition,1044,0.8726053639846744,0.08430860327412051,0.009772748503702702,-0.3265061484372818
multi_window_frequency,conditional_probability,1044,2.7385057471264367,0.31459380338690685,0.3625485866880864,0.4763251187834411
multi_window_frequency,structure_transition,1044,0.8007662835249042,0.07697666318355974,0.04214852086544462,-0.1265859584969243
multi_window_frequency,pair_residual_node,1044,1.7863984674329503,0.18647227612744854,0.18539926586633773,0.3120797590195956
multi_window_frequency,triple_residual_node,1044,1.7825670498084292,0.18589756348377037,0.1854309835907593,0.31232648750884134
multi_window_frequency,family_balanced_hybrid,1044,2.7116858237547894,0.30974647957406576,0.3721086745587153,0.5156571288623069
gap_regime_hazard,momentum_state_transition,1044,1.2490421455938698,0.12549634273772206,0.08773757408654385,0.18402326833854668
gap_regime_hazard,conditional_probability,1044,1.5172413793103448,0.15461718996201754,0.17032567953690478,-0.35922926155025875
gap_regime_hazard,structure_transition,1044,0.8180076628352491,0.07872402182747011,0.025247604429973657,0.13533909764364085
gap_regime_hazard,pair_residual_node,1044,0.8467432950191571,0.08143504005572971,-0.03382034773760874,0.04321655155743418
gap_regime_hazard,triple_residual_node,1044,0.8486590038314177,0.08168466271914548,-0.033055779497782,0.04371512592254958
gap_regime_hazard,family_balanced_hybrid,1044,2.2337164750957856,0.24222976895390688,0.2794185694709679,0.08485649248804124
momentum_state_transition,conditional_probability,1044,1.7097701149425288,0.18059121593604352,0.23364176417277163,-0.18101627640205156
momentum_state_transition,structure_transition,1044,0.7691570881226054,0.07318297921746197,-0.010670638977552578,0.08242427242043059
momentum_state_transition,pair_residual_node,1044,0.6829501915708812,0.06437942644839197,-0.09180865758097509,0.0030120062135544842
momentum_state_transition,triple_residual_node,1044,0.7021072796934866,0.0661732265180541,-0.08018474270826834,0.001496932712819421
momentum_state_transition,family_balanced_hybrid,1044,1.9722222222222223,0.21121104310759484,0.2257985094654662,0.19371972193119644
conditional_probability,structure_transition,1044,0.7461685823754789,0.07075931731104144,-0.006749521386411804,0.033432127339374854
conditional_probability,pair_residual_node,1044,0.9473180076628352,0.09232555439451992,0.060594951713182486,0.2404619823578284
conditional_probability,triple_residual_node,1044,0.9473180076628352,0.09236038546383374,0.07261217513446958,0.24133142387962317
conditional_probability,family_balanced_hybrid,1044,2.532567049808429,0.28231037800003317,0.32527635133725785,0.47129176759540925
structure_transition,pair_residual_node,1044,0.8601532567049809,0.08298792522930454,0.03781495199151943,-0.0550021709741023
structure_transition,triple_residual_node,1044,0.85727969348659,0.08276152327876465,0.034188082907371055,-0.053136442464293526
structure_transition,family_balanced_hybrid,1044,0.8591954022988506,0.08286311389759665,0.04234570797556688,-0.11928346918351068
pair_residual_node,triple_residual_node,1044,5.930076628352491,0.9800218938149973,0.9887154957349475,0.9999822450301601
pair_residual_node,family_balanced_hybrid,1044,2.6312260536398466,0.2964397671294223,0.32842454227356477,0.7269702539576042
triple_residual_node,family_balanced_hybrid,1044,2.636015325670498,0.29718573253056013,0.3306820959238152,0.7269933515669873
