number,full_count,current_gap,last10_count,last10_rate,last10_delta_vs_long,last20_count,last20_rate,last20_delta_vs_long,last30_count,last30_rate,last30_delta_vs_long,last50_count,last50_rate,last50_delta_vs_long,last100_count,last100_rate,last100_delta_vs_long,last200_count,last200_rate,last200_delta_vs_long,last300_count,last300_rate,last300_delta_vs_long,window_sign_consistency,window_positive_count,window_negative_count,interarrival_mean,interarrival_median,immediate_recurrence_count,one_skip_recurrence_count,two_plus_skip_recurrence_count,prior20_count,recent20_count,state_transition
1,171,0,1,0.1,-0.033333333333333326,3,0.15,0.016666666666666663,4,0.13333333333333333,0.0,9,0.18,0.04666666666666666,13,0.13,-0.003333333333333327,25,0.125,-0.008333333333333331,39,0.13,-0.003333333333333327,0.2857142857142857,2,4,7.252941176470588,5.5,24,16,130,4,3,hot_to_hot
2,157,2,2,0.2,0.06666666666666668,3,0.15,0.016666666666666663,5,0.16666666666666666,0.033333333333333326,7,0.14,0.006666666666666682,12,0.12,-0.013333333333333336,17,0.085,-0.048333333333333325,33,0.11,-0.02333333333333333,0.5714285714285714,4,3,7.916666666666667,5.0,27,22,107,3,3,hot_to_hot
3,172,14,0,0.0,-0.13333333333333333,1,0.05,-0.08333333333333333,3,0.1,-0.033333333333333326,6,0.12,-0.013333333333333336,16,0.16,0.026666666666666672,33,0.165,0.031666666666666676,46,0.15333333333333332,0.01999999999999999,0.42857142857142855,3,4,7.105263157894737,5,27,17,127,3,1,hot_to_cold
4,163,2,1,0.1,-0.033333333333333326,3,0.15,0.016666666666666663,4,0.13333333333333333,0.0,6,0.12,-0.013333333333333336,11,0.11,-0.02333333333333333,23,0.115,-0.018333333333333326,34,0.11333333333333333,-0.020000000000000004,0.14285714285714285,1,5,7.611111111111111,6.0,16,20,126,2,3,cold_to_hot
5,153,31,0,0.0,-0.13333333333333333,0,0.0,-0.13333333333333333,0,0.0,-0.13333333333333333,4,0.08,-0.05333333333333333,9,0.09,-0.043333333333333335,15,0.075,-0.058333333333333334,25,0.08333333333333333,-0.05,0.0,0,7,7.8355263157894735,5.0,30,18,104,2,0,cold_to_cold
6,166,9,1,0.1,-0.033333333333333326,2,0.1,-0.033333333333333326,3,0.1,-0.033333333333333326,5,0.1,-0.033333333333333326,14,0.14,0.006666666666666682,35,0.175,0.04166666666666666,48,0.16,0.026666666666666672,0.42857142857142855,3,4,7.4,5,16,24,125,2,2,cold_to_cold
7,171,3,2,0.2,0.06666666666666668,3,0.15,0.016666666666666663,3,0.1,-0.033333333333333326,6,0.12,-0.013333333333333336,15,0.15,0.016666666666666663,34,0.17,0.03666666666666668,46,0.15333333333333332,0.01999999999999999,0.7142857142857143,5,2,7.235294117647059,5.0,23,17,130,1,3,cold_to_hot
8,158,14,0,0.0,-0.13333333333333333,2,0.1,-0.033333333333333326,3,0.1,-0.033333333333333326,6,0.12,-0.013333333333333336,14,0.14,0.006666666666666682,22,0.11,-0.02333333333333333,31,0.10333333333333333,-0.03,0.14285714285714285,1,6,7.7834394904458595,6,20,15,122,2,2,cold_to_cold
9,137,1,1,0.1,-0.033333333333333326,3,0.15,0.016666666666666663,4,0.13333333333333333,0.0,6,0.12,-0.013333333333333336,16,0.16,0.026666666666666672,24,0.12,-0.013333333333333336,42,0.14,0.006666666666666682,0.42857142857142855,3,3,9.125,6.0,21,16,99,2,3,cold_to_hot
10,163,2,2,0.2,0.06666666666666668,2,0.1,-0.033333333333333326,4,0.13333333333333333,0.0,6,0.12,-0.013333333333333336,10,0.1,-0.033333333333333326,23,0.115,-0.018333333333333326,32,0.10666666666666667,-0.026666666666666658,0.14285714285714285,1,5,7.660493827160494,6.0,20,28,114,4,2,hot_to_cold
11,168,4,3,0.3,0.16666666666666666,3,0.15,0.016666666666666663,4,0.13333333333333333,0.0,5,0.1,-0.033333333333333326,13,0.13,-0.003333333333333327,25,0.125,-0.008333333333333331,40,0.13333333333333333,0.0,0.2857142857142857,2,3,7.407185628742515,5,22,16,129,2,3,cold_to_hot
12,180,8,1,0.1,-0.033333333333333326,3,0.15,0.016666666666666663,3,0.1,-0.033333333333333326,5,0.1,-0.033333333333333326,12,0.12,-0.013333333333333336,27,0.135,0.0016666666666666774,45,0.15,0.016666666666666663,0.42857142857142855,3,4,6.826815642458101,5,25,24,130,0,3,cold_to_hot
13,184,0,5,0.5,0.3666666666666667,8,0.4,0.2666666666666667,10,0.3333333333333333,0.19999999999999998,10,0.2,0.06666666666666668,19,0.19,0.05666666666666667,36,0.18,0.04666666666666666,50,0.16666666666666666,0.033333333333333326,1.0,7,0,6.786885245901639,5,29,19,135,2,8,cold_to_hot
14,172,13,0,0.0,-0.13333333333333333,2,0.1,-0.033333333333333326,3,0.1,-0.033333333333333326,3,0.06,-0.07333333333333333,7,0.07,-0.06333333333333332,23,0.115,-0.018333333333333326,39,0.13,-0.003333333333333327,0.0,0,7,7.175438596491228,5,16,20,135,1,2,cold_to_cold
15,170,9,1,0.1,-0.033333333333333326,3,0.15,0.016666666666666663,7,0.23333333333333334,0.1,10,0.2,0.06666666666666668,17,0.17,0.03666666666666668,27,0.135,0.0016666666666666774,43,0.14333333333333334,0.010000000000000009,0.8571428571428571,6,1,7.272189349112426,6,27,26,116,5,3,hot_to_hot
16,170,2,2,0.2,0.06666666666666668,3,0.15,0.016666666666666663,4,0.13333333333333333,0.0,8,0.16,0.026666666666666672,17,0.17,0.03666666666666668,33,0.165,0.031666666666666676,47,0.15666666666666668,0.023333333333333345,0.8571428571428571,6,0,7.331360946745562,5,22,30,117,2,3,cold_to_hot
17,171,18,0,0.0,-0.13333333333333333,1,0.05,-0.08333333333333333,2,0.06666666666666667,-0.06666666666666667,5,0.1,-0.033333333333333326,11,0.11,-0.02333333333333333,21,0.105,-0.028333333333333335,35,0.11666666666666667,-0.016666666666666663,0.0,0,7,7.158823529411765,5.0,23,14,133,4,1,hot_to_cold
18,180,0,4,0.4,0.2666666666666667,5,0.25,0.11666666666666667,8,0.26666666666666666,0.13333333333333333,9,0.18,0.04666666666666666,15,0.15,0.016666666666666663,25,0.125,-0.008333333333333331,43,0.14333333333333334,0.010000000000000009,0.8571428571428571,6,1,6.837988826815643,5,32,24,123,3,5,hot_to_hot
19,171,4,1,0.1,-0.033333333333333326,4,0.2,0.06666666666666668,5,0.16666666666666666,0.033333333333333326,6,0.12,-0.013333333333333336,14,0.14,0.006666666666666682,34,0.17,0.03666666666666668,41,0.13666666666666666,0.003333333333333327,0.7142857142857143,5,2,7.276470588235294,6.0,28,16,126,2,4,cold_to_hot
20,172,4,2,0.2,0.06666666666666668,3,0.15,0.016666666666666663,5,0.16666666666666666,0.033333333333333326,7,0.14,0.006666666666666682,13,0.13,-0.003333333333333327,27,0.135,0.0016666666666666774,40,0.13333333333333333,0.0,0.7142857142857143,5,1,7.1345029239766085,5,18,25,128,3,3,hot_to_hot
21,167,8,1,0.1,-0.033333333333333326,1,0.05,-0.08333333333333333,3,0.1,-0.033333333333333326,4,0.08,-0.05333333333333333,10,0.1,-0.033333333333333326,29,0.145,0.011666666666666659,42,0.14,0.006666666666666682,0.2857142857142857,2,5,7.433734939759036,5.0,28,16,122,2,1,cold_to_cold
22,146,5,1,0.1,-0.033333333333333326,3,0.15,0.016666666666666663,5,0.16666666666666666,0.033333333333333326,6,0.12,-0.013333333333333336,11,0.11,-0.02333333333333333,25,0.125,-0.008333333333333331,39,0.13,-0.003333333333333327,0.2857142857142857,2,5,8.455172413793104,6,19,18,108,3,3,hot_to_hot
23,149,3,2,0.2,0.06666666666666668,2,0.1,-0.033333333333333326,3,0.1,-0.033333333333333326,5,0.1,-0.033333333333333326,13,0.13,-0.003333333333333327,24,0.12,-0.013333333333333336,36,0.12,-0.013333333333333336,0.14285714285714285,1,6,8.378378378378379,5.5,16,23,109,3,2,hot_to_cold
24,168,1,2,0.2,0.06666666666666668,4,0.2,0.06666666666666668,5,0.16666666666666666,0.033333333333333326,8,0.16,0.026666666666666672,16,0.16,0.026666666666666672,29,0.145,0.011666666666666659,44,0.14666666666666667,0.013333333333333336,1.0,7,0,7.413173652694611,5,26,24,117,2,4,cold_to_hot
25,153,11,0,0.0,-0.13333333333333333,2,0.1,-0.033333333333333326,3,0.1,-0.033333333333333326,6,0.12,-0.013333333333333336,13,0.13,-0.003333333333333327,20,0.1,-0.033333333333333326,31,0.10333333333333333,-0.03,0.0,0,7,8.098684210526315,6.0,18,24,110,3,2,hot_to_cold
26,166,0,1,0.1,-0.033333333333333326,2,0.1,-0.033333333333333326,2,0.06666666666666667,-0.06666666666666667,6,0.12,-0.013333333333333336,12,0.12,-0.013333333333333336,26,0.13,-0.003333333333333327,41,0.13666666666666666,0.003333333333333327,0.14285714285714285,1,6,7.503030303030303,6,26,18,121,2,2,cold_to_cold
27,181,20,0,0.0,-0.13333333333333333,0,0.0,-0.13333333333333333,1,0.03333333333333333,-0.1,10,0.2,0.06666666666666668,20,0.2,0.06666666666666668,30,0.15,0.016666666666666663,42,0.14,0.006666666666666682,0.5714285714285714,4,3,6.783333333333333,5.0,30,22,128,8,0,hot_to_cold
28,157,14,0,0.0,-0.13333333333333333,2,0.1,-0.033333333333333326,6,0.2,0.06666666666666668,8,0.16,0.026666666666666672,15,0.15,0.016666666666666663,31,0.155,0.021666666666666667,40,0.13333333333333333,0.0,0.5714285714285714,4,2,7.711538461538462,5.0,26,16,114,4,2,hot_to_cold
29,156,8,1,0.1,-0.033333333333333326,3,0.15,0.016666666666666663,4,0.13333333333333333,0.0,6,0.12,-0.013333333333333336,13,0.13,-0.003333333333333327,24,0.12,-0.013333333333333336,42,0.14,0.006666666666666682,0.2857142857142857,2,4,7.967741935483871,5,22,19,114,1,3,cold_to_hot
30,158,16,0,0.0,-0.13333333333333333,1,0.05,-0.08333333333333333,2,0.06666666666666667,-0.06666666666666667,7,0.14,0.006666666666666682,12,0.12,-0.013333333333333336,34,0.17,0.03666666666666668,46,0.15333333333333332,0.01999999999999999,0.42857142857142855,3,4,7.796178343949045,5,17,14,126,3,1,hot_to_cold
31,171,2,2,0.2,0.06666666666666668,5,0.25,0.11666666666666667,7,0.23333333333333334,0.1,11,0.22,0.08666666666666667,17,0.17,0.03666666666666668,30,0.15,0.016666666666666663,44,0.14666666666666667,0.013333333333333336,1.0,7,0,7.288235294117647,6.0,25,13,132,4,5,hot_to_hot
32,146,5,2,0.2,0.06666666666666668,2,0.1,-0.033333333333333326,5,0.16666666666666666,0.033333333333333326,7,0.14,0.006666666666666682,13,0.13,-0.003333333333333327,27,0.135,0.0016666666666666774,36,0.12,-0.013333333333333336,0.5714285714285714,4,3,8.53103448275862,5,15,18,112,3,2,hot_to_cold
33,175,5,1,0.1,-0.033333333333333326,1,0.05,-0.08333333333333333,2,0.06666666666666667,-0.06666666666666667,6,0.12,-0.013333333333333336,11,0.11,-0.02333333333333333,31,0.155,0.021666666666666667,44,0.14666666666666667,0.013333333333333336,0.2857142857142857,2,5,7.114942528735632,6.0,27,16,131,2,1,cold_to_cold
34,187,0,3,0.3,0.16666666666666666,5,0.25,0.11666666666666667,6,0.2,0.06666666666666668,7,0.14,0.006666666666666682,10,0.1,-0.033333333333333326,26,0.13,-0.003333333333333327,41,0.13666666666666666,0.003333333333333327,0.7142857142857143,5,2,6.645161290322581,5.0,30,29,127,1,5,cold_to_hot
35,163,10,0,0.0,-0.13333333333333333,2,0.1,-0.033333333333333326,2,0.06666666666666667,-0.06666666666666667,6,0.12,-0.013333333333333336,13,0.13,-0.003333333333333327,30,0.15,0.016666666666666663,48,0.16,0.026666666666666672,0.2857142857142857,2,5,7.506172839506172,6.0,20,21,121,2,2,cold_to_cold
36,165,5,1,0.1,-0.033333333333333326,2,0.1,-0.033333333333333326,3,0.1,-0.033333333333333326,7,0.14,0.006666666666666682,13,0.13,-0.003333333333333327,24,0.12,-0.013333333333333336,39,0.13,-0.003333333333333327,0.14285714285714285,1,6,7.5,6.0,16,14,134,3,2,hot_to_cold
37,174,7,1,0.1,-0.033333333333333326,3,0.15,0.016666666666666663,3,0.1,-0.033333333333333326,5,0.1,-0.033333333333333326,16,0.16,0.026666666666666672,29,0.145,0.011666666666666659,46,0.15333333333333332,0.01999999999999999,0.5714285714285714,4,3,7.144508670520231,5,22,19,132,1,3,cold_to_hot
38,174,0,4,0.4,0.2666666666666667,5,0.25,0.11666666666666667,5,0.16666666666666666,0.033333333333333326,11,0.22,0.08666666666666667,19,0.19,0.05666666666666667,37,0.185,0.051666666666666666,47,0.15666666666666668,0.023333333333333345,1.0,7,0,7.115606936416185,5,26,26,121,5,5,hot_to_hot
39,168,9,1,0.1,-0.033333333333333326,1,0.05,-0.08333333333333333,3,0.1,-0.033333333333333326,6,0.12,-0.013333333333333336,15,0.15,0.016666666666666663,19,0.095,-0.03833333333333333,32,0.10666666666666667,-0.026666666666666658,0.14285714285714285,1,6,7.347305389221557,5,24,18,125,3,1,hot_to_cold
40,174,7,1,0.1,-0.033333333333333326,2,0.1,-0.033333333333333326,2,0.06666666666666667,-0.06666666666666667,5,0.1,-0.033333333333333326,12,0.12,-0.013333333333333336,30,0.15,0.016666666666666663,40,0.13333333333333333,0.0,0.14285714285714285,1,5,7.144508670520231,5,25,21,127,1,2,cold_to_cold
41,151,2,1,0.1,-0.033333333333333326,3,0.15,0.016666666666666663,4,0.13333333333333333,0.0,7,0.14,0.006666666666666682,11,0.11,-0.02333333333333333,21,0.105,-0.028333333333333335,37,0.12333333333333334,-0.009999999999999995,0.2857142857142857,2,4,8.246666666666666,6.0,15,20,115,3,3,hot_to_hot
42,158,6,1,0.1,-0.033333333333333326,4,0.2,0.06666666666666668,5,0.16666666666666666,0.033333333333333326,7,0.14,0.006666666666666682,13,0.13,-0.003333333333333327,21,0.105,-0.028333333333333335,35,0.11666666666666667,-0.016666666666666663,0.42857142857142855,3,4,7.872611464968153,6,17,20,120,3,4,hot_to_hot
43,167,1,3,0.3,0.16666666666666666,4,0.2,0.06666666666666668,5,0.16666666666666666,0.033333333333333326,6,0.12,-0.013333333333333336,10,0.1,-0.033333333333333326,20,0.1,-0.033333333333333326,27,0.09,-0.043333333333333335,0.42857142857142855,3,4,7.373493975903615,5.0,23,23,120,1,4,cold_to_hot
44,166,1,2,0.2,0.06666666666666668,4,0.2,0.06666666666666668,6,0.2,0.06666666666666668,8,0.16,0.026666666666666672,13,0.13,-0.003333333333333327,26,0.13,-0.003333333333333327,40,0.13333333333333333,0.0,0.5714285714285714,4,2,7.472727272727273,5,22,18,125,3,4,hot_to_hot
45,175,20,0,0.0,-0.13333333333333333,0,0.0,-0.13333333333333333,4,0.13333333333333333,0.0,6,0.12,-0.013333333333333336,11,0.11,-0.02333333333333333,28,0.14,0.006666666666666682,42,0.14,0.006666666666666682,0.2857142857142857,2,4,6.9655172413793105,5.0,27,25,122,5,0,hot_to_cold
