model,window,status,mean_hits,baseline_mean,mean_delta,rate_ge_2,baseline_rate_ge_2,rate_ge_2_delta,interpretation
multi_window_frequency,rolling300_all_501_1244,WEAK,0.7526881720430108,0.8,-0.047311827956989294,0.1478494623655914,0.17530810086113546,-0.027458638495544058,"Rolling 300, post-hoc descriptive only; no prospective confirmation"
multi_window_frequency,rolling300_recent200,WEAK,0.75,0.8,-0.050000000000000044,0.155,0.17530810086113546,-0.020308100861135464,"Rolling 300, post-hoc descriptive only; no prospective confirmation"
multi_window_frequency,rolling300_recent100,WEAK,0.72,0.8,-0.08000000000000007,0.12,0.17530810086113546,-0.05530810086113547,"Rolling 300, post-hoc descriptive only; no prospective confirmation"
multi_window_frequency,rolling300_recent50,WEAK,0.78,0.8,-0.020000000000000018,0.1,0.17530810086113546,-0.07530810086113546,"Rolling 300, post-hoc descriptive only; no prospective confirmation"
gap_regime_hazard,rolling300_all_501_1244,HOLD,0.8279569892473119,0.8,0.027956989247311825,0.1922043010752688,0.17530810086113546,0.01689620021413335,"Rolling 300, post-hoc descriptive only; no prospective confirmation"
gap_regime_hazard,rolling300_recent200,HOLD,0.925,0.8,0.125,0.24,0.17530810086113546,0.06469189913886453,"Rolling 300, post-hoc descriptive only; no prospective confirmation"
gap_regime_hazard,rolling300_recent100,HOLD,0.92,0.8,0.12,0.25,0.17530810086113546,0.07469189913886454,"Rolling 300, post-hoc descriptive only; no prospective confirmation"
gap_regime_hazard,rolling300_recent50,HOLD,0.94,0.8,0.1399999999999999,0.26,0.17530810086113546,0.08469189913886455,"Rolling 300, post-hoc descriptive only; no prospective confirmation"
momentum_state_transition,rolling300_all_501_1244,WEAK,0.7862903225806451,0.8,-0.013709677419354915,0.17204301075268819,0.17530810086113546,-0.003265090108447277,"Rolling 300, post-hoc descriptive only; no prospective confirmation"
momentum_state_transition,rolling300_recent200,WEAK,0.79,0.8,-0.010000000000000009,0.155,0.17530810086113546,-0.020308100861135464,"Rolling 300, post-hoc descriptive only; no prospective confirmation"
momentum_state_transition,rolling300_recent100,WEAK,0.8,0.8,0.0,0.12,0.17530810086113546,-0.05530810086113547,"Rolling 300, post-hoc descriptive only; no prospective confirmation"
momentum_state_transition,rolling300_recent50,WEAK,0.72,0.8,-0.08000000000000007,0.1,0.17530810086113546,-0.07530810086113546,"Rolling 300, post-hoc descriptive only; no prospective confirmation"
conditional_probability,rolling300_all_501_1244,WEAK,0.7647849462365591,0.8,-0.03521505376344092,0.15456989247311828,0.17530810086113546,-0.020738208388017182,"Rolling 300, post-hoc descriptive only; no prospective confirmation"
conditional_probability,rolling300_recent200,WEAK,0.775,0.8,-0.025000000000000022,0.165,0.17530810086113546,-0.010308100861135455,"Rolling 300, post-hoc descriptive only; no prospective confirmation"
conditional_probability,rolling300_recent100,HOLD,0.81,0.8,0.010000000000000009,0.19,0.17530810086113546,0.01469189913886454,"Rolling 300, post-hoc descriptive only; no prospective confirmation"
conditional_probability,rolling300_recent50,HOLD,0.92,0.8,0.12,0.24,0.17530810086113546,0.06469189913886453,"Rolling 300, post-hoc descriptive only; no prospective confirmation"
structure_transition,rolling300_all_501_1244,WEAK,0.7325268817204301,0.8,-0.06747311827956992,0.13978494623655913,0.17530810086113546,-0.035523154624576336,"Rolling 300, post-hoc descriptive only; no prospective confirmation"
structure_transition,rolling300_recent200,WEAK,0.755,0.8,-0.04500000000000004,0.16,0.17530810086113546,-0.01530810086113546,"Rolling 300, post-hoc descriptive only; no prospective confirmation"
structure_transition,rolling300_recent100,WEAK,0.73,0.8,-0.07000000000000006,0.12,0.17530810086113546,-0.05530810086113547,"Rolling 300, post-hoc descriptive only; no prospective confirmation"
structure_transition,rolling300_recent50,WEAK,0.7,0.8,-0.10000000000000009,0.1,0.17530810086113546,-0.07530810086113546,"Rolling 300, post-hoc descriptive only; no prospective confirmation"
pair_residual_node,rolling300_all_501_1244,HOLD,0.8131720430107527,0.8,0.013172043010752699,0.18413978494623656,0.17530810086113546,0.0088316840851011,"Rolling 300, post-hoc descriptive only; no prospective confirmation"
pair_residual_node,rolling300_recent200,HOLD,0.805,0.8,0.0050000000000000044,0.155,0.17530810086113546,-0.020308100861135464,"Rolling 300, post-hoc descriptive only; no prospective confirmation"
pair_residual_node,rolling300_recent100,WEAK,0.75,0.8,-0.050000000000000044,0.14,0.17530810086113546,-0.03530810086113545,"Rolling 300, post-hoc descriptive only; no prospective confirmation"
pair_residual_node,rolling300_recent50,HOLD,0.84,0.8,0.039999999999999925,0.18,0.17530810086113546,0.00469189913886453,"Rolling 300, post-hoc descriptive only; no prospective confirmation"
triple_residual_node,rolling300_all_501_1244,HOLD,0.8118279569892473,0.8,0.011827956989247213,0.1827956989247312,0.17530810086113546,0.007487598063595724,"Rolling 300, post-hoc descriptive only; no prospective confirmation"
triple_residual_node,rolling300_recent200,HOLD,0.81,0.8,0.010000000000000009,0.16,0.17530810086113546,-0.01530810086113546,"Rolling 300, post-hoc descriptive only; no prospective confirmation"
triple_residual_node,rolling300_recent100,WEAK,0.77,0.8,-0.030000000000000027,0.14,0.17530810086113546,-0.03530810086113545,"Rolling 300, post-hoc descriptive only; no prospective confirmation"
triple_residual_node,rolling300_recent50,HOLD,0.82,0.8,0.019999999999999907,0.18,0.17530810086113546,0.00469189913886453,"Rolling 300, post-hoc descriptive only; no prospective confirmation"
family_balanced_hybrid,rolling300_all_501_1244,WEAK,0.7916666666666666,0.8,-0.008333333333333415,0.16801075268817203,0.17530810086113546,-0.00729734817296343,"Rolling 300, post-hoc descriptive only; no prospective confirmation"
family_balanced_hybrid,rolling300_recent200,WEAK,0.745,0.8,-0.05500000000000005,0.16,0.17530810086113546,-0.01530810086113546,"Rolling 300, post-hoc descriptive only; no prospective confirmation"
family_balanced_hybrid,rolling300_recent100,WEAK,0.78,0.8,-0.020000000000000018,0.2,0.17530810086113546,0.024691899138864548,"Rolling 300, post-hoc descriptive only; no prospective confirmation"
family_balanced_hybrid,rolling300_recent50,WEAK,0.72,0.8,-0.08000000000000007,0.16,0.17530810086113546,-0.01530810086113546,"Rolling 300, post-hoc descriptive only; no prospective confirmation"
