target_round,ticket_count,sorted_int16_le_stream_sha256,rejected_iid_sextuples
201,10000,1c92b7f4a362469717da492deb40ee7e183b8dba853c9f14fe18f308242ccb68,4087
202,10000,52a0adcdf01755bfa6c69719ae4c410a650a9c0a1de67b9e8b2af247a49924f6,4292
203,10000,c5837abce90f396a3ab1a5446b42a1d6fb6ecd55950bc898a2f18c222f26ebf4,4224
204,10000,97c6fe089ce17717710a24671f2ad5b3cf9166512831f2717d79816b40e2b2f6,4265
205,10000,40b91287339e0258d6fda65f23e87dd47fb9a9c47cbe4c7901cf9430a2c9d212,4207
206,10000,569521823d5262e8378bc2eb7b30b8eb3b922729ecf4f9db0b3a829b45232092,4128
207,10000,098b2265bf7e42224a6b27263c00d29208616b6197462ef8343eac52e0cf7394,4098
208,10000,07b0a41d6a7c839cf84667fb1a35f0dd8d9cf42de6a8ba93d317d536971cc647,4138
209,10000,be83c08661e4b28f6132598aea640ff5d0e2b9b17b049fb77c7c01f1d6578685,4176
210,10000,44f63dbbf0ea72842c88af7c970bb1d8dff2fc40029b96ef219ef15223b342e2,4123
211,10000,a2b1901bf23975234aff80ce9fadf5bc263a1100e9a76964aa33ef99298a5422,4110
212,10000,7991283278c061b0ea048c729deb03dbb5050cf1eade5fa2a4df399b52c35023,4053
213,10000,10ea48ed251b0cf0372325463ad66ffe4c842f97a0b196be237962b1ee6a0efc,4205
214,10000,114b4c0e4f1eb245fd97a520c04623603779dd8af2161b0c89bf045b0d5ac58d,4083
215,10000,2c4e44b3adbd1020c75436b2405a252266d5bf664d97f2c99c686a74703bb2c6,4198
216,10000,702b9174802199f7b81ca4063a558068abff9261d7128d0d1fdab0b4d1b84ef3,4131
217,10000,01b8b4b925cec835768523f3f1a58bec7929e704c6bbfc2269846b010f773f06,4156
218,10000,2bbe87ef122e54b93adedb5df7dd744ebdef6381da9bde2a537b8686a6be11ba,4092
219,10000,0107797d267e83bf97f197b9b324058de8401972260709601cb65c9c44e3b342,4063
220,10000,8a44a70adaab06f5554d2d857cde32da1e2182e91b4228c54fdf7ea1a44c1925,4117
221,10000,fb7c74bfd64f57c4b16bed7c957a0d9464884a07b6a93720667ebde7e81a8c19,4285
222,10000,41ceed6ff3014d1ee918d4845ca544fdf871bf24c5ba26eb849b704cde1e0bb0,4119
223,10000,63b079098d5bf81fdee66975f20074bb9c302da191fa8fba6ac368e080d92911,4022
224,10000,7007dfb69f5fbdbab5edafe0987511134708bf4c6379fe20c02571fefc6e3607,4059
225,10000,a73aac0b4be94b59d38253cc15df885d2b8845e8ed75f90753fbccde6872502b,4157
226,10000,111bec5e8aaa77e0512b8ec41d8c3a179a46c0fb6d10303d89918c2aedaafa89,4183
227,10000,8fea6b22a93e257077c2128b37b36cc6b10527b926df0fd01acb9be40dc32dd0,4115
228,10000,ce864c76de0e73375524edb7c76306fc418f96b99fb7a17fa7d9cdf012d54447,4131
229,10000,3115327d347d82496f4a4d21628f24f6081689239b79d924b95ea57923c420b8,4142
230,10000,c79e3ebb106f7e3f6e1026d09ae0729d1d44538ba81948b8895a91aef63482f8,4031
231,10000,0b11a86772251e60fc28c3373596295078d8279dacf9045669b7266e846571c6,4210
232,10000,b606679e8558e4e0789dcc8d03a79ddf7ae0e157e854eb8b76067e70e6f00f87,4220
233,10000,47eb596015d98f55c9d2ba257bc634765dd3cf29554a329ef45eba7954ce3876,4247
234,10000,71726c51d0869c2e1179bf1089388b2749b3ad8d60b422dcf5032fc1f57087d2,4257
235,10000,75a5967571670fe512607fc8f2151411ec15382a261a40a30debe5beecbab1a4,4198
236,10000,eef69dbfd11611c8ae7fdf6d5087aea970827c946d625ac92e333cf80f27316a,4203
237,10000,32b349f011d74a015e4b57272a5526b61e6728b8ba6f845f81fe7cf6f29bf41c,4163
238,10000,bcd18237912da193348edd44b701c33ed9593387f1febd55a15658e13ff8e074,4100
239,10000,eb35c10e5a86e3358b5bde746fe5aecaa9a4a82326a3fcfe0ee0cd5e07990f79,4157
240,10000,78ed44294b9ad936904cecdeff4a5879da95b59b5d3e63cada892a83ce709a73,4117
241,10000,eaccc00809123caa0531268f957474b9351df4304c4d18ced31b00b435e5deec,4115
242,10000,de9871be7237efa338c2b11d52ebc1962ca3555b9b4d9cc298149ec03575a9c5,4167
243,10000,98149646917419e412fe2bd7ce1e7dfbbb95e2a05ff0b4f9b33a07e370fb2154,4258
244,10000,1e5225d1bdda228e361bed408cf0dc02a0136e9629e06a84d9697ed17c587b69,4204
245,10000,9f8810e2b54d8758425bb47f7ac5421392bf6212a9d11695e8147a499fb9f124,4176
246,10000,dbf2fbcc3a8abf3a5f618ee06ed1266dc121ecc26a4e2a41a905ee565dfe463a,4091
247,10000,ed8576f30d5d973273016ec6841252d0c109d4ff00ec3250c51a0c06a1cb79e5,4198
248,10000,f308513f56689c42d966f1b6e6c0e9ed0d501c6d6cee98ae9c8917ca9649f498,4186
249,10000,88e2ca8025230cfcdcbe4a0a9018591f119d53de2330107451385a5f28f84473,4328
250,10000,590303653663ef0d49016151a3f685f00ef9728dbc0045300b35fe8902071f9d,4053
401,10000,96456da5710b55b425a96680032bfe68ae9fc0f7c2412605771f191e46040b22,4136
402,10000,2aeccbf8d79ba2c3b06eb10097102440f10dcb0587ebaab61a15561f0b831aa6,4032
403,10000,6fcd6908eb0266e6fb394ceb30a8af92132a10559e36a6f114e1d9b82759f488,4054
404,10000,d9ba4d28c1f31f3d0ae35dcb0f52aa201d6c91ef9b83d02c24c0ef4bf639f7e0,4083
405,10000,55c6d6a7b8594551cbcce618dd91d0628eee7c045a295aaffa9ddbc3a1b8a71c,4226
406,10000,9601a313cc8aee18eff0f1b580e5d41032555a7ee05b45ebd85ca4d65837c30b,4148
407,10000,e1c6fbfe6c5d6fd9c3858ba383b4bc35cf1d4cd8584037f47947449c83348f44,4103
408,10000,26289e331c8eb80120523a1ef434d4def614a575c6eecac332cf2bdd489c219f,4135
409,10000,5fb782110ec696a254b816b41d11da361769d593f44089a38ce95950bdca48c5,4069
410,10000,9aa873a63415d71d295437d6c3f3c6680c3d928e8ae3c7f746c031780a14a270,4253
411,10000,5067cd49574fb1db1641cb0cad5024016cf5867c2f08ef2e811573bce4ba60f9,4148
412,10000,302c6d31e32cb83d95a8dc02b1ae5c729a80254553006ee71e9ac7b6ae1848a5,4219
413,10000,8a174ca49048fdc4a50df6617756f5683f0b4883a0ffaf75aa8fb1ffd5054ef0,4173
414,10000,2f7749a2d55d84ae301799f5cbc29f6ebf8e86e9bc4b61935e5476f31f523775,4252
415,10000,3bc674585dcfe03facd6c34d343cc1d0dc54ab4f8ccfd574b54d424304c05408,4208
416,10000,d566e0720a2461e0084d238f120c7912afd681404bee00e15db717417c557414,4181
417,10000,76b33e8e2d67cf0dd197532ff23362f1b0fa35fd376aa98cb0c05173e664c68c,4244
418,10000,05872e879e7d128d72f56f255b3e1a408cb57dda9cc1cd1dc7480912d7696744,4102
419,10000,10cb66d216916f23052b016d947eb6601504d91c6eb646d45539f06887adf6dd,4115
420,10000,0499bd15bed6f02672cc9afaaa87e2ba0d88edb66d4c4cb9db51e759572eb88e,3995
421,10000,5c8844757d3a8a68c9a8e89e98f54e137bea6ddb957a5636107a09190d8cecac,4159
422,10000,4f9521a09829a97364b53c166701c58f01cf8f9ed3a5768943875ffa478e6de8,4201
423,10000,bdda40f8e89ef86593067afc4445eaebf5d09a9dbc37b33b8ca888c4f9ae7a0d,4106
424,10000,1bfeaca07c09224ef67e30375429b7df96380cfb83073d8e67ecb5f2839cba84,4138
425,10000,576b75b0756bfac203b4ae1a5ff43e57c00a82b737a0b3984b31b29a4e98cb24,4212
426,10000,ebbd37432271d1cc30f5a8294145b00b9a8fb15d2a8dfced58c66aed20f8cf8c,4070
427,10000,c511729da8878015ca975c2c2333ee971b7d5bbaf49b55f390efc095c55bfe13,4201
428,10000,d411a01cf3de53fbcf8c1e26d74f7e4f1ddddb155f2ef2594c90baab5627c7dc,4040
429,10000,3d3f261d9cc3f2d3cb9fd89ee2869b2188ae278acd1e18f9f9367a2e451ea106,4250
430,10000,635d40f22c8ae2817133bdc0f9e9d37b654f1cd389256c474bfd3a968109aed0,4202
431,10000,6b5eb7ec02f5ac2de037640e13cf31c1eb89517a54889dd1192015880f00f7bf,4179
432,10000,bdf396a1f116b8d5bc71ef4fd5ec8228742199142a3bbcd1496f83a75fad281b,4146
433,10000,956cd254f9f76d5d5c4c3be984def76128d5e27c4f4b104d3700520f0dd939d0,4161
434,10000,b9582a21e3a5a02c3220db3242384855bf80d8da0fb1ae800195030bdac1654f,3964
435,10000,e0a84ef54374d35cd228b158bb4d5dc300430ef6c2d067f17d95576013d59472,4219
436,10000,98025a38bc41847f92fc4f817f69e5aa4c45a115c8f2b01605a87c21d1707ca3,4160
437,10000,dc3db3c2c005d054c60e1951adc99d998f552b10f33536e02330fab436f25240,4155
438,10000,5f48d841d3303ad14104fad9f406778cf36663e82c15b97773076a8e6d71b1c1,4138
439,10000,d970eb87c8e1b06643c082ebd7539b9feaafb80d4762ac960a08da6e60ea888b,4038
440,10000,0356874267d1a9d6bea029f7a49e6f431b885c7c2b005bfd95dda4849ebab121,4158
441,10000,02296abfe0a02dd3222e6fb067d18c8a42d32db6aa9b0292a45d7d18e708cee2,4207
442,10000,34f266e700a000faad00272bd44669f7ac98eba5139d7b4ce9b4cc366b3591dc,4172
443,10000,0d108296c27c9687d4e08eb47b8bcb20d0c485b2c96279ad707ece12f01c369d,4105
444,10000,1d71617351d1bac77c9a7c9422a23d99d717a4716e16be02da6ea12c7d52ed15,4113
445,10000,4fff04fc1b076e9ff6514d0fc62036e9198b142c5cbc1155621ade886ef9fce8,4113
446,10000,859aa4f089e67bdb9523b656d70a4f80214ce391d241dfcdf1195bb8aa781430,4132
447,10000,ea086d460f1d42638a040798e43254bd88069e76dfde59ad4f0789c6ff986ab2,4237
448,10000,4f1b837268989da8d6db072d6bca4338eede8f246563f7cbdfb7008ac84426be,4072
449,10000,7b48f283e6cf8b1a914499ccca80f19292bfc7edefa13245468d4adea0ecaf98,4137
450,10000,8de3b0cdd7891058a06987b77641e122291559dd7ef71d6f1fab055cfeb85bdc,4162
601,10000,4d3bdd4af4b06c1d8f68583bcbd1a166a62d3a796f9508329325d6bf2d18b1ad,4078
602,10000,d5d3dd53d478fed4db80b4693f86edbeebc3b4d831b57399342b42895f3053c8,4146
603,10000,790adef3ff021b10caa1914d8f97198935544a67b4e403e628e3737616ea0826,4154
604,10000,2d90ec694a81e738ff77edf2d0c44af64e0f4f14df02d3f70a4754941dda7dc3,4138
605,10000,16c39f5d8cc11dc0be13a99c990007dee8f4f2670f12ab06418f2745679575dd,4223
606,10000,fc48e87a7ce559108934c3464822ac43af9f6480cff7fb81a3fd42ab91a0b1b2,4125
607,10000,f63416fd77a21c220ca3f3435d042a63e67673ddba975dcba667b7bcf36d6ede,4164
608,10000,e1b50566c5921cfab6324d2ea03a099bf573459c263082d3e0593a5ec86b068c,4222
609,10000,c4a68e9fe2f3634de3726fcb2fb4f8ba7815ea97153537d52ba2a3fc5bf9a980,4137
610,10000,ff0f2b12f1843da5a053ca09ce4f8d1f8d398ee7346389cb80c3e3c78f5e5d8f,4096
611,10000,5e30a73867e8dd2ed9c2b953b42d6605a68973c19127eb2e87bff7c7fad9b908,4111
612,10000,b69be90f48b77760b15ddcfc9f8585f8a7bd5da2a4e63d402513425f589d153a,4191
613,10000,495734a18057e54bd757165a100151efaa6f246f6d35e31d57f9ee7c39669be8,4226
614,10000,9cbafa8b5840f316d865cc97bf3c10c2d9cd8ff61881d883e465484413d076df,4147
615,10000,1510dc65b301366c2a2de69a01cf417422218a134b049cb46afc25debfdf6d30,4165
616,10000,003e5e6fdef19d13635f4375a8a7cca2e2f4fdbf55fbe9f82a4ffd45378de450,4166
617,10000,127f90f24a09983ac7a7a90fe0820586be8b36bfe88b520d58249e27e1736af1,4212
618,10000,1752f71619b38dc855ca63d420ae185fdc823f7cad54ad2960e80a3df9744c64,4097
619,10000,b77d20e8ce1139966bdc399d84ec2efabdf7adc6067081ce7cdcbbee33880453,4118
620,10000,9d261ea63745d7114e0d9b63eb0fb72a8553e0e19e1513499a3a3836c5fa51e9,4218
621,10000,1c199afcf982d054c235950b7483b84b9e4da1fa9197438570d55faeabfb89dc,4206
622,10000,9f7bf0d8157abc49f343a337451becd4d86352670f644d1d4fc4e82a31532159,4085
623,10000,fcce6daf350608128f6981fc5bf062975ada6b6c9697896b34dc76972ad2735c,4067
624,10000,86886adb1698f928c96f95cdcf06cf8a0eabab0ac718c63cc040fe283913ffaf,4074
625,10000,be9d43ffc1c72c6dbea6592f3a641b04459c28232ad89fb4dbbc903b06256ab2,4175
626,10000,8a4736fee7042d378418b4165428eab7ed2fca6f8649dde028e06eff0918e311,4042
627,10000,427a4c23c584998cdc5a256ec4528f54a61ab62dc0aca9a92b5eeb7c1b4e90da,4137
628,10000,43bf4702f4ab9a3d3523242d18a45e890aeb95872fb16858ae9ced7d019df4a9,4057
629,10000,3dd16396457b14508e35276b9ec9bd1f6a94090c95e070f0ba60fb049702b5de,4189
630,10000,68d5271bf4faaddbdd1c07a35048049e8ca07d2e52c2515686ffb9c2398c268b,4174
631,10000,d642c0d418ce9e22cc528cba83188057ba6971472440bf095f985ef88e6e28a2,4108
632,10000,069ea968218c8f27d4398a9515af63f5a1055276052558bebc2476c0ef51e639,4048
633,10000,b27dd0b91066dc1f9ec63ac284593f5ecef37e0c57eeb1d29d0aad6711c03a13,4080
634,10000,673fb8a1f325eb6311b1edb129e96425df978b61560ec354e6d9948b7b9fa06b,4181
635,10000,d17cf30b14363b2af0ee8d2666737e189cb2d0cda0cc9b5d39a43af05a5d0a52,4145
636,10000,f820b2b4ab28a0efed9d3c8c05f4cb7269bf3b449ec302b45e6b61e60b85a1d4,4141
637,10000,901fda7679698d238087d6d2e6b6f1bb530f90b139d706c86551bdc08bc8b084,4277
638,10000,0533fa8e7b0f3428692faabbb0fd3802ff4f1fd969331eb64771205dc55aef8f,4234
639,10000,74d159adae14dd0798ba18b221e5a9a1d141a8c6cdd0b9afe4fe82424e26e6f6,4108
640,10000,61a9a7adbad0c16459349e5c0eb5162e913660973645732458b61e155b0debe5,4204
641,10000,0b19b859151924b8576a8cdd5df960f8cfa94895dccdd70b3965978bec810647,4021
642,10000,14b24b4a01344e89053721e4bdd356ed123ae7fde640dedca2ecf437b6338983,4220
643,10000,6f4421ee72de233f4381bfc0c4d5173ceebba9fdc14d7c1c3b2eaba92eb8f9fe,4074
644,10000,df1b21e68d51dda97704f205bab69cb36b5c47d737d84c006fd94f30edf03779,4180
645,10000,fea0547a326e4af0dacecfb242935761c0f43e6c33bb528b71bdb34bf8a71056,4193
646,10000,2b7b99f0f88322965026b8372e46f021cf7b007656ce70520236154f397a999b,4077
647,10000,1f06dfdfdce4523e8122a70d55069759804d866aa592df2855632ded9aebe948,4218
648,10000,cd521677a503499847b8ac4103b98f258a9924853a493a08e51805cf6217207d,4047
649,10000,3962ac9a1fadcc6bf9275f2f7f9caec5106ad7a93d501a44dcf93312081071a7,4204
650,10000,d48d606495e1017490ba319e0afb1bafa834ca57a63353133ea52444de35448c,4079
801,10000,c1b1e38b134c3c18357068d16de3a50ce0863f2f781bb19a0a134a271878ca31,3967
802,10000,79e776d0a880701a1a7a8d568509addac151c8f6d651e2e7d0eb8a0f8fc38382,4067
803,10000,c26b506f034e61e01ef0b4cc065ff91623a770718e438f8596684ec1640b83d1,4160
804,10000,63d39f54b48433fd041745807047a4e255e43c2dbb510badd47e831554d24792,4227
805,10000,89c1bc66676c76edf77ff0e61e82b73d3f1ac5eecd3b065cefc0b9ce18738d85,4260
806,10000,f42cfaabd61b32fe7bce2ac5755041a76a28c220db8752646d85aa5989ab07c1,4267
807,10000,efcd8d7101772806ef9a82b71f7b5a214d21fc3f2ad08a17eaf4fa90496a521e,4070
808,10000,647b42d6c92997bedde43fc6fedc43e6c3a36cc1382a7fc2fca5d3bbffd59bef,4177
809,10000,87d8e5184eeda4fe3a02bcf36f0f76705b654c7d68e925cee89318db63f66911,4183
810,10000,9ed73dd7ae9aaea4040353ef46c677bcb61d6df8843256dddd0593ca178a1fc4,4005
811,10000,dd344ada3a70549dd2be37c4bac7b715dcec11b2aad0d6bcd5982d620a9fc2af,4076
812,10000,6b9df07306894c38a620b21bd9c2bce0f9173ffdcce12994067b526c4701255a,4028
813,10000,962ac231c63deaed01eb481c69dd5e8b9cd881faa219bc638550a37c6da3c5c2,4110
814,10000,d895910cd1810338502f57d72799e908b6f21b3aaba6bf244a85224b061be2e2,4139
815,10000,19b82d10f600b1872cd67d4b5ae043b2cd4ce9cfae4b47da589f0491fb89214d,4254
816,10000,0bc4ff0c0c04080cbad795d609d38ad5376ba880a046ee047b7cf4c53150e6e2,4131
817,10000,0451800a4d1b271babb494001b2de10502f828cd0351512c6acfdab780954528,4176
818,10000,b5251afe98642ae04755d5f3a6fd6841ab614d8cf44ccd0c375a771d2ad4029a,4168
819,10000,1871f55b30613025f52cc342d10af2a85da48156997058afec2b97e2faf6818c,4242
820,10000,6b117767b8f58c9cfe76ecb17a3d146e39692b9fb0b6830ccdb1fe1b3ed97896,4216
821,10000,72ef4c8f32d46c8bcfd7a9a4ad62c96030023576641aa7bc9ac595a4052934fb,4167
822,10000,41d858c99e0cace86d7a9796e2949ba2dc148165c624c21a1b7fcbed30fe8642,4281
823,10000,eaea0e35bc48d67a734bdee34489d08fc74119ff86dea77de4c5bc6038edb1f2,4226
824,10000,070790aee85abb39d45f6ea3485f7f4fc90471669a40a277a8d66a5f0dd914e0,4107
825,10000,1d62cb9278085870a45efc3cdcb3ae0cff69f57389b2c9fa0fc039de95f35ac3,4198
826,10000,97358f710b51335e46e9096e84a06952137ab77d73d465eeb3f638833719a6bb,4166
827,10000,6e20f7768454095e569649e47041e4c6fc4f49a422b6a3c796fb7cafed8fbb7c,4216
828,10000,a97714099abd6b82b3ecba0efd77a9f2a017882bdf7734dfc6dc374b9b73f576,4164
829,10000,9e4417e8bb982ba8ca9901b49bfd05b54fa4706c1f485802ab094e45f7b33e22,4152
830,10000,a81fc922acaf6106ec38c32112b4c3f4ecf3a29b88433eb1c059445ad086433b,4372
831,10000,21523baf9a925669ec7ce6987fb2d5fd596ab7f61583f02b37ff3b9c92364b04,4278
832,10000,b4eac44e50f4bf834dc3d57aa83fc52cfd5f8a1b4529f612cdb834fe0fbf5d3f,4105
833,10000,711be03815056f5682a2d6bb961e687a6c1c48ed2ad5d6c1348435888efbf71b,4152
834,10000,421851fd441b944e3943213008b0d6415341e5c743dd041cd29680b4b682a1dc,4155
835,10000,90506e56833478c7d92e069ab21758862108e8c0a2672068570608444385efe6,4205
836,10000,8a3a92906a08e6249566240c60c2bcbcc5d309d7c1b7d989c45d3d241040463c,4016
837,10000,8136f32399a421ee2599d04cf742ba1ef9c177e324bf76cd195ccd89a0da53e0,4100
838,10000,692c0e2efbceca02e9426257d25677ac8a1fa93c99add3b97497a0b960960e95,4228
839,10000,c024d5f0bd8a15e79a30b3eacc3c1b3e0371defb0c8f220346700e682e4e5469,4376
840,10000,b55aca7e76d14d21694e74efee02d072eb58738097e3696c77a748a0e40ddb3f,4104
841,10000,6e6d68ed036dcd07fd44c002d3e2d389074e94de171f71c03ff773850857fd9d,4232
842,10000,9b01212190e3893a070ee5a0437a714ec863c877cd27b4fe750cada46f98906e,4115
843,10000,f61cdf4098e57cf9fe865e88ca0aaa685aae61b31947e6ea2d5e84097ed763b9,4214
844,10000,e41c7008a9d9ba411ca13ceb1b2cfc63e8c9cbde75878248086cc8b4ea77fce2,4268
845,10000,76ffd2e95386961cd0a010298a9c231d562752baa5711f8f23e713f660565646,4204
846,10000,677ac60b921db76eed579fdd3ddb40a4cb19abbc3b16b0f702896e66f0d12596,4227
847,10000,a40ffc63680af1aaabf2dc0990552d5d10477953bb5c757544d94e649820cd4e,4236
848,10000,d3232a8c63d3b885906aecb01e0e5998e841d1c23edad0b404d1441c10652b02,4147
849,10000,a12370fb400574cdcde8e42c6a0c07c6b05987065b2d143dd2631beb96339cbc,4204
850,10000,89041c41eb11e6eae6150863241a0fa2969eabfd7b58aae368f01e1ef964bc62,4299
1001,10000,3dd3106b5d9fb931af00a137dd7118321fd14a276effcd5eca1d5dd65fcc1e7a,4086
1002,10000,eaafc87226fa0ae26ca36e7bdeeca1f53360ca20fd2e8198663c9240da9e3b15,4039
1003,10000,81ee107d0c88037ba96c497471922b749ae1f0c42495ee3860766eb4b044f129,4301
1004,10000,29d2f5886c4c38d8f29fc630604589d4cf0c162836ac7ca69f4b6a6a519ee49f,4158
1005,10000,d6866231a69338245b8422b38ba679823646c50ec8566b630b37e2ee61056789,4190
1006,10000,3752842dceda2a5b683f8d4d5564e4bdc2cc8889644486275258754144c71dad,4267
1007,10000,e99bed564df56b580f3daf7d4e96cf4bd1f9cb4a506ffe15ad82c775ddc1cd62,4158
1008,10000,3f59a7c5b4dd5a8dc9d0c2c59f66b278c1e7e08774763189881420ace2b22f5f,3942
1009,10000,f5b5866daec7ad70c430f674810066df93b3b52169ac981520e5b34533774820,4170
1010,10000,6a57face11e9423b7fd829c92e3c2d0ad59c2721bed5b52390dc8bb00535b2c6,4187
1011,10000,83abb31ba7d9507d8691f52bb2c68991f07446c32f6a2ab6f3956743efa2f7db,4310
1012,10000,a8d1f8b51b1faddcb81fc27bf707dc6086ac4838c72338ddba0df6c91f06a094,4073
1013,10000,a3c6ccc9daa172c85f624362d01015536b425832a78919bc36167b90d31b2948,4128
1014,10000,dde85939f60afbe74689fc449b08bbb04ad81e0d0b26ca606df3d65bc8f98074,4313
1015,10000,703a09ab311d6dbb5880d5a1ad3d24520544d3a4dc924af3f68cb110d6f11585,4311
1016,10000,d8073aa6baf3f19286006b7cadb63b5864c9f1d1d51b63e06eb25315537ea098,4145
1017,10000,771b2bbe167bb1bf82ba3dd04343126f19aa96697aff3126dae05d95f9c87699,4237
1018,10000,1c4f056cdfa96870f66642cec8d417535c7cf81d8cce93c55cc9ef24bbbb5c73,4097
1019,10000,a3810bfb7ef262451d9e9bb184975adbcef30d9cf98e7eb18fe12c2bdc23c914,4149
1020,10000,156fe06e7eff9409dd8643ce2cd2539478008df3ca1f969b24ea05a9de532c45,4203
1021,10000,39b125852b3d472727c445039e2c8fe86d2502bda936d234651893ed1f7e4bd0,4062
1022,10000,7723f8892e50b65a309efa9667ce08eaebb6a8ea6865aad107e0d4c2d9c65176,4294
1023,10000,a07f11568d4402939d3bb6b39ee2f9e7804dea9d32e31b0f46e0d85b8b67dc20,4067
1024,10000,3e8a0ba8a2640f62ab012b2179a67d39f0907551cacf915911789f7c49c5ef7a,4256
1025,10000,56d1ae1c3097a361cb4ac55d65bec8a871625418980f9fb1365fac2af665bf50,4132
1026,10000,71d1158499d991ed96dfbd35a4c99d0c5c4391ec6ab55476b62276be9403669b,4171
1027,10000,1b501ef80d6280a7ddc262b42f9139804fc492cf819222d1d4c4139ef0fb5f59,4166
1028,10000,92fd45bbbc9a1a087afae0be840042005ce01236b90657fd587e8c4e9aa47959,4243
1029,10000,7b98e3ead6286fdca8171d858f6e4df78001bae00808e481ff87babd773a1265,4258
1030,10000,4de511d161477afd30fc0354ac762620686ad0524280e7593e5ae0450c8aac89,4132
1031,10000,1b510917cdead4debcc7bd1e406dc42a216c5be1dbc00287c3bd3d6a219ace99,4084
1032,10000,0ccf66ebbcfc85ac2da56ac24d2ea8e831e8617d0e4475723bd7e6d3fed73d74,4140
1033,10000,c8b4ebb98f1752edb3e324353413954fab6723d1b2075ea5a094f3f0221e182d,3988
1034,10000,86f055c90d17e1157f68e4d23cfa1b1180573ba454b6e682916d000e7c2a2328,4138
1035,10000,0229e0781aae42a86043f0345339cb332c25c1e6f616bcfec58b0f93a1ddbb38,4159
1036,10000,8f014ebc5bafad208b9449b04263f9a7b5d83cbd3ef2d5ed125bfb95c0c950b5,4226
1037,10000,9cf93d3d6c6878c9664b51ff7fb2d57eedde65574523644ac096f47b59b1f9f5,4106
1038,10000,944623c600adedcc203d6e8d2437d9f17f6a7d44be247d40c5322b9a3b8ced3b,4213
1039,10000,152ee43e7fff03bf30a3358319fe85f220585528161a357d7c7470b520736ec9,4248
1040,10000,fae073e558729ffc11b4d540d799cc54bd0f6d94ad384648d642b44d98326a09,4199
1041,10000,8c89272e98f8eb74a67a6bb6a67a19943e8804156ae7c90f8a79125396af98f3,4176
1042,10000,d0903bcd856aac93f490280411ff29eac79e4f286a0f5d894342a88187a514e0,4154
1043,10000,a2f25fc1082b1f274c0ada326261ecbbba801cbd9e645e9c848e8119f5833331,4166
1044,10000,eff79510b04cad549145a4eec38bc77dfbed503803d9e8f7ab7bfbaea53df920,4148
1045,10000,f8321ec43201901121019ede7075cfdcaf0667d9b6352a5f8ecd7237e061b176,4166
1046,10000,f08a9d24c083b866584fe6f23d611b5ef844b7ea23a2805d93beadbfc76405be,4161
1047,10000,596de78c89cc8c620e6534d8d40dc43493cccda962be805b4b352321cdf78425,4088
1048,10000,7b025aa2107bbdbb2db0726e4cad07daf93334c2d643d0a7a757eed836ce0bd9,3930
1049,10000,2c69b139facfaf159fb854ac1e31c03cd835687aa536650ba96616f1f34d20ba,4196
1050,10000,d6ea2763a8b1d3ef2bcc11d0c5a2b5d8b2d5b097692b7d1369b971acd5f51730,4066
1101,10000,1bf29a98bc93f8f373a193ed2da072cdc613403b2a998823d72a15f82d8f8d31,3977
1102,10000,c8d6fc73207f3188d963e7869e95f5ee587419a0cbceeabf22f9face55766115,4166
1103,10000,b129a9b8d1064c6aa040af4adb2be4ab1c83cd52d5654456f387d4d50378b2a3,4188
1104,10000,07050459a53d7ac5362b2f1eae27d921658aa333917c977f5c3ef1e9f81bf2f3,4207
1105,10000,7f96851bc56f6ee147d0a509186611a1152b520f0aa627771f375d337f2de951,4130
1106,10000,7e06867a37b73fddcbfd69f2d493de937c6954cf02455e29c2d2f2554fc76ed8,4116
1107,10000,4dde340c31c62fd7a0a8434bf7ace15c91f89943fd420de648cfbd062c11ceeb,4053
1108,10000,3814ed2ff2153204ecaee9406f1d8087f06de8beabc745bad9e5b474634cd6c6,4109
1109,10000,4c55989e8eea449cf918c201b312e24bedc8febf1a21028fb4ac86f06418f2aa,4202
1110,10000,a7522934c1eed3120aaadb545e34820278121905ce2b6acc557f6a02b719e229,4198
1111,10000,7a8ee914bbd2a4c5cd1b0809286591034979f981709d90b4f35bfa763123d5ec,4158
1112,10000,c378a77fc3449fbce6ba64ed910bd4e1ced72b24fdbb28890d400c318c662348,4245
1113,10000,2000616531731440edba008aaf89af723157a2a2cd4f37d068ee92b4448b8190,4164
1114,10000,3907b4485fd88745a4d5db1d5915cda28dcf08d1122ce2dd2cd0c7473b4537cf,4102
1115,10000,2b34136381d58d4aae7f69511d86ec38f0ded6e6578750417b43754e1ca79b53,4141
1116,10000,f5843faf4130e2b0657cfad1802b272d4a53699dcf6278ecacb6b79ec18bcc11,4179
1117,10000,4fa1500bfbb1ad05788b17a2d47cc37d0c12d885f27c8571631b7f74d0c88f01,4275
1118,10000,341b10c5090921eb88cbb9cc710e01303d6227d74cdb0848a4469f379ddf5d1b,4113
1119,10000,0e5df59815cba1c1212e9e56c3047e9d642296451286f7e6a4c2fbef0b4b766e,4072
1120,10000,fa7e1e6b5413687fbe8f21b05d84de3fa26991dbc6cb9139b8514dfcee82a699,4233
1121,10000,196988f601940467e651b1e7ad905c79d3797ca1d82c06157e99cee27415003d,4294
1122,10000,b8a09c7f25cbbee074d02653fa0e99ff65f9565dbc054b13204c99bc448b3bab,4259
1123,10000,d406c3352234bd6fcb561a8072af67616dcf55b208ae80098fc05ca3d980d9b8,4215
1124,10000,5f9d58711e086a5554ab3c743242fce62e21e0238032b21ef238b6ac58fdad09,4259
1125,10000,82479813d9ec3065da4e3eaf1df1624272f79f71183a11ffcd02a12e804e9d90,4255
1126,10000,d656f10fad681864977aa52cfe4963fd00e1b54418c55523eb5575bf29fc5f47,4064
1127,10000,d9ab0aa715c12e552eaadfb3c611bf9ae03fc613b8485809eba97f08f52eec70,4174
1128,10000,3a43ebe1409ed7a85e0163c7d5beea2ac2526b8fd9baf19f81ed38398410ba69,4221
1129,10000,15c4a3686f074cea5c5a3076fcf66eb1f80d5ffba94cdb2b311a23f87452b33c,4156
1130,10000,6dadef3b0bc6c4ea2207cbcedd9166dc8816f10055b625b399f8e0c9dcc4ab1b,4251
1131,10000,1bff100c2cfa064ae27cad1b99da6ab7b232640b0a717ed9ad3b9d2d2214d031,4194
1132,10000,68bb75955562089d129ab96c2c04ff2df5237b78208de826eb1162c441eeb358,4259
1133,10000,210fe64003b7dfc1df59f1c83c3028b2a6a618340ce74257b4b9844407d620a7,4112
1134,10000,00b86915b7118b57914e6a23e0aeccb868d95683b374eb4ee877401f7aed6eab,4067
1135,10000,a7261cc30e9c8c801c9f20f3cf9206b9e738b46574a90af576b1cbd3e4716e78,4143
1136,10000,40fe7d155cf08b816d62ae7a6a29dae5de8c1268147197c568236d1c08d251fe,4044
1137,10000,5029efd6148fbeb3ba1e9ca5b0bdb1ea73d140bf499a3ca9ae608926874b413a,4230
1138,10000,0722b11973efb71839e991602d846715bcf368675843e8079ffe1146ee3bb194,4232
1139,10000,f73dfbc76c7550ed95c47809d8e2eb4913a80ef11223edb8e0106b62fdd30c91,4119
1140,10000,f798d19ca026310b323a945b39dc0aff67ef9eab7d73ccedb6d98e46b96179f6,4201
1141,10000,f03d5863fae0094470b22ba03474a49a7f26025d2df75f2de79dfc5620ff9b65,4233
1142,10000,857e168acc5f58e9a4110a6dfef04234b0f53c5cfe4571b80ac7d04879cf1d48,4238
1143,10000,efea468a7b74fe443d68892ce07c940384a0b567652ea961107ee77d025625da,4162
1144,10000,7000db844ff5d3e6e0520ab87893718112c6b92099e2b42a1e6e75b4b3e688be,4176
1145,10000,51648e57096f8fd40423bf4ca0506f425c8054b31ea7dd8daab0d3b94f49e241,4099
1146,10000,226c17862a25977bcb3107c89594570a5b47bab2935a5b32bd58c40e1be145ed,4184
1147,10000,d59ea85e04dd7a2c169190c3722844586f7c8bce55ac53eba3fbca6696fd232c,4098
1148,10000,94ec2f7b6339f4948466baeff4f759c087b0a9847adc770c6cb82de3f68e0cf6,4111
1149,10000,90b475fe9c4567a7999b90ec49ed366f25c33e70ca58e61c4c619de22ede5b6d,4168
1150,10000,f5c29c1f31789f2d5ffc1a43c38e4e260c9f9c69712059bb3d1be15d5368190c,4143
1151,10000,3e80a0d921eeba8b416126c3a862519527fb79b10ff0c9b0d3c6506765770db2,4103
1152,10000,1a4057e560e161601b1447aea881e1311c4551231eb9991e235851d5d068e014,4361
1153,10000,ab3ec188af0249049a875b7e3fb94c5cedc0c091438dfc9afaa4c48377a2d7ad,4079
1154,10000,036272868d85d46406a2bceb7ae86d6064ff02cb51397878f7754ea6966ce21d,4172
1155,10000,8e47488b9615605c39572bfa744cccc9dfe807f36ba30f4bd0a1417774e00975,4125
1156,10000,c60b5dc80c19e4eeac1dcd3eff2f283ef0e66de37e2c6826ef0df8704c8302d2,4123
1157,10000,92f660a4d227528d9686b871638cc4573426a2b7f2897b0f7c4fa4aad8445dfd,4090
1158,10000,bae1534c650bac7da4b40a241323344d6485176efbc417c9b8e3a324efeb245d,4126
1159,10000,6e117f34acd58fc1497ac9969042b4e2b0f63ed910afeea4cf4a07bf3f4d6f01,4193
1160,10000,83b1bf08ed7c825bf8d4444bbcd5d528007b4b4a4a0d945c44444b8af67f5e4c,4110
1161,10000,70253817cd2e6c54b78dc87c97d57ba7229df5f92d17cd3a38d5f512a3c4982d,4164
1162,10000,ab75fe4b47eeda95b0981042a7174f076dba9b6fc4cb9c14b06b77854127e228,4111
1163,10000,85e3e7725aa4d74fde051ccba455c2a288cef72c7f387ddc0a7b16dcee4a99c9,4213
1164,10000,02daa8f44b5f093ae05790c658c2857dc935299911a1ad26a93ea2590a64d4d1,4209
1165,10000,a262cd637ad47ffe5f05ff108fc5e3e3cca43e39382882775cc2cbeba80cc938,4108
1166,10000,13a1f87d4e46cca2b628d71c3ee99f834e803e7fa202799a582f275488df9eb9,4185
1167,10000,2dbd6e0c5c0faf62fad09a93933bcd40dd75a366b1f588bddd189170c3b62dfc,4203
1168,10000,0266c5f1078c2b20aa41d0f1e7923d23c0728539b4ed1b60848cff52965dc745,4097
1169,10000,87bc77c5dac704dcd87428490b136f5188a1bd5d73c549b82dda5b3e1c062cb6,3913
1170,10000,a7f974c988dbb89a7828321c1ef6b9636e00246af0d8b1b5b454448a31ed0fa3,4145
1171,10000,382c5472651c9c0cdb5bb7fb717d30cf02e1ad654c309571faa51c5c79bf6590,4146
1172,10000,770f252a941d50d4bde52d7245d678f12b68dd63c788994dfe83f2117c48b603,4217
1173,10000,8ec178f759567b206dab814c3635b9e8fce609a1026118b119f348d4e7e710a0,4162
1174,10000,a6e57f575135a13d606f230794ccd45a7f313054cfc811f7c3cb17b5182dbc2c,4076
1175,10000,d6b7d307e4828a3837048af714edeff5051f7bac2942fd9b67c3b393afa33a7f,4170
1176,10000,72671bd478b4175e7bea632059e46e6975812280cda18b14a3dfbb424c7ba32b,4096
1177,10000,9e28adc0c6e57204ae33d2117440f8b3c139697b1edddfb6b4ab909ea1a7a6a7,4212
1178,10000,937a987aa4b0caa02a4c0ef079990107d8a59816e5fbd91c15036f91f401c9b4,4276
1179,10000,4a955b7759e4a20bf5e6376ba048981dad69b44cb51f26ff8766ba71101ff2a5,4056
1180,10000,27d0304937bdd0fdaff58e81aed8b499ae5339e682bd3e76e15cb85dd9299f95,4107
1181,10000,f066da3d0b60b3f9ac3e6e00b680c0dd6823ccec01dbe4a999ea7c12e2f20de5,4255
1182,10000,00d859e8c4c6631b09fe44ebb6bcb8670a928eb2f47b58c8d631d87edb362742,4145
1183,10000,0b2192786a2924488f267a946b4141147406a3a6e1d3c69b19af4d8654d8fc3d,4057
1184,10000,a36ecad1808a50e17cc7223fa3f7b330415537618c7077931b1cdebfc96d707b,4199
1185,10000,3c9c063824622da98f2fc3428a0f0f083772c742d8c64ae327e4707551eb7f33,4248
1186,10000,e9799d097b29eff17498d8c12ba320676f6b8574257b0d709d31775308c6354c,4131
1187,10000,18ec4891aa2c591d4effed116ca7771070249582d392a4ed806888c0a364e1ea,4167
1188,10000,e196b25fe4f96acfa1a6a1b563ef14be186c17ec82eb364a7346f2dd1ea5da1d,4056
1189,10000,4bd7a10a521a8b933eaa8751a6485741b81ef211a41fece89f1eeeb56a2a6258,4125
1190,10000,49b93859f03a1b02a09fc1a227cf71f38b717db5cbb85ed497191ff4fe3f5bc4,4182
1191,10000,16cb206b59e2a09ce5ba31315a55d233155ba063981ccfe8bb7ead1570cf5ea2,4165
1192,10000,73b8e3ffb7656a99abf7fc5698633275ae535d71384b090e1920e81ddc78c7f5,4177
1193,10000,d83d2ce4f469beb545f36eb0286d80e913b57b930f594b6eee8ec55897841665,4074
1194,10000,455185fe7886848b8817f910c30091fddcce9e6333f481e983f5326fe5fee509,4052
1195,10000,97dbc5924d7c64813f89612620930a1f54971cd2cb06e89bbe381bf2583f959d,4127
1196,10000,83cb1bf08df0f0a722fb2e30bf99f9adeb659d3eecfcf357149b11f8b3eac4ee,4110
1197,10000,b1dda963aef7df9f278986352ade025af46954cd7c6bbdb56cf9439fd13bd8e9,4236
1198,10000,3a6b4db588f100b30f15586a5778e9fa4f548200b8e50e7b33a1329992b90720,4054
1199,10000,4a4db2d8489fa27ceb0c9358c75838e57eb7a88fe3acc77cb3afd574a3c8c35b,4286
1200,10000,72f8991d97a9e2231bee565e6de2cc96a5d77f6a9d4cdecec5c0b932718ac7bb,4135
