window,ending_digit,multiplicity,draw_count,n_draws,rate,number_occurrences,number_share,exact_uniform_number_share
overall,0,0,684,1244,0.5498392282958199,667,0.08936227224008575,0.08888888888888889
overall,0,1,459,1244,0.36897106109324757,667,0.08936227224008575,0.08888888888888889
overall,0,2,95,1244,0.07636655948553055,667,0.08936227224008575,0.08888888888888889
overall,0,3,6,1244,0.00482315112540193,667,0.08936227224008575,0.08888888888888889
overall,0,4,0,1244,0.0,667,0.08936227224008575,0.08888888888888889
overall,0,5,0,1244,0.0,667,0.08936227224008575,0.08888888888888889
overall,0,6,0,1244,0.0,667,0.08936227224008575,0.08888888888888889
overall,1,0,592,1244,0.4758842443729904,828,0.11093247588424437,0.1111111111111111
overall,1,1,495,1244,0.3979099678456592,828,0.11093247588424437,0.1111111111111111
overall,1,2,138,1244,0.11093247588424437,828,0.11093247588424437,0.1111111111111111
overall,1,3,19,1244,0.01527331189710611,828,0.11093247588424437,0.1111111111111111
overall,1,4,0,1244,0.0,828,0.11093247588424437,0.1111111111111111
overall,1,5,0,1244,0.0,828,0.11093247588424437,0.1111111111111111
overall,1,6,0,1244,0.0,828,0.11093247588424437,0.1111111111111111
overall,2,0,627,1244,0.5040192926045016,787,0.10543944265809217,0.1111111111111111
overall,2,1,460,1244,0.36977491961414793,787,0.10543944265809217,0.1111111111111111
overall,2,2,146,1244,0.11736334405144695,787,0.10543944265809217,0.1111111111111111
overall,2,3,9,1244,0.007234726688102894,787,0.10543944265809217,0.1111111111111111
overall,2,4,2,1244,0.001607717041800643,787,0.10543944265809217,0.1111111111111111
overall,2,5,0,1244,0.0,787,0.10543944265809217,0.1111111111111111
overall,2,6,0,1244,0.0,787,0.10543944265809217,0.1111111111111111
overall,3,0,574,1244,0.46141479099678456,847,0.11347802786709539,0.1111111111111111
overall,3,1,515,1244,0.4139871382636656,847,0.11347802786709539,0.1111111111111111
overall,3,2,134,1244,0.10771704180064309,847,0.11347802786709539,0.1111111111111111
overall,3,3,20,1244,0.01607717041800643,847,0.11347802786709539,0.1111111111111111
overall,3,4,1,1244,0.0008038585209003215,847,0.11347802786709539,0.1111111111111111
overall,3,5,0,1244,0.0,847,0.11347802786709539,0.1111111111111111
overall,3,6,0,1244,0.0,847,0.11347802786709539,0.1111111111111111
overall,4,0,561,1244,0.4509646302250804,856,0.11468381564844587,0.1111111111111111
overall,4,1,523,1244,0.4204180064308682,856,0.11468381564844587,0.1111111111111111
overall,4,2,148,1244,0.1189710610932476,856,0.11468381564844587,0.1111111111111111
overall,4,3,11,1244,0.008842443729903537,856,0.11468381564844587,0.1111111111111111
overall,4,4,1,1244,0.0008038585209003215,856,0.11468381564844587,0.1111111111111111
overall,4,5,0,1244,0.0,856,0.11468381564844587,0.1111111111111111
overall,4,6,0,1244,0.0,856,0.11468381564844587,0.1111111111111111
overall,5,0,592,1244,0.4758842443729904,814,0.10905680600214362,0.1111111111111111
overall,5,1,504,1244,0.40514469453376206,814,0.10905680600214362,0.1111111111111111
overall,5,2,135,1244,0.1085209003215434,814,0.10905680600214362,0.1111111111111111
overall,5,3,12,1244,0.00964630225080386,814,0.10905680600214362,0.1111111111111111
overall,5,4,1,1244,0.0008038585209003215,814,0.10905680600214362,0.1111111111111111
overall,5,5,0,1244,0.0,814,0.10905680600214362,0.1111111111111111
overall,5,6,0,1244,0.0,814,0.10905680600214362,0.1111111111111111
overall,6,0,691,1244,0.5554662379421221,667,0.08936227224008575,0.08888888888888889
overall,6,1,445,1244,0.35771704180064307,667,0.08936227224008575,0.08888888888888889
overall,6,2,102,1244,0.0819935691318328,667,0.08936227224008575,0.08888888888888889
overall,6,3,6,1244,0.00482315112540193,667,0.08936227224008575,0.08888888888888889
overall,6,4,0,1244,0.0,667,0.08936227224008575,0.08888888888888889
overall,6,5,0,1244,0.0,667,0.08936227224008575,0.08888888888888889
overall,6,6,0,1244,0.0,667,0.08936227224008575,0.08888888888888889
overall,7,0,665,1244,0.5345659163987139,697,0.09338156484458736,0.08888888888888889
overall,7,1,467,1244,0.3754019292604502,697,0.09338156484458736,0.08888888888888889
overall,7,2,106,1244,0.08520900321543408,697,0.09338156484458736,0.08888888888888889
overall,7,3,6,1244,0.00482315112540193,697,0.09338156484458736,0.08888888888888889
overall,7,4,0,1244,0.0,697,0.09338156484458736,0.08888888888888889
overall,7,5,0,1244,0.0,697,0.09338156484458736,0.08888888888888889
overall,7,6,0,1244,0.0,697,0.09338156484458736,0.08888888888888889
overall,8,0,688,1244,0.5530546623794212,669,0.08963022508038586,0.08888888888888889
overall,8,1,450,1244,0.3617363344051447,669,0.08963022508038586,0.08888888888888889
overall,8,2,99,1244,0.07958199356913183,669,0.08963022508038586,0.08888888888888889
overall,8,3,7,1244,0.005627009646302251,669,0.08963022508038586,0.08888888888888889
overall,8,4,0,1244,0.0,669,0.08963022508038586,0.08888888888888889
overall,8,5,0,1244,0.0,669,0.08963022508038586,0.08888888888888889
overall,8,6,0,1244,0.0,669,0.08963022508038586,0.08888888888888889
overall,9,0,699,1244,0.5618971061093248,632,0.08467309753483387,0.08888888888888889
overall,9,1,462,1244,0.37138263665594856,632,0.08467309753483387,0.08888888888888889
overall,9,2,79,1244,0.0635048231511254,632,0.08467309753483387,0.08888888888888889
overall,9,3,4,1244,0.003215434083601286,632,0.08467309753483387,0.08888888888888889
overall,9,4,0,1244,0.0,632,0.08467309753483387,0.08888888888888889
overall,9,5,0,1244,0.0,632,0.08467309753483387,0.08888888888888889
overall,9,6,0,1244,0.0,632,0.08467309753483387,0.08888888888888889
recent10,0,0,7,10,0.7,5,0.08333333333333333,0.08888888888888889
recent10,0,1,2,10,0.2,5,0.08333333333333333,0.08888888888888889
recent10,0,2,0,10,0.0,5,0.08333333333333333,0.08888888888888889
recent10,0,3,1,10,0.1,5,0.08333333333333333,0.08888888888888889
recent10,0,4,0,10,0.0,5,0.08333333333333333,0.08888888888888889
recent10,0,5,0,10,0.0,5,0.08333333333333333,0.08888888888888889
recent10,0,6,0,10,0.0,5,0.08333333333333333,0.08888888888888889
recent10,1,0,4,10,0.4,8,0.13333333333333333,0.1111111111111111
recent10,1,1,4,10,0.4,8,0.13333333333333333,0.1111111111111111
recent10,1,2,2,10,0.2,8,0.13333333333333333,0.1111111111111111
recent10,1,3,0,10,0.0,8,0.13333333333333333,0.1111111111111111
recent10,1,4,0,10,0.0,8,0.13333333333333333,0.1111111111111111
recent10,1,5,0,10,0.0,8,0.13333333333333333,0.1111111111111111
recent10,1,6,0,10,0.0,8,0.13333333333333333,0.1111111111111111
recent10,2,0,6,10,0.6,7,0.11666666666666667,0.1111111111111111
recent10,2,1,2,10,0.2,7,0.11666666666666667,0.1111111111111111
recent10,2,2,1,10,0.1,7,0.11666666666666667,0.1111111111111111
recent10,2,3,1,10,0.1,7,0.11666666666666667,0.1111111111111111
recent10,2,4,0,10,0.0,7,0.11666666666666667,0.1111111111111111
recent10,2,5,0,10,0.0,7,0.11666666666666667,0.1111111111111111
recent10,2,6,0,10,0.0,7,0.11666666666666667,0.1111111111111111
recent10,3,0,2,10,0.2,11,0.18333333333333332,0.1111111111111111
recent10,3,1,6,10,0.6,11,0.18333333333333332,0.1111111111111111
recent10,3,2,1,10,0.1,11,0.18333333333333332,0.1111111111111111
recent10,3,3,1,10,0.1,11,0.18333333333333332,0.1111111111111111
recent10,3,4,0,10,0.0,11,0.18333333333333332,0.1111111111111111
recent10,3,5,0,10,0.0,11,0.18333333333333332,0.1111111111111111
recent10,3,6,0,10,0.0,11,0.18333333333333332,0.1111111111111111
recent10,4,0,3,10,0.3,8,0.13333333333333333,0.1111111111111111
recent10,4,1,6,10,0.6,8,0.13333333333333333,0.1111111111111111
recent10,4,2,1,10,0.1,8,0.13333333333333333,0.1111111111111111
recent10,4,3,0,10,0.0,8,0.13333333333333333,0.1111111111111111
recent10,4,4,0,10,0.0,8,0.13333333333333333,0.1111111111111111
recent10,4,5,0,10,0.0,8,0.13333333333333333,0.1111111111111111
recent10,4,6,0,10,0.0,8,0.13333333333333333,0.1111111111111111
recent10,5,0,9,10,0.9,1,0.016666666666666666,0.1111111111111111
recent10,5,1,1,10,0.1,1,0.016666666666666666,0.1111111111111111
recent10,5,2,0,10,0.0,1,0.016666666666666666,0.1111111111111111
recent10,5,3,0,10,0.0,1,0.016666666666666666,0.1111111111111111
recent10,5,4,0,10,0.0,1,0.016666666666666666,0.1111111111111111
recent10,5,5,0,10,0.0,1,0.016666666666666666,0.1111111111111111
recent10,5,6,0,10,0.0,1,0.016666666666666666,0.1111111111111111
recent10,6,0,5,10,0.5,5,0.08333333333333333,0.08888888888888889
recent10,6,1,5,10,0.5,5,0.08333333333333333,0.08888888888888889
recent10,6,2,0,10,0.0,5,0.08333333333333333,0.08888888888888889
recent10,6,3,0,10,0.0,5,0.08333333333333333,0.08888888888888889
recent10,6,4,0,10,0.0,5,0.08333333333333333,0.08888888888888889
recent10,6,5,0,10,0.0,5,0.08333333333333333,0.08888888888888889
recent10,6,6,0,10,0.0,5,0.08333333333333333,0.08888888888888889
recent10,7,0,7,10,0.7,3,0.05,0.08888888888888889
recent10,7,1,3,10,0.3,3,0.05,0.08888888888888889
recent10,7,2,0,10,0.0,3,0.05,0.08888888888888889
recent10,7,3,0,10,0.0,3,0.05,0.08888888888888889
recent10,7,4,0,10,0.0,3,0.05,0.08888888888888889
recent10,7,5,0,10,0.0,3,0.05,0.08888888888888889
recent10,7,6,0,10,0.0,3,0.05,0.08888888888888889
recent10,8,0,6,10,0.6,8,0.13333333333333333,0.08888888888888889
recent10,8,1,0,10,0.0,8,0.13333333333333333,0.08888888888888889
recent10,8,2,4,10,0.4,8,0.13333333333333333,0.08888888888888889
recent10,8,3,0,10,0.0,8,0.13333333333333333,0.08888888888888889
recent10,8,4,0,10,0.0,8,0.13333333333333333,0.08888888888888889
recent10,8,5,0,10,0.0,8,0.13333333333333333,0.08888888888888889
recent10,8,6,0,10,0.0,8,0.13333333333333333,0.08888888888888889
recent10,9,0,6,10,0.6,4,0.06666666666666667,0.08888888888888889
recent10,9,1,4,10,0.4,4,0.06666666666666667,0.08888888888888889
recent10,9,2,0,10,0.0,4,0.06666666666666667,0.08888888888888889
recent10,9,3,0,10,0.0,4,0.06666666666666667,0.08888888888888889
recent10,9,4,0,10,0.0,4,0.06666666666666667,0.08888888888888889
recent10,9,5,0,10,0.0,4,0.06666666666666667,0.08888888888888889
recent10,9,6,0,10,0.0,4,0.06666666666666667,0.08888888888888889
recent30,0,0,21,30,0.7,13,0.07222222222222222,0.08888888888888889
recent30,0,1,6,30,0.2,13,0.07222222222222222,0.08888888888888889
recent30,0,2,2,30,0.06666666666666667,13,0.07222222222222222,0.08888888888888889
recent30,0,3,1,30,0.03333333333333333,13,0.07222222222222222,0.08888888888888889
recent30,0,4,0,30,0.0,13,0.07222222222222222,0.08888888888888889
recent30,0,5,0,30,0.0,13,0.07222222222222222,0.08888888888888889
recent30,0,6,0,30,0.0,13,0.07222222222222222,0.08888888888888889
recent30,1,0,13,30,0.43333333333333335,22,0.12222222222222222,0.1111111111111111
recent30,1,1,12,30,0.4,22,0.12222222222222222,0.1111111111111111
recent30,1,2,5,30,0.16666666666666666,22,0.12222222222222222,0.1111111111111111
recent30,1,3,0,30,0.0,22,0.12222222222222222,0.1111111111111111
recent30,1,4,0,30,0.0,22,0.12222222222222222,0.1111111111111111
recent30,1,5,0,30,0.0,22,0.12222222222222222,0.1111111111111111
recent30,1,6,0,30,0.0,22,0.12222222222222222,0.1111111111111111
recent30,2,0,16,30,0.5333333333333333,23,0.12777777777777777,0.1111111111111111
recent30,2,1,6,30,0.2,23,0.12777777777777777,0.1111111111111111
recent30,2,2,7,30,0.23333333333333334,23,0.12777777777777777,0.1111111111111111
recent30,2,3,1,30,0.03333333333333333,23,0.12777777777777777,0.1111111111111111
recent30,2,4,0,30,0.0,23,0.12777777777777777,0.1111111111111111
recent30,2,5,0,30,0.0,23,0.12777777777777777,0.1111111111111111
recent30,2,6,0,30,0.0,23,0.12777777777777777,0.1111111111111111
recent30,3,0,11,30,0.36666666666666664,23,0.12777777777777777,0.1111111111111111
recent30,3,1,16,30,0.5333333333333333,23,0.12777777777777777,0.1111111111111111
recent30,3,2,2,30,0.06666666666666667,23,0.12777777777777777,0.1111111111111111
recent30,3,3,1,30,0.03333333333333333,23,0.12777777777777777,0.1111111111111111
recent30,3,4,0,30,0.0,23,0.12777777777777777,0.1111111111111111
recent30,3,5,0,30,0.0,23,0.12777777777777777,0.1111111111111111
recent30,3,6,0,30,0.0,23,0.12777777777777777,0.1111111111111111
recent30,4,0,12,30,0.4,24,0.13333333333333333,0.1111111111111111
recent30,4,1,13,30,0.43333333333333335,24,0.13333333333333333,0.1111111111111111
recent30,4,2,4,30,0.13333333333333333,24,0.13333333333333333,0.1111111111111111
recent30,4,3,1,30,0.03333333333333333,24,0.13333333333333333,0.1111111111111111
recent30,4,4,0,30,0.0,24,0.13333333333333333,0.1111111111111111
recent30,4,5,0,30,0.0,24,0.13333333333333333,0.1111111111111111
recent30,4,6,0,30,0.0,24,0.13333333333333333,0.1111111111111111
recent30,5,0,17,30,0.5666666666666667,16,0.08888888888888889,0.1111111111111111
recent30,5,1,10,30,0.3333333333333333,16,0.08888888888888889,0.1111111111111111
recent30,5,2,3,30,0.1,16,0.08888888888888889,0.1111111111111111
recent30,5,3,0,30,0.0,16,0.08888888888888889,0.1111111111111111
recent30,5,4,0,30,0.0,16,0.08888888888888889,0.1111111111111111
recent30,5,5,0,30,0.0,16,0.08888888888888889,0.1111111111111111
recent30,5,6,0,30,0.0,16,0.08888888888888889,0.1111111111111111
recent30,6,0,20,30,0.6666666666666666,12,0.06666666666666667,0.08888888888888889
recent30,6,1,8,30,0.26666666666666666,12,0.06666666666666667,0.08888888888888889
recent30,6,2,2,30,0.06666666666666667,12,0.06666666666666667,0.08888888888888889
recent30,6,3,0,30,0.0,12,0.06666666666666667,0.08888888888888889
recent30,6,4,0,30,0.0,12,0.06666666666666667,0.08888888888888889
recent30,6,5,0,30,0.0,12,0.06666666666666667,0.08888888888888889
recent30,6,6,0,30,0.0,12,0.06666666666666667,0.08888888888888889
recent30,7,0,22,30,0.7333333333333333,9,0.05,0.08888888888888889
recent30,7,1,7,30,0.23333333333333334,9,0.05,0.08888888888888889
recent30,7,2,1,30,0.03333333333333333,9,0.05,0.08888888888888889
recent30,7,3,0,30,0.0,9,0.05,0.08888888888888889
recent30,7,4,0,30,0.0,9,0.05,0.08888888888888889
recent30,7,5,0,30,0.0,9,0.05,0.08888888888888889
recent30,7,6,0,30,0.0,9,0.05,0.08888888888888889
recent30,8,0,15,30,0.5,22,0.12222222222222222,0.08888888888888889
recent30,8,1,8,30,0.26666666666666666,22,0.12222222222222222,0.08888888888888889
recent30,8,2,7,30,0.23333333333333334,22,0.12222222222222222,0.08888888888888889
recent30,8,3,0,30,0.0,22,0.12222222222222222,0.08888888888888889
recent30,8,4,0,30,0.0,22,0.12222222222222222,0.08888888888888889
recent30,8,5,0,30,0.0,22,0.12222222222222222,0.08888888888888889
recent30,8,6,0,30,0.0,22,0.12222222222222222,0.08888888888888889
recent30,9,0,15,30,0.5,16,0.08888888888888889,0.08888888888888889
recent30,9,1,14,30,0.4666666666666667,16,0.08888888888888889,0.08888888888888889
recent30,9,2,1,30,0.03333333333333333,16,0.08888888888888889,0.08888888888888889
recent30,9,3,0,30,0.0,16,0.08888888888888889,0.08888888888888889
recent30,9,4,0,30,0.0,16,0.08888888888888889,0.08888888888888889
recent30,9,5,0,30,0.0,16,0.08888888888888889,0.08888888888888889
recent30,9,6,0,30,0.0,16,0.08888888888888889,0.08888888888888889
recent50,0,0,30,50,0.6,25,0.08333333333333333,0.08888888888888889
recent50,0,1,16,50,0.32,25,0.08333333333333333,0.08888888888888889
recent50,0,2,3,50,0.06,25,0.08333333333333333,0.08888888888888889
recent50,0,3,1,50,0.02,25,0.08333333333333333,0.08888888888888889
recent50,0,4,0,50,0.0,25,0.08333333333333333,0.08888888888888889
recent50,0,5,0,50,0.0,25,0.08333333333333333,0.08888888888888889
recent50,0,6,0,50,0.0,25,0.08333333333333333,0.08888888888888889
recent50,1,0,22,50,0.44,36,0.12,0.1111111111111111
recent50,1,1,21,50,0.42,36,0.12,0.1111111111111111
recent50,1,2,6,50,0.12,36,0.12,0.1111111111111111
recent50,1,3,1,50,0.02,36,0.12,0.1111111111111111
recent50,1,4,0,50,0.0,36,0.12,0.1111111111111111
recent50,1,5,0,50,0.0,36,0.12,0.1111111111111111
recent50,1,6,0,50,0.0,36,0.12,0.1111111111111111
recent50,2,0,28,50,0.56,32,0.10666666666666667,0.1111111111111111
recent50,2,1,13,50,0.26,32,0.10666666666666667,0.1111111111111111
recent50,2,2,8,50,0.16,32,0.10666666666666667,0.1111111111111111
recent50,2,3,1,50,0.02,32,0.10666666666666667,0.1111111111111111
recent50,2,4,0,50,0.0,32,0.10666666666666667,0.1111111111111111
recent50,2,5,0,50,0.0,32,0.10666666666666667,0.1111111111111111
recent50,2,6,0,50,0.0,32,0.10666666666666667,0.1111111111111111
recent50,3,0,22,50,0.44,33,0.11,0.1111111111111111
recent50,3,1,24,50,0.48,33,0.11,0.1111111111111111
recent50,3,2,3,50,0.06,33,0.11,0.1111111111111111
recent50,3,3,1,50,0.02,33,0.11,0.1111111111111111
recent50,3,4,0,50,0.0,33,0.11,0.1111111111111111
recent50,3,5,0,50,0.0,33,0.11,0.1111111111111111
recent50,3,6,0,50,0.0,33,0.11,0.1111111111111111
recent50,4,0,24,50,0.48,32,0.10666666666666667,0.1111111111111111
recent50,4,1,21,50,0.42,32,0.10666666666666667,0.1111111111111111
recent50,4,2,4,50,0.08,32,0.10666666666666667,0.1111111111111111
recent50,4,3,1,50,0.02,32,0.10666666666666667,0.1111111111111111
recent50,4,4,0,50,0.0,32,0.10666666666666667,0.1111111111111111
recent50,4,5,0,50,0.0,32,0.10666666666666667,0.1111111111111111
recent50,4,6,0,50,0.0,32,0.10666666666666667,0.1111111111111111
recent50,5,0,24,50,0.48,32,0.10666666666666667,0.1111111111111111
recent50,5,1,20,50,0.4,32,0.10666666666666667,0.1111111111111111
recent50,5,2,6,50,0.12,32,0.10666666666666667,0.1111111111111111
recent50,5,3,0,50,0.0,32,0.10666666666666667,0.1111111111111111
recent50,5,4,0,50,0.0,32,0.10666666666666667,0.1111111111111111
recent50,5,5,0,50,0.0,32,0.10666666666666667,0.1111111111111111
recent50,5,6,0,50,0.0,32,0.10666666666666667,0.1111111111111111
recent50,6,0,27,50,0.54,26,0.08666666666666667,0.08888888888888889
recent50,6,1,20,50,0.4,26,0.08666666666666667,0.08888888888888889
recent50,6,2,3,50,0.06,26,0.08666666666666667,0.08888888888888889
recent50,6,3,0,50,0.0,26,0.08666666666666667,0.08888888888888889
recent50,6,4,0,50,0.0,26,0.08666666666666667,0.08888888888888889
recent50,6,5,0,50,0.0,26,0.08666666666666667,0.08888888888888889
recent50,6,6,0,50,0.0,26,0.08666666666666667,0.08888888888888889
recent50,7,0,30,50,0.6,26,0.08666666666666667,0.08888888888888889
recent50,7,1,15,50,0.3,26,0.08666666666666667,0.08888888888888889
recent50,7,2,4,50,0.08,26,0.08666666666666667,0.08888888888888889
recent50,7,3,1,50,0.02,26,0.08666666666666667,0.08888888888888889
recent50,7,4,0,50,0.0,26,0.08666666666666667,0.08888888888888889
recent50,7,5,0,50,0.0,26,0.08666666666666667,0.08888888888888889
recent50,7,6,0,50,0.0,26,0.08666666666666667,0.08888888888888889
recent50,8,0,24,50,0.48,34,0.11333333333333333,0.08888888888888889
recent50,8,1,18,50,0.36,34,0.11333333333333333,0.08888888888888889
recent50,8,2,8,50,0.16,34,0.11333333333333333,0.08888888888888889
recent50,8,3,0,50,0.0,34,0.11333333333333333,0.08888888888888889
recent50,8,4,0,50,0.0,34,0.11333333333333333,0.08888888888888889
recent50,8,5,0,50,0.0,34,0.11333333333333333,0.08888888888888889
recent50,8,6,0,50,0.0,34,0.11333333333333333,0.08888888888888889
recent50,9,0,28,50,0.56,24,0.08,0.08888888888888889
recent50,9,1,20,50,0.4,24,0.08,0.08888888888888889
recent50,9,2,2,50,0.04,24,0.08,0.08888888888888889
recent50,9,3,0,50,0.0,24,0.08,0.08888888888888889
recent50,9,4,0,50,0.0,24,0.08,0.08888888888888889
recent50,9,5,0,50,0.0,24,0.08,0.08888888888888889
recent50,9,6,0,50,0.0,24,0.08,0.08888888888888889
recent100,0,0,61,100,0.61,47,0.07833333333333334,0.08888888888888889
recent100,0,1,32,100,0.32,47,0.07833333333333334,0.08888888888888889
recent100,0,2,6,100,0.06,47,0.07833333333333334,0.08888888888888889
recent100,0,3,1,100,0.01,47,0.07833333333333334,0.08888888888888889
recent100,0,4,0,100,0.0,47,0.07833333333333334,0.08888888888888889
recent100,0,5,0,100,0.0,47,0.07833333333333334,0.08888888888888889
recent100,0,6,0,100,0.0,47,0.07833333333333334,0.08888888888888889
recent100,1,0,51,100,0.51,64,0.10666666666666667,0.1111111111111111
recent100,1,1,37,100,0.37,64,0.10666666666666667,0.1111111111111111
recent100,1,2,9,100,0.09,64,0.10666666666666667,0.1111111111111111
recent100,1,3,3,100,0.03,64,0.10666666666666667,0.1111111111111111
recent100,1,4,0,100,0.0,64,0.10666666666666667,0.1111111111111111
recent100,1,5,0,100,0.0,64,0.10666666666666667,0.1111111111111111
recent100,1,6,0,100,0.0,64,0.10666666666666667,0.1111111111111111
recent100,2,0,56,100,0.56,61,0.10166666666666667,0.1111111111111111
recent100,2,1,29,100,0.29,61,0.10166666666666667,0.1111111111111111
recent100,2,2,13,100,0.13,61,0.10166666666666667,0.1111111111111111
recent100,2,3,2,100,0.02,61,0.10166666666666667,0.1111111111111111
recent100,2,4,0,100,0.0,61,0.10166666666666667,0.1111111111111111
recent100,2,5,0,100,0.0,61,0.10166666666666667,0.1111111111111111
recent100,2,6,0,100,0.0,61,0.10166666666666667,0.1111111111111111
recent100,3,0,44,100,0.44,69,0.115,0.1111111111111111
recent100,3,1,46,100,0.46,69,0.115,0.1111111111111111
recent100,3,2,7,100,0.07,69,0.115,0.1111111111111111
recent100,3,3,3,100,0.03,69,0.115,0.1111111111111111
recent100,3,4,0,100,0.0,69,0.115,0.1111111111111111
recent100,3,5,0,100,0.0,69,0.115,0.1111111111111111
recent100,3,6,0,100,0.0,69,0.115,0.1111111111111111
recent100,4,0,52,100,0.52,57,0.095,0.1111111111111111
recent100,4,1,40,100,0.4,57,0.095,0.1111111111111111
recent100,4,2,7,100,0.07,57,0.095,0.1111111111111111
recent100,4,3,1,100,0.01,57,0.095,0.1111111111111111
recent100,4,4,0,100,0.0,57,0.095,0.1111111111111111
recent100,4,5,0,100,0.0,57,0.095,0.1111111111111111
recent100,4,6,0,100,0.0,57,0.095,0.1111111111111111
recent100,5,0,46,100,0.46,63,0.105,0.1111111111111111
recent100,5,1,45,100,0.45,63,0.105,0.1111111111111111
recent100,5,2,9,100,0.09,63,0.105,0.1111111111111111
recent100,5,3,0,100,0.0,63,0.105,0.1111111111111111
recent100,5,4,0,100,0.0,63,0.105,0.1111111111111111
recent100,5,5,0,100,0.0,63,0.105,0.1111111111111111
recent100,5,6,0,100,0.0,63,0.105,0.1111111111111111
recent100,6,0,50,100,0.5,56,0.09333333333333334,0.08888888888888889
recent100,6,1,44,100,0.44,56,0.09333333333333334,0.08888888888888889
recent100,6,2,6,100,0.06,56,0.09333333333333334,0.08888888888888889
recent100,6,3,0,100,0.0,56,0.09333333333333334,0.08888888888888889
recent100,6,4,0,100,0.0,56,0.09333333333333334,0.08888888888888889
recent100,6,5,0,100,0.0,56,0.09333333333333334,0.08888888888888889
recent100,6,6,0,100,0.0,56,0.09333333333333334,0.08888888888888889
recent100,7,0,51,100,0.51,62,0.10333333333333333,0.08888888888888889
recent100,7,1,38,100,0.38,62,0.10333333333333333,0.08888888888888889
recent100,7,2,9,100,0.09,62,0.10333333333333333,0.08888888888888889
recent100,7,3,2,100,0.02,62,0.10333333333333333,0.08888888888888889
recent100,7,4,0,100,0.0,62,0.10333333333333333,0.08888888888888889
recent100,7,5,0,100,0.0,62,0.10333333333333333,0.08888888888888889
recent100,7,6,0,100,0.0,62,0.10333333333333333,0.08888888888888889
recent100,8,0,51,100,0.51,63,0.105,0.08888888888888889
recent100,8,1,35,100,0.35,63,0.105,0.08888888888888889
recent100,8,2,14,100,0.14,63,0.105,0.08888888888888889
recent100,8,3,0,100,0.0,63,0.105,0.08888888888888889
recent100,8,4,0,100,0.0,63,0.105,0.08888888888888889
recent100,8,5,0,100,0.0,63,0.105,0.08888888888888889
recent100,8,6,0,100,0.0,63,0.105,0.08888888888888889
recent100,9,0,51,100,0.51,58,0.09666666666666666,0.08888888888888889
recent100,9,1,41,100,0.41,58,0.09666666666666666,0.08888888888888889
recent100,9,2,7,100,0.07,58,0.09666666666666666,0.08888888888888889
recent100,9,3,1,100,0.01,58,0.09666666666666666,0.08888888888888889
recent100,9,4,0,100,0.0,58,0.09666666666666666,0.08888888888888889
recent100,9,5,0,100,0.0,58,0.09666666666666666,0.08888888888888889
recent100,9,6,0,100,0.0,58,0.09666666666666666,0.08888888888888889
