number,recent_window,long_frequency_rank,recent_frequency_rank,current_gap_rank,long_recent_pattern,long_frequency_rate,recent_frequency_rate,delta_completed_gap_vs_disjoint_prior,gap_direction,hypothesis_status
1,10,14,17,40,LONG_ABOVE_RECENT_BELOW,0.13745980707395497,0.1,2.7633136094674553,UP,DESCRIPTIVE / UNVALIDATED
1,30,14,17,40,SAME_SIDE_OR_TIE,0.13745980707395497,0.13333333333333333,1.2771084337349397,UP,DESCRIPTIVE / UNVALIDATED
1,50,14,6,40,SAME_SIDE_OR_TIE,0.13745980707395497,0.18,-1.4403036576949617,DOWN,DESCRIPTIVE / UNVALIDATED
1,100,14,18,40,LONG_ABOVE_RECENT_BELOW,0.13745980707395497,0.13,1.225379715825576,UP,DESCRIPTIVE / UNVALIDATED
2,10,36,7,30,LONG_BELOW_RECENT_ABOVE,0.12620578778135047,0.2,-3.4610389610389607,DOWN,DESCRIPTIVE / UNVALIDATED
2,30,36,8,30,LONG_BELOW_RECENT_ABOVE,0.12620578778135047,0.16666666666666666,-1.3602649006622523,DOWN,DESCRIPTIVE / UNVALIDATED
2,50,36,12,30,LONG_BELOW_RECENT_ABOVE,0.12620578778135047,0.14,0.08724832214765144,UP,DESCRIPTIVE / UNVALIDATED
2,100,36,29,30,SAME_SIDE_OR_TIE,0.12620578778135047,0.12,0.4513888888888893,UP,DESCRIPTIVE / UNVALIDATED
3,10,11,35,6,LONG_ABOVE_RECENT_BELOW,0.1382636655948553,0.0,,NA,DESCRIPTIVE / UNVALIDATED
3,30,11,26,6,LONG_ABOVE_RECENT_BELOW,0.1382636655948553,0.1,0.9107142857142856,UP,DESCRIPTIVE / UNVALIDATED
3,50,11,20,6,LONG_ABOVE_RECENT_BELOW,0.1382636655948553,0.12,-1.1454545454545455,DOWN,DESCRIPTIVE / UNVALIDATED
3,100,11,7,6,SAME_SIDE_OR_TIE,0.1382636655948553,0.16,-1.9088709677419358,DOWN,DESCRIPTIVE / UNVALIDATED
4,10,30,18,31,SAME_SIDE_OR_TIE,0.1310289389067524,0.1,3.4099378881987574,UP,DESCRIPTIVE / UNVALIDATED
4,30,30,18,31,SAME_SIDE_OR_TIE,0.1310289389067524,0.13333333333333333,1.6803797468354427,UP,DESCRIPTIVE / UNVALIDATED
4,50,30,21,31,SAME_SIDE_OR_TIE,0.1310289389067524,0.12,0.9230769230769234,UP,DESCRIPTIVE / UNVALIDATED
4,100,30,34,31,SAME_SIDE_OR_TIE,0.1310289389067524,0.11,1.3925346177001794,UP,DESCRIPTIVE / UNVALIDATED
5,10,39,36,1,SAME_SIDE_OR_TIE,0.1229903536977492,0.0,,NA,DESCRIPTIVE / UNVALIDATED
5,30,39,45,1,SAME_SIDE_OR_TIE,0.1229903536977492,0.0,,NA,DESCRIPTIVE / UNVALIDATED
5,50,39,43,1,SAME_SIDE_OR_TIE,0.1229903536977492,0.08,-1.371621621621622,DOWN,DESCRIPTIVE / UNVALIDATED
5,100,39,44,1,SAME_SIDE_OR_TIE,0.1229903536977492,0.09,0.4110334110334106,UP,DESCRIPTIVE / UNVALIDATED
6,10,26,19,12,LONG_ABOVE_RECENT_BELOW,0.13344051446945338,0.1,1.6097560975609753,UP,DESCRIPTIVE / UNVALIDATED
6,30,26,27,12,LONG_ABOVE_RECENT_BELOW,0.13344051446945338,0.1,1.6296296296296298,UP,DESCRIPTIVE / UNVALIDATED
6,50,26,36,12,LONG_ABOVE_RECENT_BELOW,0.13344051446945338,0.1,1.03125,UP,DESCRIPTIVE / UNVALIDATED
6,100,26,15,12,SAME_SIDE_OR_TIE,0.13344051446945338,0.14,-0.28098391674550616,DOWN,DESCRIPTIVE / UNVALIDATED
7,10,15,8,28,SAME_SIDE_OR_TIE,0.13745980707395497,0.2,-3.2738095238095237,DOWN,DESCRIPTIVE / UNVALIDATED
7,30,15,28,28,LONG_ABOVE_RECENT_BELOW,0.13745980707395497,0.1,3.15369261477046,UP,DESCRIPTIVE / UNVALIDATED
7,50,15,22,28,LONG_ABOVE_RECENT_BELOW,0.13745980707395497,0.12,1.3109756097560972,UP,DESCRIPTIVE / UNVALIDATED
7,100,15,11,28,SAME_SIDE_OR_TIE,0.13745980707395497,0.15,-0.6236559139784941,DOWN,DESCRIPTIVE / UNVALIDATED
8,10,33,37,7,SAME_SIDE_OR_TIE,0.1270096463022508,0.0,,NA,DESCRIPTIVE / UNVALIDATED
8,30,33,29,7,SAME_SIDE_OR_TIE,0.1270096463022508,0.1,-1.8181818181818183,DOWN,DESCRIPTIVE / UNVALIDATED
8,50,33,23,7,SAME_SIDE_OR_TIE,0.1270096463022508,0.12,-0.46799116997792556,DOWN,DESCRIPTIVE / UNVALIDATED
8,100,33,16,7,LONG_BELOW_RECENT_ABOVE,0.1270096463022508,0.14,-1.6443556443556444,DOWN,DESCRIPTIVE / UNVALIDATED
9,10,45,20,36,SAME_SIDE_OR_TIE,0.11012861736334405,0.1,3.9037037037037035,UP,DESCRIPTIVE / UNVALIDATED
9,30,45,19,36,SAME_SIDE_OR_TIE,0.11012861736334405,0.13333333333333333,-0.9015151515151523,DOWN,DESCRIPTIVE / UNVALIDATED
9,50,45,24,36,SAME_SIDE_OR_TIE,0.11012861736334405,0.12,-0.828205128205127,DOWN,DESCRIPTIVE / UNVALIDATED
9,100,45,8,36,LONG_BELOW_RECENT_ABOVE,0.11012861736334405,0.16,-2.833333333333334,DOWN,DESCRIPTIVE / UNVALIDATED
10,10,31,9,32,LONG_BELOW_RECENT_ABOVE,0.1310289389067524,0.2,4.9,UP,DESCRIPTIVE / UNVALIDATED
10,30,31,20,32,SAME_SIDE_OR_TIE,0.1310289389067524,0.13333333333333333,-0.6772151898734178,DOWN,DESCRIPTIVE / UNVALIDATED
10,50,31,25,32,SAME_SIDE_OR_TIE,0.1310289389067524,0.12,0.6987179487179489,UP,DESCRIPTIVE / UNVALIDATED
10,100,31,40,32,SAME_SIDE_OR_TIE,0.1310289389067524,0.1,2.386842105263158,UP,DESCRIPTIVE / UNVALIDATED
11,10,21,4,25,SAME_SIDE_OR_TIE,0.13504823151125403,0.3,-1.4329268292682924,DOWN,DESCRIPTIVE / UNVALIDATED
11,30,21,21,25,SAME_SIDE_OR_TIE,0.13504823151125403,0.13333333333333333,-0.6733128834355826,DOWN,DESCRIPTIVE / UNVALIDATED
11,50,21,37,25,LONG_ABOVE_RECENT_BELOW,0.13504823151125403,0.1,2.4666666666666677,UP,DESCRIPTIVE / UNVALIDATED
11,100,21,19,25,LONG_ABOVE_RECENT_BELOW,0.13504823151125403,0.13,0.22577422577422546,UP,DESCRIPTIVE / UNVALIDATED
12,10,4,21,15,LONG_ABOVE_RECENT_BELOW,0.14469453376205788,0.1,-2.842696629213483,DOWN,DESCRIPTIVE / UNVALIDATED
12,30,4,30,15,LONG_ABOVE_RECENT_BELOW,0.14469453376205788,0.1,4.583333333333334,UP,DESCRIPTIVE / UNVALIDATED
12,50,4,38,15,LONG_ABOVE_RECENT_BELOW,0.14469453376205788,0.1,2.235632183908046,UP,DESCRIPTIVE / UNVALIDATED
12,100,4,30,15,LONG_ABOVE_RECENT_BELOW,0.14469453376205788,0.12,0.9001996007984037,UP,DESCRIPTIVE / UNVALIDATED
13,10,2,1,41,SAME_SIDE_OR_TIE,0.14790996784565916,0.5,-4.304494382022472,DOWN,DESCRIPTIVE / UNVALIDATED
13,30,2,1,41,SAME_SIDE_OR_TIE,0.14790996784565916,0.3333333333333333,-1.890173410404624,DOWN,DESCRIPTIVE / UNVALIDATED
13,50,2,3,41,SAME_SIDE_OR_TIE,0.14790996784565916,0.2,-1.890173410404624,DOWN,DESCRIPTIVE / UNVALIDATED
13,100,2,2,41,SAME_SIDE_OR_TIE,0.14790996784565916,0.19,-1.1716944801026958,DOWN,DESCRIPTIVE / UNVALIDATED
14,10,12,38,9,LONG_ABOVE_RECENT_BELOW,0.1382636655948553,0.0,,NA,DESCRIPTIVE / UNVALIDATED
14,30,12,31,9,LONG_ABOVE_RECENT_BELOW,0.1382636655948553,0.1,8.642857142857142,UP,DESCRIPTIVE / UNVALIDATED
14,50,12,45,9,LONG_ABOVE_RECENT_BELOW,0.1382636655948553,0.06,8.642857142857142,UP,DESCRIPTIVE / UNVALIDATED
14,100,12,45,9,LONG_ABOVE_RECENT_BELOW,0.1382636655948553,0.07,6.371080139372823,UP,DESCRIPTIVE / UNVALIDATED
15,10,19,22,13,LONG_ABOVE_RECENT_BELOW,0.13665594855305466,0.1,-6.309523809523809,DOWN,DESCRIPTIVE / UNVALIDATED
15,30,19,3,13,SAME_SIDE_OR_TIE,0.13665594855305466,0.23333333333333334,-4.45679012345679,DOWN,DESCRIPTIVE / UNVALIDATED
15,50,19,4,13,SAME_SIDE_OR_TIE,0.13665594855305466,0.2,-3.3716981132075476,DOWN,DESCRIPTIVE / UNVALIDATED
15,100,19,4,13,SAME_SIDE_OR_TIE,0.13665594855305466,0.17,-2.1339009287925697,DOWN,DESCRIPTIVE / UNVALIDATED
16,10,20,10,33,SAME_SIDE_OR_TIE,0.13665594855305466,0.2,0.1706586826347305,UP,DESCRIPTIVE / UNVALIDATED
16,30,20,22,33,SAME_SIDE_OR_TIE,0.13665594855305466,0.13333333333333333,1.9651515151515149,UP,DESCRIPTIVE / UNVALIDATED
16,50,20,8,33,SAME_SIDE_OR_TIE,0.13665594855305466,0.16,-1.266304347826087,DOWN,DESCRIPTIVE / UNVALIDATED
16,100,20,5,33,SAME_SIDE_OR_TIE,0.13665594855305466,0.17,-1.6764705882352944,DOWN,DESCRIPTIVE / UNVALIDATED
17,10,16,39,4,LONG_ABOVE_RECENT_BELOW,0.13745980707395497,0.0,,NA,DESCRIPTIVE / UNVALIDATED
17,30,16,38,4,LONG_ABOVE_RECENT_BELOW,0.13745980707395497,0.06666666666666667,0.8511904761904763,UP,DESCRIPTIVE / UNVALIDATED
17,50,16,39,4,LONG_ABOVE_RECENT_BELOW,0.13745980707395497,0.1,1.0727272727272723,UP,DESCRIPTIVE / UNVALIDATED
17,100,16,35,4,LONG_ABOVE_RECENT_BELOW,0.13745980707395497,0.11,0.4133790737564329,UP,DESCRIPTIVE / UNVALIDATED
18,10,5,2,42,SAME_SIDE_OR_TIE,0.14469453376205788,0.4,-3.67,DOWN,DESCRIPTIVE / UNVALIDATED
18,30,5,2,42,SAME_SIDE_OR_TIE,0.14469453376205788,0.26666666666666666,-1.7931286549707606,DOWN,DESCRIPTIVE / UNVALIDATED
18,50,5,7,42,SAME_SIDE_OR_TIE,0.14469453376205788,0.18,0.2875816993464051,UP,DESCRIPTIVE / UNVALIDATED
18,100,5,12,42,SAME_SIDE_OR_TIE,0.14469453376205788,0.15,3.5967479674796747,UP,DESCRIPTIVE / UNVALIDATED
19,10,17,23,26,LONG_ABOVE_RECENT_BELOW,0.13745980707395497,0.1,-1.284023668639053,DOWN,DESCRIPTIVE / UNVALIDATED
19,30,17,9,26,SAME_SIDE_OR_TIE,0.13745980707395497,0.16666666666666666,-2.1393939393939396,DOWN,DESCRIPTIVE / UNVALIDATED
19,50,17,26,26,LONG_ABOVE_RECENT_BELOW,0.13745980707395497,0.12,0.5772357723577235,UP,DESCRIPTIVE / UNVALIDATED
19,100,17,17,26,SAME_SIDE_OR_TIE,0.13745980707395497,0.14,0.010073260073260037,UP,DESCRIPTIVE / UNVALIDATED
20,10,13,11,27,SAME_SIDE_OR_TIE,0.1382636655948553,0.2,-3.677514792899408,DOWN,DESCRIPTIVE / UNVALIDATED
20,30,13,10,27,SAME_SIDE_OR_TIE,0.1382636655948553,0.16666666666666666,-0.9626506024096386,DOWN,DESCRIPTIVE / UNVALIDATED
20,50,13,13,27,SAME_SIDE_OR_TIE,0.1382636655948553,0.14,-0.14024390243902474,DOWN,DESCRIPTIVE / UNVALIDATED
20,100,13,20,27,LONG_ABOVE_RECENT_BELOW,0.1382636655948553,0.13,0.7702044790652378,UP,DESCRIPTIVE / UNVALIDATED
21,10,24,24,16,LONG_ABOVE_RECENT_BELOW,0.1342443729903537,0.1,4.593939393939394,UP,DESCRIPTIVE / UNVALIDATED
21,30,24,32,16,LONG_ABOVE_RECENT_BELOW,0.1342443729903537,0.1,3.9713701431492847,UP,DESCRIPTIVE / UNVALIDATED
21,50,24,44,16,LONG_ABOVE_RECENT_BELOW,0.1342443729903537,0.08,6.216049382716049,UP,DESCRIPTIVE / UNVALIDATED
21,100,24,41,16,LONG_ABOVE_RECENT_BELOW,0.1342443729903537,0.1,2.198717948717949,UP,DESCRIPTIVE / UNVALIDATED
22,10,43,25,21,SAME_SIDE_OR_TIE,0.11736334405144695,0.1,-1.4652777777777786,DOWN,DESCRIPTIVE / UNVALIDATED
22,30,43,11,21,LONG_BELOW_RECENT_ABOVE,0.11736334405144695,0.16666666666666666,-2.128571428571428,DOWN,DESCRIPTIVE / UNVALIDATED
22,50,43,27,21,SAME_SIDE_OR_TIE,0.11736334405144695,0.12,0.04676258992805771,UP,DESCRIPTIVE / UNVALIDATED
22,100,43,36,21,SAME_SIDE_OR_TIE,0.11736334405144695,0.11,0.58955223880597,UP,DESCRIPTIVE / UNVALIDATED
23,10,42,12,29,LONG_BELOW_RECENT_ABOVE,0.1197749196141479,0.2,4.178082191780822,UP,DESCRIPTIVE / UNVALIDATED
23,30,42,33,29,SAME_SIDE_OR_TIE,0.1197749196141479,0.1,1.6551724137931032,UP,DESCRIPTIVE / UNVALIDATED
23,50,42,40,29,SAME_SIDE_OR_TIE,0.1197749196141479,0.1,1.4713286713286724,UP,DESCRIPTIVE / UNVALIDATED
23,100,42,21,29,SAME_SIDE_OR_TIE,0.1197749196141479,0.13,1.44045584045584,UP,DESCRIPTIVE / UNVALIDATED
24,10,22,13,37,SAME_SIDE_OR_TIE,0.13504823151125403,0.2,-1.9363636363636365,DOWN,DESCRIPTIVE / UNVALIDATED
24,30,22,12,37,SAME_SIDE_OR_TIE,0.13504823151125403,0.16666666666666666,-0.219753086419753,DOWN,DESCRIPTIVE / UNVALIDATED
24,50,22,9,37,SAME_SIDE_OR_TIE,0.13504823151125403,0.16,-1.3529874213836477,DOWN,DESCRIPTIVE / UNVALIDATED
24,100,22,9,37,SAME_SIDE_OR_TIE,0.13504823151125403,0.16,-0.6643211920529799,DOWN,DESCRIPTIVE / UNVALIDATED
25,10,40,40,10,SAME_SIDE_OR_TIE,0.1229903536977492,0.0,,NA,DESCRIPTIVE / UNVALIDATED
25,30,40,34,10,SAME_SIDE_OR_TIE,0.1229903536977492,0.1,-1.4608501118568222,DOWN,DESCRIPTIVE / UNVALIDATED
25,50,40,28,10,SAME_SIDE_OR_TIE,0.1229903536977492,0.12,0.07077625570776114,UP,DESCRIPTIVE / UNVALIDATED
25,100,40,22,10,SAME_SIDE_OR_TIE,0.1229903536977492,0.13,-0.19203099059214068,DOWN,DESCRIPTIVE / UNVALIDATED
26,10,27,26,43,LONG_ABOVE_RECENT_BELOW,0.13344051446945338,0.1,10.560975609756097,UP,DESCRIPTIVE / UNVALIDATED
26,30,27,39,43,LONG_ABOVE_RECENT_BELOW,0.13344051446945338,0.06666666666666667,9.107361963190183,UP,DESCRIPTIVE / UNVALIDATED
26,50,27,29,43,LONG_ABOVE_RECENT_BELOW,0.13344051446945338,0.12,1.5534591194968552,UP,DESCRIPTIVE / UNVALIDATED
26,100,27,31,43,LONG_ABOVE_RECENT_BELOW,0.13344051446945338,0.12,0.8954248366013076,UP,DESCRIPTIVE / UNVALIDATED
27,10,3,41,2,LONG_ABOVE_RECENT_BELOW,0.1454983922829582,0.0,,NA,DESCRIPTIVE / UNVALIDATED
27,30,3,44,2,LONG_ABOVE_RECENT_BELOW,0.1454983922829582,0.03333333333333333,3.23463687150838,UP,DESCRIPTIVE / UNVALIDATED
27,50,3,5,2,SAME_SIDE_OR_TIE,0.1454983922829582,0.2,-3.3705882352941177,DOWN,DESCRIPTIVE / UNVALIDATED
27,100,3,1,2,SAME_SIDE_OR_TIE,0.1454983922829582,0.2,-3.075,DOWN,DESCRIPTIVE / UNVALIDATED
28,10,37,42,8,SAME_SIDE_OR_TIE,0.12620578778135047,0.0,,NA,DESCRIPTIVE / UNVALIDATED
28,30,37,5,8,LONG_BELOW_RECENT_ABOVE,0.12620578778135047,0.2,-3.5133333333333336,DOWN,DESCRIPTIVE / UNVALIDATED
28,50,37,10,8,LONG_BELOW_RECENT_ABOVE,0.12620578778135047,0.16,-3.253378378378378,DOWN,DESCRIPTIVE / UNVALIDATED
28,100,37,13,8,LONG_BELOW_RECENT_ABOVE,0.12620578778135047,0.15,-2.114893617021277,DOWN,DESCRIPTIVE / UNVALIDATED
29,10,38,27,17,SAME_SIDE_OR_TIE,0.12540192926045016,0.1,-0.9740259740259738,DOWN,DESCRIPTIVE / UNVALIDATED
29,30,38,23,17,SAME_SIDE_OR_TIE,0.12540192926045016,0.13333333333333333,0.2897350993377481,UP,DESCRIPTIVE / UNVALIDATED
29,50,38,30,17,SAME_SIDE_OR_TIE,0.12540192926045016,0.12,-0.13982102908277394,DOWN,DESCRIPTIVE / UNVALIDATED
29,100,38,23,17,SAME_SIDE_OR_TIE,0.12540192926045016,0.13,-0.636511375947995,DOWN,DESCRIPTIVE / UNVALIDATED
30,10,34,43,5,SAME_SIDE_OR_TIE,0.1270096463022508,0.0,,NA,DESCRIPTIVE / UNVALIDATED
30,30,34,40,5,SAME_SIDE_OR_TIE,0.1270096463022508,0.06666666666666667,-0.806451612903226,DOWN,DESCRIPTIVE / UNVALIDATED
30,50,34,14,5,LONG_BELOW_RECENT_ABOVE,0.1270096463022508,0.14,-0.38476190476190464,DOWN,DESCRIPTIVE / UNVALIDATED
30,100,34,32,5,SAME_SIDE_OR_TIE,0.1270096463022508,0.12,-0.6816091954022987,DOWN,DESCRIPTIVE / UNVALIDATED
31,10,18,14,34,SAME_SIDE_OR_TIE,0.13745980707395497,0.2,-3.3273809523809526,DOWN,DESCRIPTIVE / UNVALIDATED
31,30,18,4,34,SAME_SIDE_OR_TIE,0.13745980707395497,0.23333333333333334,-3.131463628396144,DOWN,DESCRIPTIVE / UNVALIDATED
31,50,18,1,34,SAME_SIDE_OR_TIE,0.13745980707395497,0.22,-2.15494568324757,DOWN,DESCRIPTIVE / UNVALIDATED
31,100,18,6,34,SAME_SIDE_OR_TIE,0.13745980707395497,0.17,-1.431372549019608,DOWN,DESCRIPTIVE / UNVALIDATED
32,10,44,15,22,LONG_BELOW_RECENT_ABOVE,0.11736334405144695,0.2,-0.5384615384615383,DOWN,DESCRIPTIVE / UNVALIDATED
32,30,44,13,22,LONG_BELOW_RECENT_ABOVE,0.11736334405144695,0.16666666666666666,-0.7571428571428571,DOWN,DESCRIPTIVE / UNVALIDATED
32,50,44,15,22,LONG_BELOW_RECENT_ABOVE,0.11736334405144695,0.14,-0.858178053830227,DOWN,DESCRIPTIVE / UNVALIDATED
32,100,44,24,22,SAME_SIDE_OR_TIE,0.11736334405144695,0.13,0.59965034965035,UP,DESCRIPTIVE / UNVALIDATED
33,10,6,28,23,LONG_ABOVE_RECENT_BELOW,0.14067524115755628,0.1,8.936416184971097,UP,DESCRIPTIVE / UNVALIDATED
33,30,6,41,23,LONG_ABOVE_RECENT_BELOW,0.14067524115755628,0.06666666666666667,5.4476744186046515,UP,DESCRIPTIVE / UNVALIDATED
33,50,6,31,23,LONG_ABOVE_RECENT_BELOW,0.14067524115755628,0.12,0.3988095238095237,UP,DESCRIPTIVE / UNVALIDATED
33,100,6,37,23,LONG_ABOVE_RECENT_BELOW,0.14067524115755628,0.11,2.3034021193530405,UP,DESCRIPTIVE / UNVALIDATED
34,10,1,5,44,SAME_SIDE_OR_TIE,0.15032154340836013,0.3,-1.6721311475409832,DOWN,DESCRIPTIVE / UNVALIDATED
34,30,1,6,44,SAME_SIDE_OR_TIE,0.15032154340836013,0.2,1.572222222222222,UP,DESCRIPTIVE / UNVALIDATED
34,50,1,16,44,SAME_SIDE_OR_TIE,0.15032154340836013,0.14,4.079808459696728,UP,DESCRIPTIVE / UNVALIDATED
34,100,1,42,44,LONG_ABOVE_RECENT_BELOW,0.15032154340836013,0.1,3.545454545454546,UP,DESCRIPTIVE / UNVALIDATED
35,10,32,44,11,SAME_SIDE_OR_TIE,0.1310289389067524,0.0,,NA,DESCRIPTIVE / UNVALIDATED
35,30,32,42,11,SAME_SIDE_OR_TIE,0.1310289389067524,0.06666666666666667,4.04375,UP,DESCRIPTIVE / UNVALIDATED
35,50,32,32,11,SAME_SIDE_OR_TIE,0.1310289389067524,0.12,-0.0064102564102563875,DOWN,DESCRIPTIVE / UNVALIDATED
35,100,32,25,11,SAME_SIDE_OR_TIE,0.1310289389067524,0.13,-0.3830665978316983,DOWN,DESCRIPTIVE / UNVALIDATED
36,10,29,29,24,SAME_SIDE_OR_TIE,0.13263665594855306,0.1,-0.5030674846625764,DOWN,DESCRIPTIVE / UNVALIDATED
36,30,29,35,24,SAME_SIDE_OR_TIE,0.13263665594855306,0.1,1.1884057971014483,UP,DESCRIPTIVE / UNVALIDATED
36,50,29,17,24,LONG_BELOW_RECENT_ABOVE,0.13263665594855306,0.14,-0.8207461328480434,DOWN,DESCRIPTIVE / UNVALIDATED
36,100,29,26,24,SAME_SIDE_OR_TIE,0.13263665594855306,0.13,-0.12531839021905178,DOWN,DESCRIPTIVE / UNVALIDATED
37,10,8,30,18,LONG_ABOVE_RECENT_BELOW,0.13987138263665594,0.1,-3.162790697674419,DOWN,DESCRIPTIVE / UNVALIDATED
37,30,8,36,18,LONG_ABOVE_RECENT_BELOW,0.13987138263665594,0.1,2.227450980392158,UP,DESCRIPTIVE / UNVALIDATED
37,50,8,41,18,LONG_ABOVE_RECENT_BELOW,0.13987138263665594,0.1,1.4988095238095234,UP,DESCRIPTIVE / UNVALIDATED
37,100,8,10,18,SAME_SIDE_OR_TIE,0.13987138263665594,0.16,-1.3300159235668794,DOWN,DESCRIPTIVE / UNVALIDATED
38,10,9,3,45,SAME_SIDE_OR_TIE,0.13987138263665594,0.4,-3.9571005917159763,DOWN,DESCRIPTIVE / UNVALIDATED
38,30,9,14,45,SAME_SIDE_OR_TIE,0.13987138263665594,0.16666666666666666,-0.9428571428571431,DOWN,DESCRIPTIVE / UNVALIDATED
38,50,9,2,45,SAME_SIDE_OR_TIE,0.13987138263665594,0.22,-2.2592592592592595,DOWN,DESCRIPTIVE / UNVALIDATED
38,100,9,3,45,SAME_SIDE_OR_TIE,0.13987138263665594,0.19,-1.8444976076555024,DOWN,DESCRIPTIVE / UNVALIDATED
39,10,23,31,14,LONG_ABOVE_RECENT_BELOW,0.13504823151125403,0.1,4.680722891566265,UP,DESCRIPTIVE / UNVALIDATED
39,30,23,37,14,LONG_ABOVE_RECENT_BELOW,0.13504823151125403,0.1,1.343495934959349,UP,DESCRIPTIVE / UNVALIDATED
39,50,23,33,14,LONG_ABOVE_RECENT_BELOW,0.13504823151125403,0.12,-0.18737060041407805,DOWN,DESCRIPTIVE / UNVALIDATED
39,100,23,14,14,SAME_SIDE_OR_TIE,0.13504823151125403,0.15,1.2298245614035093,UP,DESCRIPTIVE / UNVALIDATED
40,10,10,32,19,LONG_ABOVE_RECENT_BELOW,0.13987138263665594,0.1,-3.162790697674419,DOWN,DESCRIPTIVE / UNVALIDATED
40,30,10,43,19,LONG_ABOVE_RECENT_BELOW,0.13987138263665594,0.06666666666666667,5.923976608187134,UP,DESCRIPTIVE / UNVALIDATED
40,50,10,42,19,LONG_ABOVE_RECENT_BELOW,0.13987138263665594,0.1,1.9107142857142856,UP,DESCRIPTIVE / UNVALIDATED
40,100,10,33,19,LONG_ABOVE_RECENT_BELOW,0.13987138263665594,0.12,1.0983436853002067,UP,DESCRIPTIVE / UNVALIDATED
41,10,41,33,35,SAME_SIDE_OR_TIE,0.12138263665594855,0.1,6.798657718120806,UP,DESCRIPTIVE / UNVALIDATED
41,30,41,24,35,SAME_SIDE_OR_TIE,0.12138263665594855,0.13333333333333333,-0.7671232876712324,DOWN,DESCRIPTIVE / UNVALIDATED
41,50,41,18,35,LONG_BELOW_RECENT_ABOVE,0.12138263665594855,0.14,-1.0079920079920077,DOWN,DESCRIPTIVE / UNVALIDATED
41,100,41,38,35,SAME_SIDE_OR_TIE,0.12138263665594855,0.11,0.9110529758011783,UP,DESCRIPTIVE / UNVALIDATED
42,10,35,34,20,SAME_SIDE_OR_TIE,0.1270096463022508,0.1,0.12820512820512864,UP,DESCRIPTIVE / UNVALIDATED
42,30,35,15,20,LONG_BELOW_RECENT_ABOVE,0.1270096463022508,0.16666666666666666,-1.9342105263157894,DOWN,DESCRIPTIVE / UNVALIDATED
42,50,35,19,20,LONG_BELOW_RECENT_ABOVE,0.1270096463022508,0.14,1.1799999999999997,UP,DESCRIPTIVE / UNVALIDATED
42,100,35,27,20,SAME_SIDE_OR_TIE,0.1270096463022508,0.13,-0.028846153846154188,DOWN,DESCRIPTIVE / UNVALIDATED
43,10,25,6,38,SAME_SIDE_OR_TIE,0.1342443729903537,0.3,-4.45398773006135,DOWN,DESCRIPTIVE / UNVALIDATED
43,30,25,16,38,SAME_SIDE_OR_TIE,0.1342443729903537,0.16666666666666666,1.8832298136645953,UP,DESCRIPTIVE / UNVALIDATED
43,50,25,34,38,LONG_ABOVE_RECENT_BELOW,0.1342443729903537,0.12,3.5895833333333336,UP,DESCRIPTIVE / UNVALIDATED
43,100,25,43,38,LONG_ABOVE_RECENT_BELOW,0.1342443729903537,0.1,6.199999999999999,UP,DESCRIPTIVE / UNVALIDATED
44,10,28,16,39,SAME_SIDE_OR_TIE,0.13344051446945338,0.2,0.027607361963189803,UP,DESCRIPTIVE / UNVALIDATED
44,30,28,7,39,SAME_SIDE_OR_TIE,0.13344051446945338,0.2,-2.3930817610062887,DOWN,DESCRIPTIVE / UNVALIDATED
44,50,28,11,39,SAME_SIDE_OR_TIE,0.13344051446945338,0.16,0.5541401273885347,UP,DESCRIPTIVE / UNVALIDATED
44,100,28,28,39,LONG_ABOVE_RECENT_BELOW,0.13344051446945338,0.13,0.8228744939271246,UP,DESCRIPTIVE / UNVALIDATED
45,10,7,45,3,LONG_ABOVE_RECENT_BELOW,0.14067524115755628,0.0,,NA,DESCRIPTIVE / UNVALIDATED
45,30,7,25,3,SAME_SIDE_OR_TIE,0.14067524115755628,0.13333333333333333,-2.7794117647058822,DOWN,DESCRIPTIVE / UNVALIDATED
45,50,7,35,3,LONG_ABOVE_RECENT_BELOW,0.14067524115755628,0.12,-1.345238095238095,DOWN,DESCRIPTIVE / UNVALIDATED
45,100,7,39,3,LONG_ABOVE_RECENT_BELOW,0.14067524115755628,0.11,1.0072504182933635,UP,DESCRIPTIVE / UNVALIDATED
