item,source,status,evidence,n,mean_hits,variance,distribution_0_6,rate_2plus,rate_3plus,rate_4plus,rate_5plus,rate_6,delta_exact,delta_mc,stability,overfit_risk
B_v1:long_frequency,HASH VERIFIED frozen B-v1; not rerun this task,ADDITIONAL VALIDATION,REPRODUCED (prior audit); edge INSUFFICIENT EVIDENCE,350,0.7371428571428571,0.6337632653061225,"[156, 142, 41, 10, 1, 0, 0]",0.14857142857142858,0.03142857142857143,0.002857142857142857,0.0,0.0,-0.06285714285714294,-0.06360285714285718,0.1145591965920219,Multiple models; historical screening; no verified edge
B_v1:current_gap,HASH VERIFIED frozen B-v1; not rerun this task,ADDITIONAL VALIDATION,REPRODUCED (prior audit); edge INSUFFICIENT EVIDENCE,350,0.7742857142857142,0.5233387755102041,"[137, 158, 52, 3, 0, 0, 0]",0.15714285714285714,0.008571428571428572,0.0,0.0,0.0,-0.0257142857142858,-0.02646000000000004,0.19173394264424012,Multiple models; historical screening; no verified edge
B_v1:frequency_plus_gap,HASH VERIFIED frozen B-v1; not rerun this task,ADDITIONAL VALIDATION,REPRODUCED (prior audit); edge INSUFFICIENT EVIDENCE,350,0.8285714285714286,0.6391836734693876,"[139, 139, 66, 5, 1, 0, 0]",0.2057142857142857,0.017142857142857144,0.002857142857142857,0.0,0.0,0.02857142857142858,0.027825714285714342,0.08071112509614588,Multiple models; historical screening; no verified edge
B_v1:recent_momentum,HASH VERIFIED frozen B-v1; not rerun this task,ADDITIONAL VALIDATION,REPRODUCED (prior audit); edge INSUFFICIENT EVIDENCE,350,0.7457142857142857,0.5267673469387756,"[144, 155, 47, 4, 0, 0, 0]",0.1457142857142857,0.011428571428571429,0.0,0.0,0.0,-0.05428571428571438,-0.05503142857142862,0.18210410418742562,Multiple models; historical screening; no verified edge
B_v1:structure_profile,HASH VERIFIED frozen B-v1; not rerun this task,ADDITIONAL VALIDATION,REPRODUCED (prior audit); edge INSUFFICIENT EVIDENCE,350,0.8514285714285714,0.6407836734693878,"[130, 153, 57, 9, 1, 0, 0]",0.19142857142857142,0.02857142857142857,0.002857142857142857,0.0,0.0,0.05142857142857138,0.05068285714285714,0.1591046376265812,Multiple models; historical screening; no verified edge
B_v1:pair_association,HASH VERIFIED frozen B-v1; not rerun this task,ADDITIONAL VALIDATION,REPRODUCED (prior audit); edge INSUFFICIENT EVIDENCE,350,0.8342857142857143,0.5439673469387755,"[125, 162, 59, 4, 0, 0, 0]",0.18,0.011428571428571429,0.0,0.0,0.0,0.03428571428571425,0.033540000000000014,0.08462803768199262,Multiple models; historical screening; no verified edge
B_v1:triple_association,HASH VERIFIED frozen B-v1; not rerun this task,ADDITIONAL VALIDATION,REPRODUCED (prior audit); edge INSUFFICIENT EVIDENCE,350,0.8257142857142857,0.5953387755102041,"[133, 152, 58, 7, 0, 0, 0]",0.18571428571428572,0.02,0.0,0.0,0.0,0.02571428571428569,0.02496857142857145,0.07976154939508613,Multiple models; historical screening; no verified edge
B_v1:combined_equal_rank,HASH VERIFIED frozen B-v1; not rerun this task,HOLD,REPRODUCED (prior audit); edge INSUFFICIENT EVIDENCE,350,0.8028571428571428,0.5925632653061225,"[139, 146, 61, 3, 1, 0, 0]",0.18571428571428572,0.011428571428571429,0.002857142857142857,0.0,0.0,0.0028571428571427804,0.002111428571428542,0.1213417056242804,Multiple models; historical screening; no verified edge
A_MODEL_ORIGINAL,NOT FOUND in documented accessible scope,NOT FOUND,NOT EXECUTED: original formula unavailable,,,,,,,,,,,,,Cannot evaluate missing model; related S/V4 IDs not substituted
C_MODEL_ORIGINAL,NOT FOUND in documented accessible scope,NOT FOUND,NOT EXECUTED: original formula unavailable,,,,,,,,,,,,,Cannot evaluate missing model; related S/V4 IDs not substituted
CONTRARIAN_MODEL_ORIGINAL,NOT FOUND in documented accessible scope,NOT FOUND,NOT EXECUTED: original formula unavailable,,,,,,,,,,,,,Cannot evaluate missing model; related S/V4 IDs not substituted
independent_signal:frequency,pinned rounds 1..1244; current executed script,VERIFIED,DESCRIPTIVE; not a six-number prediction model,1244,,,,,,,,,,,See signal/block stability CSVs,"Nested windows, multiple signals, sparse relations; predictive evidence INSUFFICIENT EVIDENCE"
independent_signal:current_gap,pinned rounds 1..1244; current executed script,VERIFIED,DESCRIPTIVE; not a six-number prediction model,1244,,,,,,,,,,,See signal/block stability CSVs,"Nested windows, multiple signals, sparse relations; predictive evidence INSUFFICIENT EVIDENCE"
independent_signal:mean_gap,pinned rounds 1..1244; current executed script,VERIFIED,DESCRIPTIVE; not a six-number prediction model,1244,,,,,,,,,,,See signal/block stability CSVs,"Nested windows, multiple signals, sparse relations; predictive evidence INSUFFICIENT EVIDENCE"
independent_signal:recent_gap,pinned rounds 1..1244; current executed script,VERIFIED,DESCRIPTIVE; not a six-number prediction model,1244,,,,,,,,,,,See signal/block stability CSVs,"Nested windows, multiple signals, sparse relations; predictive evidence INSUFFICIENT EVIDENCE"
independent_signal:structure,pinned rounds 1..1244; current executed script,VERIFIED,DESCRIPTIVE; not a six-number prediction model,1244,,,,,,,,,,,See signal/block stability CSVs,"Nested windows, multiple signals, sparse relations; predictive evidence INSUFFICIENT EVIDENCE"
independent_signal:pair,pinned rounds 1..1244; current executed script,VERIFIED,DESCRIPTIVE; not a six-number prediction model,1244,,,,,,,,,,,See signal/block stability CSVs,"Nested windows, multiple signals, sparse relations; predictive evidence INSUFFICIENT EVIDENCE"
independent_signal:triple,pinned rounds 1..1244; current executed script,VERIFIED,DESCRIPTIVE; not a six-number prediction model,1244,,,,,,,,,,,See signal/block stability CSVs,"Nested windows, multiple signals, sparse relations; predictive evidence INSUFFICIENT EVIDENCE"
