start_round,end_round,n_draws,number,count,rate,partial_block
1,50,50,1,5,0.1,False
1,50,50,2,7,0.14,False
1,50,50,3,5,0.1,False
1,50,50,4,8,0.16,False
1,50,50,5,4,0.08,False
1,50,50,6,9,0.18,False
1,50,50,7,10,0.2,False
1,50,50,8,5,0.1,False
1,50,50,9,7,0.14,False
1,50,50,10,6,0.12,False
1,50,50,11,4,0.08,False
1,50,50,12,4,0.08,False
1,50,50,13,8,0.16,False
1,50,50,14,5,0.1,False
1,50,50,15,4,0.08,False
1,50,50,16,7,0.14,False
1,50,50,17,9,0.18,False
1,50,50,18,9,0.18,False
1,50,50,19,7,0.14,False
1,50,50,20,6,0.12,False
1,50,50,21,7,0.14,False
1,50,50,22,3,0.06,False
1,50,50,23,9,0.18,False
1,50,50,24,2,0.04,False
1,50,50,25,10,0.2,False
1,50,50,26,10,0.2,False
1,50,50,27,6,0.12,False
1,50,50,28,3,0.06,False
1,50,50,29,3,0.06,False
1,50,50,30,8,0.16,False
1,50,50,31,8,0.16,False
1,50,50,32,6,0.12,False
1,50,50,33,8,0.16,False
1,50,50,34,3,0.06,False
1,50,50,35,9,0.18,False
1,50,50,36,5,0.1,False
1,50,50,37,14,0.28,False
1,50,50,38,8,0.16,False
1,50,50,39,7,0.14,False
1,50,50,40,13,0.26,False
1,50,50,41,4,0.08,False
1,50,50,42,8,0.16,False
1,50,50,43,8,0.16,False
1,50,50,44,6,0.12,False
1,50,50,45,3,0.06,False
51,100,50,1,8,0.16,False
51,100,50,2,9,0.18,False
51,100,50,3,12,0.24,False
51,100,50,4,5,0.1,False
51,100,50,5,6,0.12,False
51,100,50,6,7,0.14,False
51,100,50,7,7,0.14,False
51,100,50,8,8,0.16,False
51,100,50,9,2,0.04,False
51,100,50,10,8,0.16,False
51,100,50,11,4,0.08,False
51,100,50,12,6,0.12,False
51,100,50,13,3,0.06,False
51,100,50,14,8,0.16,False
51,100,50,15,11,0.22,False
51,100,50,16,8,0.16,False
51,100,50,17,9,0.18,False
51,100,50,18,5,0.1,False
51,100,50,19,4,0.08,False
51,100,50,20,6,0.12,False
51,100,50,21,5,0.1,False
51,100,50,22,5,0.1,False
51,100,50,23,6,0.12,False
51,100,50,24,10,0.2,False
51,100,50,25,8,0.16,False
51,100,50,26,7,0.14,False
51,100,50,27,8,0.16,False
51,100,50,28,2,0.04,False
51,100,50,29,11,0.22,False
51,100,50,30,5,0.1,False
51,100,50,31,5,0.1,False
51,100,50,32,7,0.14,False
51,100,50,33,8,0.16,False
51,100,50,34,6,0.12,False
51,100,50,35,5,0.1,False
51,100,50,36,11,0.22,False
51,100,50,37,6,0.12,False
51,100,50,38,5,0.1,False
51,100,50,39,7,0.14,False
51,100,50,40,8,0.16,False
51,100,50,41,5,0.1,False
51,100,50,42,5,0.1,False
51,100,50,43,7,0.14,False
51,100,50,44,8,0.16,False
51,100,50,45,4,0.08,False
101,150,50,1,5,0.1,False
101,150,50,2,8,0.16,False
101,150,50,3,8,0.16,False
101,150,50,4,10,0.2,False
101,150,50,5,5,0.1,False
101,150,50,6,5,0.1,False
101,150,50,7,8,0.16,False
101,150,50,8,4,0.08,False
101,150,50,9,5,0.1,False
101,150,50,10,8,0.16,False
101,150,50,11,8,0.16,False
101,150,50,12,6,0.12,False
101,150,50,13,4,0.08,False
101,150,50,14,5,0.1,False
101,150,50,15,5,0.1,False
101,150,50,16,4,0.08,False
101,150,50,17,10,0.2,False
101,150,50,18,6,0.12,False
101,150,50,19,6,0.12,False
101,150,50,20,7,0.14,False
101,150,50,21,5,0.1,False
101,150,50,22,8,0.16,False
101,150,50,23,7,0.14,False
101,150,50,24,3,0.06,False
101,150,50,25,7,0.14,False
101,150,50,26,6,0.12,False
101,150,50,27,7,0.14,False
101,150,50,28,12,0.24,False
101,150,50,29,6,0.12,False
101,150,50,30,7,0.14,False
101,150,50,31,5,0.1,False
101,150,50,32,5,0.1,False
101,150,50,33,7,0.14,False
101,150,50,34,11,0.22,False
101,150,50,35,7,0.14,False
101,150,50,36,11,0.22,False
101,150,50,37,6,0.12,False
101,150,50,38,2,0.04,False
101,150,50,39,4,0.08,False
101,150,50,40,6,0.12,False
101,150,50,41,7,0.14,False
101,150,50,42,12,0.24,False
101,150,50,43,7,0.14,False
101,150,50,44,6,0.12,False
101,150,50,45,9,0.18,False
151,200,50,1,9,0.18,False
151,200,50,2,7,0.14,False
151,200,50,3,4,0.08,False
151,200,50,4,7,0.14,False
151,200,50,5,8,0.16,False
151,200,50,6,6,0.12,False
151,200,50,7,4,0.08,False
151,200,50,8,7,0.14,False
151,200,50,9,5,0.1,False
151,200,50,10,6,0.12,False
151,200,50,11,6,0.12,False
151,200,50,12,5,0.1,False
151,200,50,13,10,0.2,False
151,200,50,14,8,0.16,False
151,200,50,15,4,0.08,False
151,200,50,16,6,0.12,False
151,200,50,17,3,0.06,False
151,200,50,18,12,0.24,False
151,200,50,19,12,0.24,False
151,200,50,20,6,0.12,False
151,200,50,21,8,0.16,False
151,200,50,22,5,0.1,False
151,200,50,23,3,0.06,False
151,200,50,24,6,0.12,False
151,200,50,25,6,0.12,False
151,200,50,26,7,0.14,False
151,200,50,27,5,0.1,False
151,200,50,28,4,0.08,False
151,200,50,29,6,0.12,False
151,200,50,30,9,0.18,False
151,200,50,31,5,0.1,False
151,200,50,32,5,0.1,False
151,200,50,33,6,0.12,False
151,200,50,34,12,0.24,False
151,200,50,35,8,0.16,False
151,200,50,36,8,0.16,False
151,200,50,37,6,0.12,False
151,200,50,38,3,0.06,False
151,200,50,39,9,0.18,False
151,200,50,40,7,0.14,False
151,200,50,41,8,0.16,False
151,200,50,42,8,0.16,False
151,200,50,43,5,0.1,False
151,200,50,44,4,0.08,False
151,200,50,45,12,0.24,False
201,250,50,1,7,0.14,False
201,250,50,2,9,0.18,False
201,250,50,3,11,0.22,False
201,250,50,4,9,0.18,False
201,250,50,5,9,0.18,False
201,250,50,6,3,0.06,False
201,250,50,7,5,0.1,False
201,250,50,8,6,0.12,False
201,250,50,9,3,0.06,False
201,250,50,10,4,0.08,False
201,250,50,11,12,0.24,False
201,250,50,12,7,0.14,False
201,250,50,13,7,0.14,False
201,250,50,14,7,0.14,False
201,250,50,15,6,0.12,False
201,250,50,16,6,0.12,False
201,250,50,17,7,0.14,False
201,250,50,18,5,0.1,False
201,250,50,19,8,0.16,False
201,250,50,20,10,0.2,False
201,250,50,21,9,0.18,False
201,250,50,22,5,0.1,False
201,250,50,23,5,0.1,False
201,250,50,24,9,0.18,False
201,250,50,25,6,0.12,False
201,250,50,26,6,0.12,False
201,250,50,27,8,0.16,False
201,250,50,28,7,0.14,False
201,250,50,29,4,0.08,False
201,250,50,30,3,0.06,False
201,250,50,31,9,0.18,False
201,250,50,32,5,0.1,False
201,250,50,33,7,0.14,False
201,250,50,34,4,0.08,False
201,250,50,35,7,0.14,False
201,250,50,36,5,0.1,False
201,250,50,37,11,0.22,False
201,250,50,38,6,0.12,False
201,250,50,39,9,0.18,False
201,250,50,40,7,0.14,False
201,250,50,41,4,0.08,False
201,250,50,42,3,0.06,False
201,250,50,43,5,0.1,False
201,250,50,44,11,0.22,False
201,250,50,45,4,0.08,False
251,300,50,1,10,0.2,False
251,300,50,2,2,0.04,False
251,300,50,3,9,0.18,False
251,300,50,4,6,0.12,False
251,300,50,5,8,0.16,False
251,300,50,6,9,0.18,False
251,300,50,7,8,0.16,False
251,300,50,8,8,0.16,False
251,300,50,9,10,0.2,False
251,300,50,10,6,0.12,False
251,300,50,11,6,0.12,False
251,300,50,12,9,0.18,False
251,300,50,13,5,0.1,False
251,300,50,14,8,0.16,False
251,300,50,15,7,0.14,False
251,300,50,16,4,0.08,False
251,300,50,17,4,0.08,False
251,300,50,18,8,0.16,False
251,300,50,19,7,0.14,False
251,300,50,20,7,0.14,False
251,300,50,21,4,0.08,False
251,300,50,22,1,0.02,False
251,300,50,23,3,0.06,False
251,300,50,24,10,0.2,False
251,300,50,25,5,0.1,False
251,300,50,26,4,0.08,False
251,300,50,27,10,0.2,False
251,300,50,28,4,0.08,False
251,300,50,29,5,0.1,False
251,300,50,30,5,0.1,False
251,300,50,31,11,0.22,False
251,300,50,32,7,0.14,False
251,300,50,33,5,0.1,False
251,300,50,34,5,0.1,False
251,300,50,35,5,0.1,False
251,300,50,36,7,0.14,False
251,300,50,37,12,0.24,False
251,300,50,38,10,0.2,False
251,300,50,39,7,0.14,False
251,300,50,40,8,0.16,False
251,300,50,41,7,0.14,False
251,300,50,42,7,0.14,False
251,300,50,43,5,0.1,False
251,300,50,44,3,0.06,False
251,300,50,45,9,0.18,False
301,350,50,1,10,0.2,False
301,350,50,2,7,0.14,False
301,350,50,3,6,0.12,False
301,350,50,4,6,0.12,False
301,350,50,5,11,0.22,False
301,350,50,6,4,0.08,False
301,350,50,7,3,0.06,False
301,350,50,8,6,0.12,False
301,350,50,9,6,0.12,False
301,350,50,10,5,0.1,False
301,350,50,11,4,0.08,False
301,350,50,12,4,0.08,False
301,350,50,13,10,0.2,False
301,350,50,14,11,0.22,False
301,350,50,15,7,0.14,False
301,350,50,16,7,0.14,False
301,350,50,17,13,0.26,False
301,350,50,18,8,0.16,False
301,350,50,19,9,0.18,False
301,350,50,20,10,0.2,False
301,350,50,21,7,0.14,False
301,350,50,22,3,0.06,False
301,350,50,23,7,0.14,False
301,350,50,24,5,0.1,False
301,350,50,25,6,0.12,False
301,350,50,26,4,0.08,False
301,350,50,27,4,0.08,False
301,350,50,28,5,0.1,False
301,350,50,29,6,0.12,False
301,350,50,30,5,0.1,False
301,350,50,31,4,0.08,False
301,350,50,32,8,0.16,False
301,350,50,33,8,0.16,False
301,350,50,34,13,0.26,False
301,350,50,35,4,0.08,False
301,350,50,36,6,0.12,False
301,350,50,37,4,0.08,False
301,350,50,38,6,0.12,False
301,350,50,39,8,0.16,False
301,350,50,40,0,0.0,False
301,350,50,41,5,0.1,False
301,350,50,42,8,0.16,False
301,350,50,43,9,0.18,False
301,350,50,44,5,0.1,False
301,350,50,45,13,0.26,False
351,400,50,1,10,0.2,False
351,400,50,2,5,0.1,False
351,400,50,3,3,0.06,False
351,400,50,4,4,0.08,False
351,400,50,5,9,0.18,False
351,400,50,6,2,0.04,False
351,400,50,7,6,0.12,False
351,400,50,8,7,0.14,False
351,400,50,9,6,0.12,False
351,400,50,10,10,0.2,False
351,400,50,11,9,0.18,False
351,400,50,12,6,0.12,False
351,400,50,13,4,0.08,False
351,400,50,14,6,0.12,False
351,400,50,15,8,0.16,False
351,400,50,16,11,0.22,False
351,400,50,17,8,0.16,False
351,400,50,18,6,0.12,False
351,400,50,19,8,0.16,False
351,400,50,20,9,0.18,False
351,400,50,21,8,0.16,False
351,400,50,22,11,0.22,False
351,400,50,23,3,0.06,False
351,400,50,24,8,0.16,False
351,400,50,25,9,0.18,False
351,400,50,26,9,0.18,False
351,400,50,27,8,0.16,False
351,400,50,28,6,0.12,False
351,400,50,29,9,0.18,False
351,400,50,30,4,0.08,False
351,400,50,31,6,0.12,False
351,400,50,32,5,0.1,False
351,400,50,33,2,0.04,False
351,400,50,34,6,0.12,False
351,400,50,35,6,0.12,False
351,400,50,36,6,0.12,False
351,400,50,37,6,0.12,False
351,400,50,38,2,0.04,False
351,400,50,39,4,0.08,False
351,400,50,40,13,0.26,False
351,400,50,41,4,0.08,False
351,400,50,42,7,0.14,False
351,400,50,43,7,0.14,False
351,400,50,44,6,0.12,False
351,400,50,45,8,0.16,False
401,450,50,1,6,0.12,False
401,450,50,2,6,0.12,False
401,450,50,3,7,0.14,False
401,450,50,4,5,0.1,False
401,450,50,5,5,0.1,False
401,450,50,6,9,0.18,False
401,450,50,7,7,0.14,False
401,450,50,8,5,0.1,False
401,450,50,9,7,0.14,False
401,450,50,10,8,0.16,False
401,450,50,11,10,0.2,False
401,450,50,12,5,0.1,False
401,450,50,13,7,0.14,False
401,450,50,14,9,0.18,False
401,450,50,15,6,0.12,False
401,450,50,16,5,0.1,False
401,450,50,17,5,0.1,False
401,450,50,18,5,0.1,False
401,450,50,19,6,0.12,False
401,450,50,20,11,0.22,False
401,450,50,21,7,0.14,False
401,450,50,22,11,0.22,False
401,450,50,23,7,0.14,False
401,450,50,24,6,0.12,False
401,450,50,25,4,0.08,False
401,450,50,26,10,0.2,False
401,450,50,27,8,0.16,False
401,450,50,28,9,0.18,False
401,450,50,29,6,0.12,False
401,450,50,30,9,0.18,False
401,450,50,31,7,0.14,False
401,450,50,32,2,0.04,False
401,450,50,33,6,0.12,False
401,450,50,34,10,0.2,False
401,450,50,35,6,0.12,False
401,450,50,36,4,0.08,False
401,450,50,37,6,0.12,False
401,450,50,38,7,0.14,False
401,450,50,39,6,0.12,False
401,450,50,40,10,0.2,False
401,450,50,41,4,0.08,False
401,450,50,42,2,0.04,False
401,450,50,43,6,0.12,False
401,450,50,44,8,0.16,False
401,450,50,45,5,0.1,False
451,500,50,1,6,0.12,False
451,500,50,2,5,0.1,False
451,500,50,3,5,0.1,False
451,500,50,4,12,0.24,False
451,500,50,5,3,0.06,False
451,500,50,6,3,0.06,False
451,500,50,7,3,0.06,False
451,500,50,8,12,0.24,False
451,500,50,9,3,0.06,False
451,500,50,10,8,0.16,False
451,500,50,11,3,0.06,False
451,500,50,12,8,0.16,False
451,500,50,13,11,0.22,False
451,500,50,14,5,0.1,False
451,500,50,15,7,0.14,False
451,500,50,16,4,0.08,False
451,500,50,17,5,0.1,False
451,500,50,18,6,0.12,False
451,500,50,19,3,0.06,False
451,500,50,20,11,0.22,False
451,500,50,21,2,0.04,False
451,500,50,22,8,0.16,False
451,500,50,23,10,0.2,False
451,500,50,24,8,0.16,False
451,500,50,25,8,0.16,False
451,500,50,26,6,0.12,False
451,500,50,27,11,0.22,False
451,500,50,28,4,0.08,False
451,500,50,29,8,0.16,False
451,500,50,30,8,0.16,False
451,500,50,31,7,0.14,False
451,500,50,32,7,0.14,False
451,500,50,33,5,0.1,False
451,500,50,34,8,0.16,False
451,500,50,35,6,0.12,False
451,500,50,36,7,0.14,False
451,500,50,37,10,0.2,False
451,500,50,38,8,0.16,False
451,500,50,39,6,0.12,False
451,500,50,40,11,0.22,False
451,500,50,41,7,0.14,False
451,500,50,42,4,0.08,False
451,500,50,43,7,0.14,False
451,500,50,44,6,0.12,False
451,500,50,45,5,0.1,False
501,550,50,1,9,0.18,False
501,550,50,2,2,0.04,False
501,550,50,3,4,0.08,False
501,550,50,4,6,0.12,False
501,550,50,5,9,0.18,False
501,550,50,6,7,0.14,False
501,550,50,7,7,0.14,False
501,550,50,8,6,0.12,False
501,550,50,9,5,0.1,False
501,550,50,10,4,0.08,False
501,550,50,11,5,0.1,False
501,550,50,12,10,0.2,False
501,550,50,13,8,0.16,False
501,550,50,14,8,0.16,False
501,550,50,15,6,0.12,False
501,550,50,16,3,0.06,False
501,550,50,17,7,0.14,False
501,550,50,18,6,0.12,False
501,550,50,19,2,0.04,False
501,550,50,20,6,0.12,False
501,550,50,21,4,0.08,False
501,550,50,22,8,0.16,False
501,550,50,23,9,0.18,False
501,550,50,24,5,0.1,False
501,550,50,25,5,0.1,False
501,550,50,26,10,0.2,False
501,550,50,27,10,0.2,False
501,550,50,28,4,0.08,False
501,550,50,29,9,0.18,False
501,550,50,30,5,0.1,False
501,550,50,31,9,0.18,False
501,550,50,32,10,0.2,False
501,550,50,33,6,0.12,False
501,550,50,34,11,0.22,False
501,550,50,35,7,0.14,False
501,550,50,36,6,0.12,False
501,550,50,37,7,0.14,False
501,550,50,38,7,0.14,False
501,550,50,39,6,0.12,False
501,550,50,40,8,0.16,False
501,550,50,41,7,0.14,False
501,550,50,42,7,0.14,False
501,550,50,43,9,0.18,False
501,550,50,44,7,0.14,False
501,550,50,45,4,0.08,False
551,600,50,1,5,0.1,False
551,600,50,2,8,0.16,False
551,600,50,3,6,0.12,False
551,600,50,4,8,0.16,False
551,600,50,5,10,0.2,False
551,600,50,6,6,0.12,False
551,600,50,7,7,0.14,False
551,600,50,8,8,0.16,False
551,600,50,9,2,0.04,False
551,600,50,10,8,0.16,False
551,600,50,11,7,0.14,False
551,600,50,12,10,0.2,False
551,600,50,13,8,0.16,False
551,600,50,14,10,0.2,False
551,600,50,15,6,0.12,False
551,600,50,16,5,0.1,False
551,600,50,17,9,0.18,False
551,600,50,18,5,0.1,False
551,600,50,19,3,0.06,False
551,600,50,20,12,0.24,False
551,600,50,21,4,0.08,False
551,600,50,22,3,0.06,False
551,600,50,23,4,0.08,False
551,600,50,24,7,0.14,False
551,600,50,25,8,0.16,False
551,600,50,26,7,0.14,False
551,600,50,27,6,0.12,False
551,600,50,28,7,0.14,False
551,600,50,29,6,0.12,False
551,600,50,30,5,0.1,False
551,600,50,31,5,0.1,False
551,600,50,32,8,0.16,False
551,600,50,33,8,0.16,False
551,600,50,34,7,0.14,False
551,600,50,35,9,0.18,False
551,600,50,36,3,0.06,False
551,600,50,37,6,0.12,False
551,600,50,38,8,0.16,False
551,600,50,39,4,0.08,False
551,600,50,40,8,0.16,False
551,600,50,41,8,0.16,False
551,600,50,42,5,0.1,False
551,600,50,43,7,0.14,False
551,600,50,44,7,0.14,False
551,600,50,45,7,0.14,False
601,650,50,1,7,0.14,False
601,650,50,2,10,0.2,False
601,650,50,3,4,0.08,False
601,650,50,4,7,0.14,False
601,650,50,5,5,0.1,False
601,650,50,6,8,0.16,False
601,650,50,7,9,0.18,False
601,650,50,8,9,0.18,False
601,650,50,9,6,0.12,False
601,650,50,10,3,0.06,False
601,650,50,11,6,0.12,False
601,650,50,12,4,0.08,False
601,650,50,13,8,0.16,False
601,650,50,14,6,0.12,False
601,650,50,15,7,0.14,False
601,650,50,16,10,0.2,False
601,650,50,17,5,0.1,False
601,650,50,18,11,0.22,False
601,650,50,19,10,0.2,False
601,650,50,20,6,0.12,False
601,650,50,21,10,0.2,False
601,650,50,22,7,0.14,False
601,650,50,23,9,0.18,False
601,650,50,24,7,0.14,False
601,650,50,25,7,0.14,False
601,650,50,26,6,0.12,False
601,650,50,27,9,0.18,False
601,650,50,28,5,0.1,False
601,650,50,29,1,0.02,False
601,650,50,30,5,0.1,False
601,650,50,31,9,0.18,False
601,650,50,32,4,0.08,False
601,650,50,33,7,0.14,False
601,650,50,34,6,0.12,False
601,650,50,35,5,0.1,False
601,650,50,36,5,0.1,False
601,650,50,37,4,0.08,False
601,650,50,38,6,0.12,False
601,650,50,39,10,0.2,False
601,650,50,40,7,0.14,False
601,650,50,41,7,0.14,False
601,650,50,42,4,0.08,False
601,650,50,43,7,0.14,False
601,650,50,44,6,0.12,False
601,650,50,45,6,0.12,False
651,700,50,1,6,0.12,False
651,700,50,2,3,0.06,False
651,700,50,3,7,0.14,False
651,700,50,4,6,0.12,False
651,700,50,5,9,0.18,False
651,700,50,6,8,0.16,False
651,700,50,7,12,0.24,False
651,700,50,8,9,0.18,False
651,700,50,9,4,0.08,False
651,700,50,10,7,0.14,False
651,700,50,11,12,0.24,False
651,700,50,12,7,0.14,False
651,700,50,13,5,0.1,False
651,700,50,14,6,0.12,False
651,700,50,15,12,0.24,False
651,700,50,16,5,0.1,False
651,700,50,17,8,0.16,False
651,700,50,18,5,0.1,False
651,700,50,19,6,0.12,False
651,700,50,20,5,0.1,False
651,700,50,21,5,0.1,False
651,700,50,22,1,0.02,False
651,700,50,23,4,0.08,False
651,700,50,24,5,0.1,False
651,700,50,25,8,0.16,False
651,700,50,26,6,0.12,False
651,700,50,27,10,0.2,False
651,700,50,28,8,0.16,False
651,700,50,29,8,0.16,False
651,700,50,30,2,0.04,False
651,700,50,31,5,0.1,False
651,700,50,32,4,0.08,False
651,700,50,33,10,0.2,False
651,700,50,34,7,0.14,False
651,700,50,35,4,0.08,False
651,700,50,36,7,0.14,False
651,700,50,37,5,0.1,False
651,700,50,38,12,0.24,False
651,700,50,39,8,0.16,False
651,700,50,40,7,0.14,False
651,700,50,41,4,0.08,False
651,700,50,42,6,0.12,False
651,700,50,43,8,0.16,False
651,700,50,44,10,0.2,False
651,700,50,45,4,0.08,False
701,750,50,1,8,0.16,False
701,750,50,2,12,0.24,False
701,750,50,3,8,0.16,False
701,750,50,4,8,0.16,False
701,750,50,5,4,0.08,False
701,750,50,6,6,0.12,False
701,750,50,7,7,0.14,False
701,750,50,8,6,0.12,False
701,750,50,9,4,0.08,False
701,750,50,10,12,0.24,False
701,750,50,11,7,0.14,False
701,750,50,12,7,0.14,False
701,750,50,13,8,0.16,False
701,750,50,14,5,0.1,False
701,750,50,15,7,0.14,False
701,750,50,16,6,0.12,False
701,750,50,17,6,0.12,False
701,750,50,18,6,0.12,False
701,750,50,19,10,0.2,False
701,750,50,20,4,0.08,False
701,750,50,21,9,0.18,False
701,750,50,22,5,0.1,False
701,750,50,23,7,0.14,False
701,750,50,24,8,0.16,False
701,750,50,25,3,0.06,False
701,750,50,26,3,0.06,False
701,750,50,27,7,0.14,False
701,750,50,28,7,0.14,False
701,750,50,29,4,0.08,False
701,750,50,30,7,0.14,False
701,750,50,31,4,0.08,False
701,750,50,32,5,0.1,False
701,750,50,33,11,0.22,False
701,750,50,34,9,0.18,False
701,750,50,35,6,0.12,False
701,750,50,36,8,0.16,False
701,750,50,37,8,0.16,False
701,750,50,38,3,0.06,False
701,750,50,39,4,0.08,False
701,750,50,40,3,0.06,False
701,750,50,41,10,0.2,False
701,750,50,42,4,0.08,False
701,750,50,43,5,0.1,False
701,750,50,44,9,0.18,False
701,750,50,45,10,0.2,False
751,800,50,1,5,0.1,False
751,800,50,2,7,0.14,False
751,800,50,3,7,0.14,False
751,800,50,4,5,0.1,False
751,800,50,5,6,0.12,False
751,800,50,6,11,0.22,False
751,800,50,7,8,0.16,False
751,800,50,8,6,0.12,False
751,800,50,9,5,0.1,False
751,800,50,10,10,0.2,False
751,800,50,11,7,0.14,False
751,800,50,12,14,0.28,False
751,800,50,13,3,0.06,False
751,800,50,14,5,0.1,False
751,800,50,15,7,0.14,False
751,800,50,16,9,0.18,False
751,800,50,17,8,0.16,False
751,800,50,18,7,0.14,False
751,800,50,19,10,0.2,False
751,800,50,20,4,0.08,False
751,800,50,21,10,0.2,False
751,800,50,22,4,0.08,False
751,800,50,23,3,0.06,False
751,800,50,24,8,0.16,False
751,800,50,25,2,0.04,False
751,800,50,26,5,0.1,False
751,800,50,27,6,0.12,False
751,800,50,28,7,0.14,False
751,800,50,29,5,0.1,False
751,800,50,30,7,0.14,False
751,800,50,31,9,0.18,False
751,800,50,32,3,0.06,False
751,800,50,33,6,0.12,False
751,800,50,34,10,0.2,False
751,800,50,35,5,0.1,False
751,800,50,36,7,0.14,False
751,800,50,37,3,0.06,False
751,800,50,38,7,0.14,False
751,800,50,39,7,0.14,False
751,800,50,40,4,0.08,False
751,800,50,41,9,0.18,False
751,800,50,42,9,0.18,False
751,800,50,43,8,0.16,False
751,800,50,44,3,0.06,False
751,800,50,45,9,0.18,False
801,850,50,1,6,0.12,False
801,850,50,2,4,0.08,False
801,850,50,3,5,0.1,False
801,850,50,4,3,0.06,False
801,850,50,5,8,0.16,False
801,850,50,6,4,0.08,False
801,850,50,7,3,0.06,False
801,850,50,8,4,0.08,False
801,850,50,9,8,0.16,False
801,850,50,10,7,0.14,False
801,850,50,11,9,0.18,False
801,850,50,12,11,0.22,False
801,850,50,13,12,0.24,False
801,850,50,14,9,0.18,False
801,850,50,15,5,0.1,False
801,850,50,16,9,0.18,False
801,850,50,17,5,0.1,False
801,850,50,18,10,0.2,False
801,850,50,19,6,0.12,False
801,850,50,20,3,0.06,False
801,850,50,21,8,0.16,False
801,850,50,22,2,0.04,False
801,850,50,23,2,0.04,False
801,850,50,24,7,0.14,False
801,850,50,25,8,0.16,False
801,850,50,26,8,0.16,False
801,850,50,27,2,0.04,False
801,850,50,28,9,0.18,False
801,850,50,29,9,0.18,False
801,850,50,30,10,0.2,False
801,850,50,31,8,0.16,False
801,850,50,32,4,0.08,False
801,850,50,33,10,0.2,False
801,850,50,34,5,0.1,False
801,850,50,35,5,0.1,False
801,850,50,36,8,0.16,False
801,850,50,37,3,0.06,False
801,850,50,38,10,0.2,False
801,850,50,39,10,0.2,False
801,850,50,40,5,0.1,False
801,850,50,41,3,0.06,False
801,850,50,42,9,0.18,False
801,850,50,43,11,0.22,False
801,850,50,44,4,0.08,False
801,850,50,45,9,0.18,False
851,900,50,1,5,0.1,False
851,900,50,2,5,0.1,False
851,900,50,3,6,0.12,False
851,900,50,4,7,0.14,False
851,900,50,5,4,0.08,False
851,900,50,6,5,0.1,False
851,900,50,7,5,0.1,False
851,900,50,8,6,0.12,False
851,900,50,9,5,0.1,False
851,900,50,10,5,0.1,False
851,900,50,11,3,0.06,False
851,900,50,12,6,0.12,False
851,900,50,13,6,0.12,False
851,900,50,14,6,0.12,False
851,900,50,15,6,0.12,False
851,900,50,16,6,0.12,False
851,900,50,17,10,0.2,False
851,900,50,18,10,0.2,False
851,900,50,19,9,0.18,False
851,900,50,20,4,0.08,False
851,900,50,21,6,0.12,False
851,900,50,22,8,0.16,False
851,900,50,23,7,0.14,False
851,900,50,24,4,0.08,False
851,900,50,25,8,0.16,False
851,900,50,26,9,0.18,False
851,900,50,27,6,0.12,False
851,900,50,28,9,0.18,False
851,900,50,29,3,0.06,False
851,900,50,30,5,0.1,False
851,900,50,31,6,0.12,False
851,900,50,32,9,0.18,False
851,900,50,33,6,0.12,False
851,900,50,34,8,0.16,False
851,900,50,35,6,0.12,False
851,900,50,36,4,0.08,False
851,900,50,37,8,0.16,False
851,900,50,38,9,0.18,False
851,900,50,39,13,0.26,False
851,900,50,40,5,0.1,False
851,900,50,41,7,0.14,False
851,900,50,42,8,0.16,False
851,900,50,43,11,0.22,False
851,900,50,44,8,0.16,False
851,900,50,45,8,0.16,False
901,950,50,1,5,0.1,False
901,950,50,2,8,0.16,False
901,950,50,3,11,0.22,False
901,950,50,4,8,0.16,False
901,950,50,5,5,0.1,False
901,950,50,6,6,0.12,False
901,950,50,7,6,0.12,False
901,950,50,8,6,0.12,False
901,950,50,9,4,0.08,False
901,950,50,10,7,0.14,False
901,950,50,11,6,0.12,False
901,950,50,12,6,0.12,False
901,950,50,13,8,0.16,False
901,950,50,14,7,0.14,False
901,950,50,15,8,0.16,False
901,950,50,16,8,0.16,False
901,950,50,17,6,0.12,False
901,950,50,18,9,0.18,False
901,950,50,19,5,0.1,False
901,950,50,20,6,0.12,False
901,950,50,21,8,0.16,False
901,950,50,22,10,0.2,False
901,950,50,23,8,0.16,False
901,950,50,24,6,0.12,False
901,950,50,25,4,0.08,False
901,950,50,26,2,0.04,False
901,950,50,27,9,0.18,False
901,950,50,28,6,0.12,False
901,950,50,29,5,0.1,False
901,950,50,30,6,0.12,False
901,950,50,31,6,0.12,False
901,950,50,32,6,0.12,False
901,950,50,33,6,0.12,False
901,950,50,34,6,0.12,False
901,950,50,35,7,0.14,False
901,950,50,36,9,0.18,False
901,950,50,37,4,0.08,False
901,950,50,38,9,0.18,False
901,950,50,39,7,0.14,False
901,950,50,40,7,0.14,False
901,950,50,41,5,0.1,False
901,950,50,42,7,0.14,False
901,950,50,43,8,0.16,False
901,950,50,44,10,0.2,False
901,950,50,45,4,0.08,False
951,1000,50,1,10,0.2,False
951,1000,50,2,12,0.24,False
951,1000,50,3,6,0.12,False
951,1000,50,4,8,0.16,False
951,1000,50,5,2,0.04,False
951,1000,50,6,7,0.14,False
951,1000,50,7,7,0.14,False
951,1000,50,8,3,0.06,False
951,1000,50,9,9,0.18,False
951,1000,50,10,6,0.12,False
951,1000,50,11,6,0.12,False
951,1000,50,12,6,0.12,False
951,1000,50,13,9,0.18,False
951,1000,50,14,7,0.14,False
951,1000,50,15,5,0.1,False
951,1000,50,16,8,0.16,False
951,1000,50,17,6,0.12,False
951,1000,50,18,8,0.16,False
951,1000,50,19,2,0.04,False
951,1000,50,20,6,0.12,False
951,1000,50,21,9,0.18,False
951,1000,50,22,6,0.12,False
951,1000,50,23,8,0.16,False
951,1000,50,24,11,0.22,False
951,1000,50,25,6,0.12,False
951,1000,50,26,7,0.14,False
951,1000,50,27,5,0.1,False
951,1000,50,28,6,0.12,False
951,1000,50,29,8,0.16,False
951,1000,50,30,5,0.1,False
951,1000,50,31,7,0.14,False
951,1000,50,32,4,0.08,False
951,1000,50,33,7,0.14,False
951,1000,50,34,5,0.1,False
951,1000,50,35,7,0.14,False
951,1000,50,36,7,0.14,False
951,1000,50,37,10,0.2,False
951,1000,50,38,4,0.08,False
951,1000,50,39,7,0.14,False
951,1000,50,40,4,0.08,False
951,1000,50,41,8,0.16,False
951,1000,50,42,9,0.18,False
951,1000,50,43,5,0.1,False
951,1000,50,44,7,0.14,False
951,1000,50,45,5,0.1,False
1001,1050,50,1,4,0.08,False
1001,1050,50,2,5,0.1,False
1001,1050,50,3,6,0.12,False
1001,1050,50,4,2,0.04,False
1001,1050,50,5,9,0.18,False
1001,1050,50,6,9,0.18,False
1001,1050,50,7,6,0.12,False
1001,1050,50,8,5,0.1,False
1001,1050,50,9,7,0.14,False
1001,1050,50,10,2,0.04,False
1001,1050,50,11,9,0.18,False
1001,1050,50,12,14,0.28,False
1001,1050,50,13,5,0.1,False
1001,1050,50,14,9,0.18,False
1001,1050,50,15,10,0.2,False
1001,1050,50,16,7,0.14,False
1001,1050,50,17,8,0.16,False
1001,1050,50,18,8,0.16,False
1001,1050,50,19,5,0.1,False
1001,1050,50,20,8,0.16,False
1001,1050,50,21,6,0.12,False
1001,1050,50,22,7,0.14,False
1001,1050,50,23,4,0.08,False
1001,1050,50,24,4,0.08,False
1001,1050,50,25,6,0.12,False
1001,1050,50,26,8,0.16,False
1001,1050,50,27,6,0.12,False
1001,1050,50,28,2,0.04,False
1001,1050,50,29,11,0.22,False
1001,1050,50,30,4,0.08,False
1001,1050,50,31,7,0.14,False
1001,1050,50,32,6,0.12,False
1001,1050,50,33,6,0.12,False
1001,1050,50,34,9,0.18,False
1001,1050,50,35,11,0.22,False
1001,1050,50,36,8,0.16,False
1001,1050,50,37,7,0.14,False
1001,1050,50,38,6,0.12,False
1001,1050,50,39,7,0.14,False
1001,1050,50,40,4,0.08,False
1001,1050,50,41,8,0.16,False
1001,1050,50,42,6,0.12,False
1001,1050,50,43,3,0.06,False
1001,1050,50,44,7,0.14,False
1001,1050,50,45,9,0.18,False
1051,1100,50,1,6,0.12,False
1051,1100,50,2,1,0.02,False
1051,1100,50,3,8,0.16,False
1051,1100,50,4,7,0.14,False
1051,1100,50,5,1,0.02,False
1051,1100,50,6,9,0.18,False
1051,1100,50,7,9,0.18,False
1051,1100,50,8,5,0.1,False
1051,1100,50,9,3,0.06,False
1051,1100,50,10,6,0.12,False
1051,1100,50,11,6,0.12,False
1051,1100,50,12,5,0.1,False
1051,1100,50,13,5,0.1,False
1051,1100,50,14,8,0.16,False
1051,1100,50,15,2,0.04,False
1051,1100,50,16,7,0.14,False
1051,1100,50,17,5,0.1,False
1051,1100,50,18,10,0.2,False
1051,1100,50,19,9,0.18,False
1051,1100,50,20,6,0.12,False
1051,1100,50,21,8,0.16,False
1051,1100,50,22,11,0.22,False
1051,1100,50,23,10,0.2,False
1051,1100,50,24,9,0.18,False
1051,1100,50,25,3,0.06,False
1051,1100,50,26,8,0.16,False
1051,1100,50,27,7,0.14,False
1051,1100,50,28,8,0.16,False
1051,1100,50,29,5,0.1,False
1051,1100,50,30,12,0.24,False
1051,1100,50,31,5,0.1,False
1051,1100,50,32,9,0.18,False
1051,1100,50,33,9,0.18,False
1051,1100,50,34,6,0.12,False
1051,1100,50,35,10,0.2,False
1051,1100,50,36,5,0.1,False
1051,1100,50,37,5,0.1,False
1051,1100,50,38,9,0.18,False
1051,1100,50,39,1,0.02,False
1051,1100,50,40,10,0.2,False
1051,1100,50,41,4,0.08,False
1051,1100,50,42,3,0.06,False
1051,1100,50,43,8,0.16,False
1051,1100,50,44,5,0.1,False
1051,1100,50,45,12,0.24,False
1101,1150,50,1,6,0.12,False
1101,1150,50,2,4,0.08,False
1101,1150,50,3,9,0.18,False
1101,1150,50,4,5,0.1,False
1101,1150,50,5,4,0.08,False
1101,1150,50,6,11,0.22,False
1101,1150,50,7,10,0.2,False
1101,1150,50,8,5,0.1,False
1101,1150,50,9,6,0.12,False
1101,1150,50,10,7,0.14,False
1101,1150,50,11,9,0.18,False
1101,1150,50,12,8,0.16,False
1101,1150,50,13,12,0.24,False
1101,1150,50,14,7,0.14,False
1101,1150,50,15,9,0.18,False
1101,1150,50,16,9,0.18,False
1101,1150,50,17,5,0.1,False
1101,1150,50,18,1,0.02,False
1101,1150,50,19,12,0.24,False
1101,1150,50,20,6,0.12,False
1101,1150,50,21,9,0.18,False
1101,1150,50,22,4,0.08,False
1101,1150,50,23,1,0.02,False
1101,1150,50,24,5,0.1,False
1101,1150,50,25,3,0.06,False
1101,1150,50,26,7,0.14,False
1101,1150,50,27,4,0.08,False
1101,1150,50,28,8,0.16,False
1101,1150,50,29,5,0.1,False
1101,1150,50,30,10,0.2,False
1101,1150,50,31,8,0.16,False
1101,1150,50,32,5,0.1,False
1101,1150,50,33,11,0.22,False
1101,1150,50,34,10,0.2,False
1101,1150,50,35,6,0.12,False
1101,1150,50,36,6,0.12,False
1101,1150,50,37,9,0.18,False
1101,1150,50,38,8,0.16,False
1101,1150,50,39,3,0.06,False
1101,1150,50,40,8,0.16,False
1101,1150,50,41,5,0.1,False
1101,1150,50,42,4,0.08,False
1101,1150,50,43,2,0.04,False
1101,1150,50,44,8,0.16,False
1101,1150,50,45,6,0.12,False
1151,1200,50,1,6,0.12,False
1151,1200,50,2,5,0.1,False
1151,1200,50,3,10,0.2,False
1151,1200,50,4,6,0.12,False
1151,1200,50,5,6,0.12,False
1151,1200,50,6,7,0.14,False
1151,1200,50,7,9,0.18,False
1151,1200,50,8,7,0.14,False
1151,1200,50,9,9,0.18,False
1151,1200,50,10,4,0.08,False
1151,1200,50,11,5,0.1,False
1151,1200,50,12,8,0.16,False
1151,1200,50,13,8,0.16,False
1151,1200,50,14,4,0.08,False
1151,1200,50,15,7,0.14,False
1151,1200,50,16,10,0.2,False
1151,1200,50,17,5,0.1,False
1151,1200,50,18,5,0.1,False
1151,1200,50,19,6,0.12,False
1151,1200,50,20,7,0.14,False
1151,1200,50,21,5,0.1,False
1151,1200,50,22,4,0.08,False
1151,1200,50,23,8,0.16,False
1151,1200,50,24,8,0.16,False
1151,1200,50,25,8,0.16,False
1151,1200,50,26,7,0.14,False
1151,1200,50,27,10,0.2,False
1151,1200,50,28,8,0.16,False
1151,1200,50,29,8,0.16,False
1151,1200,50,30,7,0.14,False
1151,1200,50,31,6,0.12,False
1151,1200,50,32,7,0.14,False
1151,1200,50,33,6,0.12,False
1151,1200,50,34,4,0.08,False
1151,1200,50,35,6,0.12,False
1151,1200,50,36,6,0.12,False
1151,1200,50,37,9,0.18,False
1151,1200,50,38,9,0.18,False
1151,1200,50,39,9,0.18,False
1151,1200,50,40,7,0.14,False
1151,1200,50,41,5,0.1,False
1151,1200,50,42,6,0.12,False
1151,1200,50,43,4,0.08,False
1151,1200,50,44,4,0.08,False
1151,1200,50,45,5,0.1,False
1201,1244,44,1,7,0.1590909090909091,True
1201,1244,44,2,6,0.13636363636363635,True
1201,1244,44,3,5,0.11363636363636363,True
1201,1244,44,4,5,0.11363636363636363,True
1201,1244,44,5,3,0.06818181818181818,True
1201,1244,44,6,5,0.11363636363636363,True
1201,1244,44,7,5,0.11363636363636363,True
1201,1244,44,8,5,0.11363636363636363,True
1201,1244,44,9,6,0.13636363636363635,True
1201,1244,44,10,6,0.13636363636363635,True
1201,1244,44,11,5,0.11363636363636363,True
1201,1244,44,12,4,0.09090909090909091,True
1201,1244,44,13,10,0.22727272727272727,True
1201,1244,44,14,3,0.06818181818181818,True
1201,1244,44,15,8,0.18181818181818182,True
1201,1244,44,16,6,0.13636363636363635,True
1201,1244,44,17,5,0.11363636363636363,True
1201,1244,44,18,9,0.20454545454545456,True
1201,1244,44,19,6,0.13636363636363635,True
1201,1244,44,20,6,0.13636363636363635,True
1201,1244,44,21,4,0.09090909090909091,True
1201,1244,44,22,6,0.13636363636363635,True
1201,1244,44,23,5,0.11363636363636363,True
1201,1244,44,24,7,0.1590909090909091,True
1201,1244,44,25,5,0.11363636363636363,True
1201,1244,44,26,4,0.09090909090909091,True
1201,1244,44,27,9,0.20454545454545456,True
1201,1244,44,28,7,0.1590909090909091,True
1201,1244,44,29,5,0.11363636363636363,True
1201,1244,44,30,5,0.11363636363636363,True
1201,1244,44,31,10,0.22727272727272727,True
1201,1244,44,32,5,0.11363636363636363,True
1201,1244,44,33,4,0.09090909090909091,True
1201,1244,44,34,6,0.13636363636363635,True
1201,1244,44,35,6,0.13636363636363635,True
1201,1244,44,36,6,0.13636363636363635,True
1201,1244,44,37,5,0.11363636363636363,True
1201,1244,44,38,10,0.22727272727272727,True
1201,1244,44,39,5,0.11363636363636363,True
1201,1244,44,40,4,0.09090909090909091,True
1201,1244,44,41,6,0.13636363636363635,True
1201,1244,44,42,7,0.1590909090909091,True
1201,1244,44,43,5,0.11363636363636363,True
1201,1244,44,44,8,0.18181818181818182,True
1201,1244,44,45,5,0.11363636363636363,True
