number,full_50round_blocks,partial_last_block,full_block_rate_sd,block_min,block_max,block_linear_slope,recent_direction_agreement,recent_directions,nested_recent_windows_independent
1,24,44,0.03771236166328254,0.08,0.2,-0.001739130434782609,0.75,DOWN;DOWN;UP;DOWN,False
2,24,44,0.05758447900452189,0.02,0.24,-0.001556521739130435,0.75,UP;UP;UP;DOWN,False
3,24,44,0.04777697027741387,0.06,0.24,0.0006695652173913045,0.75,DOWN;DOWN;DOWN;UP,False
4,24,44,0.04278499217664478,0.04,0.24,-0.0017043478260869562,0.75,DOWN;UP;DOWN;DOWN,False
5,24,44,0.052678268764263694,0.02,0.22,-0.002417391304347826,1.0,DOWN;DOWN;DOWN;DOWN,False
6,24,44,0.048124549059936364,0.04,0.22,0.0021652173913043475,0.75,DOWN;DOWN;DOWN;UP,False
7,24,44,0.04579543888011362,0.06,0.24,0.0011826086956521736,0.5,UP;DOWN;DOWN;UP,False
8,24,44,0.03821539829266034,0.06,0.24,-0.0012434782608695657,0.75,DOWN;DOWN;DOWN;UP,False
9,24,44,0.042809331796804406,0.04,0.2,0.001191304347826087,0.75,DOWN;UP;UP;UP,False
10,24,44,0.04545296714431548,0.04,0.24,-0.0010347826086956518,0.5,UP;UP;DOWN;DOWN,False
11,24,44,0.0496585563847986,0.06,0.24,0.0005130434782608695,0.75,UP;DOWN;DOWN;DOWN,False
12,24,44,0.05497474167490215,0.08,0.28,0.002817391304347826,1.0,DOWN;DOWN;DOWN;DOWN,False
13,24,44,0.051720402163943004,0.06,0.24,0.001460869565217391,1.0,UP;UP;UP;UP,False
14,24,44,0.03534551676741416,0.08,0.22,-0.00042608695652173915,1.0,DOWN;DOWN;DOWN;DOWN,False
15,24,44,0.04368447474027052,0.04,0.24,0.0005043478260869566,0.75,DOWN;UP;UP;UP,False
16,24,44,0.04229525846816507,0.06,0.22,0.0023130434782608696,0.75,UP;DOWN;UP;UP,False
17,24,44,0.04579543888011362,0.06,0.26,-0.0018260869565217396,1.0,DOWN;DOWN;DOWN;DOWN,False
18,24,44,0.04909599440551812,0.02,0.24,-0.000304347826086956,1.0,UP;UP;UP;UP,False
19,24,44,0.05695392874947259,0.04,0.24,0.00026956521739130405,0.5,DOWN;UP;DOWN;UP,False
20,24,44,0.04758034141206732,0.06,0.24,-0.0021565217391304346,0.75,UP;UP;UP;DOWN,False
21,24,44,0.04241822197541471,0.04,0.2,0.0014521739130434774,1.0,DOWN;DOWN;DOWN;DOWN,False
22,24,44,0.06018490028422596,0.02,0.22,0.0010260869565217393,0.5,DOWN;UP;UP;DOWN,False
23,24,44,0.05259911279353167,0.02,0.2,-5.217391304347802e-05,0.5,UP;DOWN;DOWN;UP,False
24,24,44,0.0452692561851369,0.04,0.22,0.0007391304347826086,1.0,UP;UP;UP;UP,False
25,24,44,0.04229525846816507,0.04,0.2,-0.0022434782608695652,0.75,DOWN;DOWN;DOWN;UP,False
26,24,44,0.04173328008516305,0.04,0.2,-0.00036521739130434785,1.0,DOWN;DOWN;DOWN;DOWN,False
27,24,44,0.04459696053419884,0.04,0.22,-0.0008347826086956522,0.5,DOWN;DOWN;UP;UP,False
28,24,44,0.048390770469859914,0.04,0.24,0.001947826086956522,0.75,DOWN;UP;UP;UP,False
29,24,44,0.04949045923767081,0.02,0.22,0.00040869565217391333,0.5,DOWN;UP;DOWN;UP,False
30,24,44,0.04754383941865304,0.04,0.24,0.0014,0.75,DOWN;DOWN;UP;DOWN,False
31,24,44,0.03627633143279819,0.08,0.22,-0.0001130434782608696,1.0,UP;UP;UP;UP,False
32,24,44,0.03929058411375428,0.04,0.2,0.00019999999999999966,1.0,UP;UP;UP;UP,False
33,24,44,0.04054318685056714,0.04,0.22,0.0013826086956521735,1.0,DOWN;DOWN;DOWN;DOWN,False
34,24,44,0.053845199930500354,0.06,0.26,-0.0007217391304347825,0.5,UP;UP;DOWN;DOWN,False
35,24,44,0.03510895738823483,0.08,0.22,0.0006869565217391302,1.0,DOWN;DOWN;DOWN;DOWN,False
36,24,44,0.039077913625644514,0.06,0.22,-0.0009826086956521737,0.75,DOWN;DOWN;UP;DOWN,False
37,24,44,0.05641488180337604,0.06,0.28,-0.0016956521739130437,0.75,DOWN;DOWN;DOWN;UP,False
38,24,44,0.05185449728701348,0.04,0.24,0.002782608695652173,1.0,UP;UP;UP;UP,False
39,24,44,0.05130924759620715,0.02,0.26,-0.00035652173913043464,0.75,DOWN;DOWN;DOWN;UP,False
40,24,44,0.05941847823325296,0.0,0.26,-0.002382608695652174,1.0,DOWN;DOWN;DOWN;DOWN,False
41,24,44,0.037629406349585455,0.06,0.2,0.00046086956521739094,0.5,DOWN;UP;UP;DOWN,False
42,24,44,0.047074114141661995,0.04,0.24,-0.0010347826086956526,0.75,DOWN;UP;UP;UP,False
43,24,44,0.04368447474027052,0.04,0.22,-0.0009913043478260873,0.5,UP;UP;DOWN;DOWN,False
44,24,44,0.04278499217664479,0.06,0.22,0.0001739130434782612,0.75,UP;UP;UP;DOWN,False
45,24,44,0.05713045500334203,0.06,0.26,0.00043478260869565235,1.0,DOWN;DOWN;DOWN;DOWN,False
