path,sha256,bytes,classification,eligible_errorloop,target_range,publication_or_purchase_proof
outputs/B_MODEL_REPRODUCTION_20261009_v1/b_model_predictions.csv,088685b5c30275c2640dfda2001beb99cebf5855156ae54ad5e0f6f170cf39be,3236859,"HISTORICAL BACKTEST OR DIAGNOSTIC, not authenticated contemporaneous purchase",False,201..1244,NOT FOUND
research/1245_final_pipeline_v3/candidate_overlap_v3.csv,9e9934ca90f48943ce3aee4eb3d2cd8131b31c7fe2ecfb0c14fac8e9be2e56b8,5665,"HISTORICAL BACKTEST OR DIAGNOSTIC, not authenticated contemporaneous purchase",False,,NOT FOUND
research/1245_final_pipeline_v3/independent_validation_20261009_independent/fresh_candidate_number_frequency.csv,adedc3e82f80e3d54966b0e5647cf2678ebd35529ed05118fc2fb985339d573b,560,"HISTORICAL BACKTEST OR DIAGNOSTIC, not authenticated contemporaneous purchase",False,,NOT FOUND
research/1245_final_pipeline_v3/independent_validation_20261009_independent/fresh_candidate_overlaps.csv,5440b639ad83d466d6e199ea25ff2baffed6665d99615433effbbfea4fda202b,2079,"HISTORICAL BACKTEST OR DIAGNOSTIC, not authenticated contemporaneous purchase",False,,NOT FOUND
research/1245_final_pipeline_v3/independent_validation_20261009_independent/fresh_walkforward_predictions.csv,12e2ca1205c21fb11b219016c1c96fbec7480cd26b411e8a990c7d6ec7640a65,178802,"HISTORICAL BACKTEST OR DIAGNOSTIC, not authenticated contemporaneous purchase",False,2..1244,NOT FOUND
research/1245_final_pipeline_v3/independent_validation_20261009_independent/reassessed_1245_three_lines.csv,f7ed4647f0c42af79c6257e9e351b8f8a8999b1bf9f83822cf1cbf035b3d2b85,963,EXISTING 1245 PREDICTION METADATA ONLY; outcome not read/scored,False,1245; pending,NOT FOUND
research/1245_final_pipeline_v3/recovered_original_assets/outputs/b_model_predictions.csv,088685b5c30275c2640dfda2001beb99cebf5855156ae54ad5e0f6f170cf39be,3236859,"HISTORICAL BACKTEST OR DIAGNOSTIC, not authenticated contemporaneous purchase",False,201..1244,NOT FOUND
research/1245_final_pipeline_v3/recovery_run_20261009/final_three_lines_1245_v3_recovery.csv,d5e6da9e34d68f847a2d674b71e5d20512543d677734697333c21407f8478825,746,EXISTING 1245 PREDICTION METADATA ONLY; outcome not read/scored,False,1245; pending,NOT FOUND
research/1245_final_pipeline_v3/recovery_run_20261009/model_candidates.csv,bbb805de2dbb36896e0fb394107d17b481ab3bf3a8ad6ff554fb6ace47dd45ef,1663,EXISTING 1245 PREDICTION METADATA ONLY; outcome not read/scored,False,1245; pending,NOT FOUND
research/expansion_framework_v1/studies/study_batch_001/rolling300_predictions.csv,87c17ec2496575fc12091fa3dba071d197a61ecfc747494c6f791058f35c43ae,541409,"HISTORICAL BACKTEST OR DIAGNOSTIC, not authenticated contemporaneous purchase",False,501..1244,NOT FOUND
research/expansion_framework_v1/studies/study_batch_001/walkforward_predictions.csv,a5f05084cd1682c12ad720e2e900715089a699d6b45dd3c4fb0c021e55d868ff,835839,"HISTORICAL BACKTEST OR DIAGNOSTIC, not authenticated contemporaneous purchase",False,201..1244,NOT FOUND
research/prospective_v4/predictions/1245/CANDIDATES_1245_V4.csv,4895bb7fc47edb47c45bfdcdec598bc9c45efb23c0eccaf4064d2f7b6206ae0a,184069,EXISTING 1245 PREDICTION METADATA ONLY; outcome not read/scored,False,1245; pending,NOT FOUND
research/prospective_v4/predictions/1245/FINAL_THREE_LINES_1245_V4.csv,7ce371fe06a2e4b88f249d264e528b518e6da2fe9f54afc52fda0b26551279a0,2852,EXISTING 1245 PREDICTION METADATA ONLY; outcome not read/scored,False,1245; pending,NOT FOUND
research/prospective_v4/predictions/1245/MODEL_PREDICTIONS_1245_V4.csv,92f72d1b2d83026be102810a283bbe7ac5a4f6cb9659b0d09ae37637d8df9eb6,7877,EXISTING 1245 PREDICTION METADATA ONLY; outcome not read/scored,False,1245; pending,NOT FOUND
research/prospective_v4/predictions/1245/PREDICTION_MANIFEST_1245_V4.csv,7f697da2f727bcdeffe4e32f0b1785c7b1df4944b2c31ea23d4cfd13e8e2470d,3579,EXISTING 1245 PREDICTION METADATA ONLY; outcome not read/scored,False,1245; pending,NOT FOUND
