file,bytes,sha256
A_ERRORLOOP_C_RESEARCH_REPORT_20261009_v2.md,13171,2d1341301a1fc2fe0f3a24997f9a4ecf4015d12ff2844ee176cfb30f9abc3ee2
ACTUAL_EXECUTION_RESULT.json,791,4a9430e70058207a640be13c68e09cdcf0c775f487d2c27b2e2fcdeb515270d1
B_FROZEN_REFERENCE.json,2135,6cf4d699140d3834e9cdb93f1688b734fbe46ebb598877b4e062af8d5ff9dc62
CONTRARIAN_STRUCTURE_INCIDENCE.csv,9342,69701d79bffeee0307b143f0d92a0f27773c368e729788e6c5bddfa88754837f
DATA_INTEGRITY.json,447,de22bc2036bb90949f1081d00924feda6d1a7253053c0266621f3a465c914934
DRAW_STRUCTURE_FEATURES.csv,110797,a551a8d0d8a80abdc435136876d208ac198de54e36414bc2dcb9eb953554675a
ENDING_DIGIT_WINDOW_DISTRIBUTIONS.csv,23280,7fc8c6a3d4b6caa359786a8c49194b2e2318ca8f63416b11919256cf868aec8e
ERRORLOOP_VERIFICATION_STATUS.json,703,04fa56c05c7a4e0db0d47957b783c20a4f3b88a8f8b470d0ce8eb3d2ff256a0a
EXACT_STRUCTURE_BASELINE.json,721,538bda42609d64e8390622b64e747cccf104760de104f3665ccf2a36ef076941
execute_research_with_logs.py,1287,6cc7c045a5a048b48b801f4ebfae7139f60121bc28542e980dfa70a481d503a2
EXECUTION_PLAN_SEAL.json,522,75e4da6698d26c3c00bf4feec3185610144d94b83e671fe79a8211f169fff648
EXECUTION_STDERR.log,0,e3b0c44298fc1c149afbf4c8996fb92427ae41e4649b934ca495991b7852b855
EXECUTION_STDOUT.log,460,a7be63261c5a5022444470c5542c83231ee83111e63ef21657380354d7079030
extend_signal_diagnostics.py,5829,073f56c1176849dd2cba356ad30ec6b5d5f7c704bba2e841db6aeff0a51c5e9f
EXTENSION_EXECUTION_RESULT.json,415,e7bc40a8d565f6ff7ba7e889e1bbc3efe4b32a7429be79afb5933ed441f10892
EXTENSION_STDERR.log,0,e3b0c44298fc1c149afbf4c8996fb92427ae41e4649b934ca495991b7852b855
EXTENSION_STDOUT.log,140,afb84d56065cc965077c92a6bcd6bdb840ac14b7689cc30245830eeba64af5eb
failed_v1_evidence/ACTUAL_EXECUTION_RESULT.json,793,9f3c1b4e174541f23b8e5d89aa018c482035496f916e80e6d7754173fa4a88a9
failed_v1_evidence/EXECUTION_PLAN_SEAL.json,555,15a04628605d0541f8efccb66257fb8e2b4102d6f68a6d714851570e229c636d
failed_v1_evidence/EXECUTION_STDERR.log,839,d8426f538437142b5a930ad30c1764ef7b6c96380cf23e1bc7114d53fba66a23
failed_v1_evidence/EXECUTION_STDOUT.log,209,47652e8221bd26c86b3dd5d812dbd2d7f842578b39e1c4d989ddf599ab660d0a
failed_v1_evidence/RESEARCH_CONFIG.json,1837,cb60f9a2a4312654645ba2b7c620f4c6ef874500bfcbd506c26746dc7e0af421
failed_v1_evidence/RESEARCH_PROTOCOL.md,2484,332ff78f8816baa473916d34ed5f5a64175413c6bd9809c7d8b7824007f37f28
failed_v1_evidence/run_independent_signal_research.py,23989,a1d09446f322198aeda5a545d2447f478c57b525953d5922c19af40bc22e7fb0
FINAL_VERIFICATION.json,1528,61be39db36e3c7e33e38228c2ac9fe2dae3dc6cb509886ab18053ffe2191e207
finalize_research_bundle.py,6702,3f8b4ce108f5ec9b47ed4903c53a8eddfe91e3ab142b580dab2f28b155d82533
FROZEN_B_REFERENCE_HASH_VERIFICATION.csv,8943,e40d20e2abeb2d23d94478e8b748f8ebcef42fc2ad6c00681f0abd4cd0a993aa
GAP_CUTOFF_TIME_SERIES.csv,1849630,1b63a6a2313275b98cd6549cbdf0e91d9c898e1e66d0ed49d99957d008fd2687
GAP_TIME_BLOCK_SUMMARY.csv,5991,427622cefde3684eab858f8cdc5a03fc36af7cdeda27d889405954fb961a6c73
GAP_WINDOW_AND_DIRECTION_SUMMARY.csv,133565,73d488cb9542ef2e5c25545ee477c73c1f0bcf403910bbb193a547348e9d58dd
GIT_HISTORICAL_BLOB_INVENTORY.csv,37907,85f0d4b5c6b56a97015a55d3e7b46948c8880f5b651aeeca225bcb4d31f938a5
GIT_REFS_AND_COMMITS.txt,5591,7e411ac5b650f93d32aa6542a579f1c1c480515374375ba69d33bb774548f958
GIT_UNREACHABLE_OBJECT_CHECK.log,82,87a70c4290f4e5798bdbd798c8bce4d4ecd0b2d737060eabab31a5d5664b2eb8
GITHUB_REMOTE_HEADS.txt,58,26e4d8c5b771c959074f70edb6a1b41ce812cdc540ee026b25b3d1a47e3b4a7f
HISTORICAL_RECOMMENDATION_SOURCE_COVERAGE.csv,132112,dc13a1130d1cd3c44fa814cd646e9312a036cddf29cbc053a8a7cd534c287f64
LOCAL_SOURCE_FILE_INVENTORY.csv,337450,b9d7b0deb7b3dccdaf10495f5b29d866ce3d5a26e005da648688f6a38638cdcd
LONG_RECENT_SIGNAL_CONFLICTS.csv,19790,6e010b714393897db42156996d1bd65510b3eafea6ee7def921226e06e410ca3
MODEL_SIGNAL_SCORECARD.csv,5746,194fe6d21068ec0fa8b4feeedee4689e7b712f6072520f538f4e48c2ba23ba09
NEW_CSV_SCHEMA_VERIFICATION.csv,3254,1077c2b946d8a7deada94e566e5537ca6c4dbd559443ed8bddd04a5be7f23afa
NEW_HYPOTHESIS_REGISTRY.csv,2931,19b80438229c5463eda642db320a7d6f5a4eee2f8484b51623ab13386125914d
NUMBER_SIGNAL_WINDOWS.csv,40117,238e05bd07acde7ed7449b415d402fd72d1b7393c8bbc39e4af494b76f9b21a7
NUMBER_TEMPORAL_STABILITY.csv,4133,eecdb14c59e5c8900a6273c4cd2b9ea2f941cf9b61954221ae9f43b4e1f11662
NUMBER_TIME_BLOCKS.csv,31065,2899d272172cd1158c55242a038c48f923a9be67cb8a7771c469f8f08b1dd943
PACKAGE_MEMBER_INVENTORY.csv,1807,b30aaa0cee760d2ee674b51e9c38236cf3df33d75611c6bbf81131b09724f6d9
PACKAGING_AND_SOURCE_LIMITATIONS.md,1410,ebb3bfc3f638e22e0be3b453df6149a30de2efacbc6f7a18cc718a11ecc7df78
PACKAGING_VERIFICATION.json,347,7d44f9d8eb835edf5fb97dc48a5a093176a8ad1fdcf6f224dce4eb46d0279721
PAIR_TRIPLE_TEMPORAL_STABILITY.csv,1740842,be265b73f677ea9195014f5e7080036b8c665029cf200ceba110c4ba2f4e6d8c
PAIR_TRIPLE_WINDOW_SIGNALS.csv,14326544,8e06aff8615d47375f07b93637631617c64ac59ceb32976390886ec559e2a12f
PRELIMINARY_SHA256_MANIFEST_BEFORE_LOG_CLOSURE.csv,8316,be899f5b04df9c8477def4d3fbcdfb31cf9afca93e0c0052fdc1fff70067a03c
prepare_a_research_20261009.py,12975,4eba4689c58a816fe6c43f6665370df98fd8e2f55f342b46b77dd8fc69b95050
PRIOR_ARTIFACT_FORMAT_ISSUES.csv,1858,84dcc6129a815c7fb99fca4c9bc894c839037d2f2900a388d8584c486664f895
PRIOR_RESEARCH_READ_LEDGER.csv,7309,56cda950c5cf4c429eabf7010e97beb8e31b92d9a06898a18cceb27ddd4b638a
RECOMMENDATION_ARTIFACT_PROVENANCE.csv,3895,c217ec6a35e6d94b52787e62be4ab36dad3b0114f1c229218eda5704e772f5c0
RELATED_S008_ALGEBRA_VERIFICATION.json,581,da351cf45267e3565f959867e68c260e9c106f5eb5026b86c67b3021a212a36a
RELATED_SOURCE_CODE_FINDINGS.md,3654,ba19f624a713f89a142df56b3521ee03fa11edbc552564c23c6be3338458ca4f
RELATED_SOURCE_FORMULA_FRAGMENTS.txt,7368,5df7bdea42855be66cdc82fed1ed3ee8daa8ef27a0fd0c7c2788a9b063a1117d
report_a_research_20261009.py,19233,06d01d7e81baef7733f642f19686a82fe268e1e7643a4c33f4cbba1d0f3927b3
REPORT_PREPARATION_ATTEMPT_1.log,254,4e88c9f6e3040daad2374be95c3500602e0e9fa278d0b14e9a2c7a2a2cfd36fb
REPORT_PREPARATION_ATTEMPT_1_FULL_STDERR.log,748,7817bd6a27e4c5136b95300d923a12862242d2185a5d0245c51941b2f434454a
REPORT_PREPARATION_ATTEMPT_3_STDERR.log,0,e3b0c44298fc1c149afbf4c8996fb92427ae41e4649b934ca495991b7852b855
REPORT_PREPARATION_ATTEMPT_3_STDOUT.log,54,a4bbc972b1fb80dde7189f07942ac28899f90037dbd46f57d045c171534f6e13
REPORT_PREPARATION_STDERR.log,445,430c84315512e853e40c7b89a97b8199ace0af7957fb2731a55a4057a299116b
REPORT_PREPARATION_STDOUT.log,0,e3b0c44298fc1c149afbf4c8996fb92427ae41e4649b934ca495991b7852b855
REPRODUCTION_COMMANDS.md,1297,a734d8216290ef276d942dcd3ad5d9e672bd88139a152e5139822c84d0fa4709
RESEARCH_CONFIG.json,1837,e84d61bf1df128c990fa57379729313b14b081426a2bb948fc611d0ef1be6da8
RESEARCH_PROTOCOL.md,2484,332ff78f8816baa473916d34ed5f5a64175413c6bd9809c7d8b7824007f37f28
run_independent_signal_research.py,23987,c49dadba0b13a6b8b390f222f8d97f7d131bcd9058241ce10a53b6dc48b321e9
RUN_METADATA.json,754,54c5f14b317ed2145a671224103b394895d3aa0f148105cb18cd3880006f00fb
search_original_sources.py,7187,ee5f1fb3ed71271eb86209ba275f4241db6c251f43a9a2bf18ba64070ef0d552
SEARCH_SCOPE_AND_ERRORS.json,3154,89959318eab659fa1330ee6b8f7b72b3fc2b34ee5f859c15168e619a285078fc
SIGNAL_EXTENSION_PROTOCOL.md,419,8f59572e9a501befd16d189e386beaa3518037c14efea8ab550fd64bd81ebeb4
SIGNAL_EXTENSION_SEAL.json,288,6720f29e7f9e1a6b7dd0e8ed6b9a34bcaaf3e32577f610c276ea45267fb46f98
SOURCE_EVIDENCE_CATALOG.csv,5876,4076e2a7e06b2052c7b6c5637849eb593fc551e95d181b80895d8fdb5d2c8730
SOURCE_KEYWORD_HITS.csv,116472,af96a1024e27b7998f930289d340422591bc19aad5d9597ed4a8d2ac7d9d7529
SOURCE_SEARCH_EXECUTION_RECORD.json,453,af8f7243b7d6fa023b48ca72d225093b30fe3af50dc5c5ca2b4f9eb76cd4ce92
SOURCE_SEARCH_VERDICT.json,722,bbe056f36616a34f729385f4bb60d0ae63c9c305d1b3886a8d9141bd33efd62d
SPECIFIC_MODEL_AND_RECOMMENDATION_HITS.csv,57505,fae917782427e7ea9f4cf19a8dedfc3c520429fc383cf6eae7c8c42601889db6
START_STATE.json,3023,bd30916c04d706203e8c28da2be58f1b745375ee8cb4808b6f033ae4719ebcdc
STATUS_CLASSIFICATION.json,862,3bdf637f9e5c5fbf981e87bb5dfcbe5cf2a9ce04f5535f34b3b80fd57f02da42
STRUCTURE_DISTRIBUTIONS.csv,54219,1c1638982e568cb4194d451de35b083433d338d1614e76b1b8dd9921d0d1ba61
STRUCTURE_TEMPORAL_STABILITY.csv,1745,53450090fe18e4b3957ec4b1f6f1cdfccff8863ba22d22b9ed8195f71eae8403
STRUCTURE_TIME_BLOCKS.csv,20031,5f28f8c477de3c10c20b67eac7e8fbb5401debab6339f047ae8462fc8e967e19
STRUCTURE_VETO_COVERAGE_DIAGNOSTIC.csv,2349,d8dd33bcace35db2d6a16e0a64b4ea748e4e1f36f3a7eb2ba12d3212090b4ebf
STRUCTURE_WALKFORWARD_PROBABILITIES.csv,875147,03e85dd8867a048c2b8c68a23bbb67bad73c83bc92f376d5d0cf4733a28120d9
STRUCTURE_WALKFORWARD_SUMMARY.csv,8155,f8b81194000b882d258a42a0ed96ffd49b77bc10f0df12f60f3a17e6f5174b75
STRUCTURE_WINDOW_SUMMARY.csv,11796,0410155f3f12853081806662b0cd641f8808db63493732e8e2eecfc396a715ca
VERIFICATION_STDERR.log,0,e3b0c44298fc1c149afbf4c8996fb92427ae41e4649b934ca495991b7852b855
VERIFICATION_STDOUT.log,1037,a69dcdaee90f538c46273734cb484f67bc0208eb5d3b9ee3b2ab4ef3c841442c
verify_independent_research.py,12192,fd157ffcc5483df43940501014d62b4fe0c4bf8fbba8f8b313f215a8e1058ec0
