window,feature,n,mean,variance,min,max,delta_mean_vs_overall,delta_mean_vs_disjoint_prior,direction
overall,odd_count,1244,3.0691318327974275,1.3328413684722036,0,6,0.0,,NA
overall,low_count,1244,2.9437299035369775,1.3778626151507944,0,6,0.0,,NA
overall,band_1_count,1244,1.295016077170418,0.8832227489376661,0,5,0.0,,NA
overall,band_2_count,1244,1.3971061093247588,0.8985768343999752,0,5,0.0,,NA
overall,band_3_count,1244,1.2869774919614148,0.8734317004580184,0,5,0.0,,NA
overall,band_4_count,1244,1.3641479099678457,0.9694863318203906,0,5,0.0,,NA
overall,band_5_count,1244,0.6567524115755627,0.524464051240165,0,3,0.0,,NA
overall,sum,1244,138.27813504823152,940.3631553643986,48,238,0.0,,NA
overall,span,1244,32.704983922829584,47.757820819677214,7,44,0.0,,NA
overall,min_gap,1244,1.8062700964630225,1.0918899463405052,1,7,0.0,,NA
overall,max_gap,1244,14.104501607717042,22.3524234654315,3,33,0.0,,NA
overall,mean_gap,1244,6.540996784565916,1.9103128327870886,1.4,8.8,0.0,,NA
overall,consecutive_pairs,1244,0.659967845659164,0.5507768478406965,0,4,0.0,,NA
overall,consecutive_runs,1244,0.6004823151125402,0.4167521789476949,0,3,0.0,,NA
overall,repeat_end_extra,1244,1.1229903536977492,0.6239408970130582,0,3,0.0,,NA
overall,repeat_end_groups,1244,1.0345659163987138,0.4899627536936136,0,3,0.0,,NA
overall,max_end_multiplicity,1244,1.869774919614148,0.2981539686314244,1,4,0.0,,NA
overall,clusters_gap_le2,1244,4.760450160771704,0.7882750385128359,2,6,0.0,,NA
overall,max_cluster_gap_le2_size,1244,1.9895498392282958,0.4830097652009388,1,5,0.0,,NA
overall,narrow_three_span_le4,1244,0.24758842443729903,0.1862883965219549,0,1,0.0,,NA
overall,previous_overlap,1243,0.827031375703942,0.6177085645827414,0,4,0.0,,NA
overall,band_max,1244,2.5008038585209005,0.391478453489935,2,5,0.0,,NA
overall,gap_1,1244,6.337620578778135,24.654501090766225,1,30,0.0,,NA
overall,gap_2,1244,6.82395498392283,27.850840949742043,1,33,0.0,,NA
overall,gap_3,1244,6.312700964630225,24.18919559868074,1,26,0.0,,NA
overall,gap_4,1244,6.644694533762058,27.118131016015138,1,30,0.0,,NA
overall,gap_5,1244,6.586012861736334,28.755463523950333,1,29,0.0,,NA
recent10,odd_count,10,2.7,1.41,1,5,-0.36913183279742734,-0.37212317666126404,DOWN
recent10,low_count,10,3.1,0.49,2,4,0.1562700964630226,0.15753646677471655,UP
recent10,band_1_count,10,1,0.8,0,3,-0.295016077170418,-0.2974068071312803,DOWN
recent10,band_2_count,10,1.9,0.69,1,4,0.5028938906752412,0.506969205834684,UP
recent10,band_3_count,10,0.8,0.56,0,2,-0.4869774919614147,-0.4909238249594814,DOWN
recent10,band_4_count,10,1.6,0.84,0,3,0.23585209003215435,0.23776337115072943,UP
recent10,band_5_count,10,0.7,0.41,0,2,0.04324758842443721,0.04359805510534842,UP
recent10,sum,10,140.3,404.61,104,176,2.0218649517684923,2.038249594813635,UP
recent10,span,10,33.8,24.56,25,40,1.0950160771704134,1.103889789303075,UP
recent10,min_gap,10,2.1,1.49,1,4,0.2937299035369776,0.2961102106969207,UP
recent10,max_gap,10,14,19.2,8,24,-0.10450160771704198,-0.10534846029173472,DOWN
recent10,mean_gap,10,6.76,0.9824,5,8,0.21900321543408374,0.22077795786061571,UP
recent10,consecutive_pairs,10,0.5,0.25,0,1,-0.159967845659164,-0.16126418152350086,DOWN
recent10,consecutive_runs,10,0.5,0.25,0,1,-0.10048231511254024,-0.10129659643435984,DOWN
recent10,repeat_end_extra,10,1.5,0.65,0,3,0.37700964630225076,0.38006482982171796,UP
recent10,repeat_end_groups,10,1.2,0.36,0,2,0.1654340836012862,0.1667747163695299,UP
recent10,max_end_multiplicity,10,2.2,0.36,1,3,0.3302250803858522,0.3329011345218802,UP
recent10,clusters_gap_le2,10,5.2,0.56,4,6,0.43954983922829616,0.44311183144246336,UP
recent10,max_cluster_gap_le2_size,10,1.6,0.24,1,2,-0.38954983922829567,-0.39270664505672603,DOWN
recent10,narrow_three_span_le4,10,0.1,0.09,0,1,-0.14758842443729903,-0.14878444084278766,DOWN
recent10,previous_overlap,10,1.1,0.69,0,2,0.27296862429605806,0.2751824817518249,UP
recent10,band_max,10,2.5,0.45,2,4,-0.00080385852090048,-0.0008103727714749986,DOWN
recent10,gap_1,10,6.1,15.89,1,12,-0.23762057877813536,-0.2395461912479746,DOWN
recent10,gap_2,10,5,3.2,3,9,-1.82395498392283,-1.8387358184764988,DOWN
recent10,gap_3,10,8.3,15.41,1,14,1.9872990353697757,2.0034035656401956,UP
recent10,gap_4,10,7.9,45.89,1,24,1.2553054662379424,1.2654781199351701,UP
recent10,gap_5,10,6.5,29.05,1,19,-0.08601286173633405,-0.08670988654781198,DOWN
recent30,odd_count,30,2.8666666666666667,1.3822222222222222,1,6,-0.20246516613076082,-0.20746842394288834,DOWN
recent30,low_count,30,3.066666666666667,0.9288888888888889,0,4,0.12293676312968937,0.1259747391543109,UP
recent30,band_1_count,30,1.1,0.7566666666666667,0,3,-0.1950160771704179,-0.19983525535420088,DOWN
recent30,band_2_count,30,1.7,0.9433333333333334,0,4,0.3028938906752412,0.31037891268533757,UP
recent30,band_3_count,30,1.1333333333333333,0.7822222222222223,0,3,-0.15364415862808145,-0.15744096650192207,DOWN
recent30,band_4_count,30,1.2666666666666666,0.8622222222222222,0,3,-0.09748124330117913,-0.09989017023613411,DOWN
recent30,band_5_count,30,0.8,0.56,0,2,0.1432475884244373,0.14678747940691927,UP
recent30,sum,30,139.6,602.24,89,193,1.3218649517684753,1.3545304777594538,UP
recent30,span,30,33.166666666666664,49.33888888888889,20,44,0.4616827438370805,0.4730917078528236,UP
recent30,min_gap,30,1.9,1.3566666666666667,1,5,0.09372990353697741,0.09604612850082361,UP
recent30,max_gap,30,14.033333333333333,20.565555555555555,8,25,-0.07116827438370876,-0.07292696320702952,DOWN
recent30,mean_gap,30,6.633333333333334,1.9735555555555557,4,8.8,0.0923365487674177,0.09461834157056614,UP
recent30,consecutive_pairs,30,0.6333333333333333,0.43222222222222223,0,2,-0.026634512325830695,-0.02729269632070297,DOWN
recent30,consecutive_runs,30,0.6,0.37333333333333335,0,2,-0.0004823151125402658,-0.0004942339373970039,DOWN
recent30,repeat_end_extra,30,1.4,0.5733333333333334,0,3,0.27700964630225067,0.2838550247116969,UP
recent30,repeat_end_groups,30,1.2666666666666666,0.39555555555555555,0,2,0.23210075026795285,0.23783635365183953,UP
recent30,max_end_multiplicity,30,2.033333333333333,0.23222222222222222,1,3,0.16355841371918522,0.16760021965952765,UP
recent30,clusters_gap_le2,30,4.9,0.7566666666666667,3,6,0.13954983922829634,0.14299835255354232,UP
recent30,max_cluster_gap_le2_size,30,1.8,0.29333333333333333,1,3,-0.1895498392282957,-0.19423393739703454,DOWN
recent30,narrow_three_span_le4,30,0.13333333333333333,0.11555555555555555,0,1,-0.1142550911039657,-0.11707852828116419,DOWN
recent30,previous_overlap,30,0.9333333333333333,0.5955555555555555,0,2,0.10630195762939132,0.10893102500687002,UP
recent30,band_max,30,2.4,0.30666666666666664,2,4,-0.10080385852090057,-0.10329489291598026,DOWN
recent30,gap_1,30,6.7,32.876666666666665,1,25,0.36237942122186517,0.3713344316309719,UP
recent30,gap_2,30,5.233333333333333,13.045555555555556,1,16,-1.5906216505894966,-1.6299286106534874,DOWN
recent30,gap_3,30,7.066666666666666,20.795555555555556,1,18,0.7539657020364414,0.7725974739154307,UP
recent30,gap_4,30,8.4,35.70666666666666,1,24,1.7553054662379424,1.798682042833608,UP
recent30,gap_5,30,5.766666666666667,19.445555555555554,1,19,-0.8193461950696674,-0.8395936298736961,DOWN
recent50,odd_count,50,3.02,1.4196,1,6,-0.0491318327974275,-0.0511892797319935,DOWN
recent50,low_count,50,2.78,1.2516,0,5,-0.1637299035369777,-0.17058626465661675,DOWN
recent50,band_1_count,50,1.22,0.8116,0,3,-0.07501607717041803,-0.07815745393634854,DOWN
recent50,band_2_count,50,1.36,0.9504,0,4,-0.03710610932475866,-0.03865996649916248,DOWN
recent50,band_3_count,50,1.32,0.8176,0,3,0.03302250803858531,0.034405360134003304,UP
recent50,band_4_count,50,1.42,0.9236,0,3,0.05585209003215419,0.05819095477386926,UP
recent50,band_5_count,50,0.68,0.4976,0,2,0.023247588424437304,0.02422110552763823,UP
recent50,sum,50,141.06,726.4564,75,207,2.7818649517684833,2.898358458961468,UP
recent50,span,50,32.86,55.6404,15,44,0.15501607717041566,0.1615075376884434,UP
recent50,min_gap,50,1.9,1.09,1,5,0.09372990353697741,0.09765494137353414,UP
recent50,max_gap,50,13.52,18.2896,5,25,-0.5845016077170424,-0.6089782244556119,DOWN
recent50,mean_gap,50,6.572,2.225616,3,8.8,0.03100321543408402,0.03230150753768868,UP
recent50,consecutive_pairs,50,0.58,0.4836,0,3,-0.07996784565916404,-0.08331658291457289,DOWN
recent50,consecutive_runs,50,0.54,0.3684,0,2,-0.06048231511254021,-0.06301507537688433,DOWN
recent50,repeat_end_extra,50,1.18,0.5876,0,3,0.057009646302250694,0.059396984924622975,UP
recent50,repeat_end_groups,50,1.06,0.4164,0,2,0.025434083601286295,0.026499162479062033,UP
recent50,max_end_multiplicity,50,1.94,0.2964,1,3,0.07022508038585196,0.07316582914572867,UP
recent50,clusters_gap_le2,50,4.82,0.8276,3,6,0.059549839228296264,0.06204355108877735,UP
recent50,max_cluster_gap_le2_size,50,1.88,0.4256,1,3,-0.10954983922829586,-0.11413735343383591,DOWN
recent50,narrow_three_span_le4,50,0.22,0.1716,0,1,-0.02758842443729903,-0.028743718592964818,DOWN
recent50,previous_overlap,50,0.96,0.6784,0,3,0.13296862429605794,0.13854149203688182,UP
recent50,band_max,50,2.44,0.2864,2,4,-0.06080385852090053,-0.06335008375209394,DOWN
recent50,gap_1,50,6.6,29.52,1,25,0.26237942122186464,0.2733668341708535,UP
recent50,gap_2,50,6,20.92,1,17,-0.82395498392283,-0.858458961474037,DOWN
recent50,gap_3,50,7.46,20.7284,1,19,1.147299035369775,1.1953433835845892,UP
recent50,gap_4,50,7,29.84,1,24,0.355305466237942,0.3701842546063654,UP
recent50,gap_5,50,5.8,20.76,1,19,-0.7860128617363342,-0.8189279731993304,DOWN
recent100,odd_count,100,3.16,1.5144,0,6,0.09086816720257263,0.09881118881118889,UP
recent100,low_count,100,2.89,1.4979,0,6,-0.053729903536977375,-0.0584265734265732,DOWN
recent100,band_1_count,100,1.3,0.79,0,4,0.004983922829582044,0.005419580419580461,UP
recent100,band_2_count,100,1.38,0.9356,0,4,-0.017106109324758867,-0.018601398601398644,DOWN
recent100,band_3_count,100,1.35,1.0675,0,5,0.06302250803858533,0.06853146853146863,UP
recent100,band_4_count,100,1.39,1.1179,0,5,0.025852090032154162,0.028111888111888028,UP
recent100,band_5_count,100,0.58,0.4436,0,2,-0.07675241157556278,-0.08346153846153848,DOWN
recent100,sum,100,137.72,874.3416,56,220,-0.5581350482315202,-0.6069230769230671,DOWN
recent100,span,100,31.77,66.2971,7,44,-0.9349839228295842,-1.016713286713287,DOWN
recent100,min_gap,100,1.82,0.9676,1,5,0.013729903536977561,0.014930069930070067,UP
recent100,max_gap,100,13.35,23.3675,3,25,-0.7545016077170423,-0.8204545454545453,DOWN
recent100,mean_gap,100,6.354,2.651884,1.4,8.8,-0.18699678456591595,-0.20334265734265689,DOWN
recent100,consecutive_pairs,100,0.64,0.6104,0,4,-0.019967845659163985,-0.02171328671328665,DOWN
recent100,consecutive_runs,100,0.59,0.4219,0,2,-0.010482315112540275,-0.011398601398601382,DOWN
recent100,repeat_end_extra,100,1.13,0.6531,0,3,0.0070096463022506494,0.007622377622377607,UP
recent100,repeat_end_groups,100,1,0.48,0,3,-0.03456591639871376,-0.037587412587412494,DOWN
recent100,max_end_multiplicity,100,1.9,0.35,1,3,0.03022508038585192,0.03286713286713283,UP
recent100,clusters_gap_le2,100,4.74,0.8924,2,6,-0.020450160771703807,-0.022237762237762304,DOWN
recent100,max_cluster_gap_le2_size,100,1.96,0.4784,1,4,-0.029549839228295793,-0.032132867132867116,DOWN
recent100,narrow_three_span_le4,100,0.28,0.2016,0,1,0.032411575562700995,0.03524475524475526,UP
recent100,previous_overlap,100,0.83,0.5411,0,3,0.002968624296057931,0.0032283464566928988,UP
recent100,band_max,100,2.52,0.4496,2,5,0.019196141479099538,0.02087412587412585,UP
recent100,gap_1,100,6.01,22.7499,1,25,-0.3276205787781352,-0.3562587412587419,DOWN
recent100,gap_2,100,6.45,23.1475,1,20,-0.3739549839228298,-0.4066433566433565,DOWN
recent100,gap_3,100,6.45,22.2075,1,19,0.13729903536977517,0.14930069930069934,UP
recent100,gap_4,100,7.24,32.8424,1,24,0.5953054662379422,0.6473426573426577,UP
recent100,gap_5,100,5.62,22.8756,1,24,-0.9660128617363339,-1.0504545454545458,DOWN
