start_round,end_round,structure,n,count,rate,exact_uniform_rate,partial
1,50,consecutive_ge1,50,28,0.56,0.5287474862063631,False
1,50,consecutive_ge2,50,12,0.24,0.12481676009753151,False
1,50,band_ge3,50,22,0.44,0.45291992938050796,False
1,50,band_ge4,50,2,0.04,0.06628066582689385,False
1,50,odd_imbalance,50,8,0.16,0.18680279826054075,False
1,50,low_high_imbalance,50,13,0.26,0.18680279826054075,False
1,50,repeated_end,50,36,0.72,0.790290065389328,False
1,50,end_multiplicity_ge3,50,6,0.12,0.08948245930662266,False
1,50,multiple_repeat_end_groups,50,6,0.12,0.22608550458805707,False
1,50,extreme_sum,50,7,0.14,0.11443770825506504,False
1,50,narrow_three_span_le4,50,10,0.2,0.26513371294993526,False
1,50,large_gap_ge15,50,21,0.42,0.4367856099279809,False
1,50,previous_overlap_ge2,49,10,0.20408163265306123,0.17530810086113546,False
51,100,consecutive_ge1,50,21,0.42,0.5287474862063631,False
51,100,consecutive_ge2,50,4,0.08,0.12481676009753151,False
51,100,band_ge3,50,26,0.52,0.45291992938050796,False
51,100,band_ge4,50,2,0.04,0.06628066582689385,False
51,100,odd_imbalance,50,8,0.16,0.18680279826054075,False
51,100,low_high_imbalance,50,13,0.26,0.18680279826054075,False
51,100,repeated_end,50,40,0.8,0.790290065389328,False
51,100,end_multiplicity_ge3,50,2,0.04,0.08948245930662266,False
51,100,multiple_repeat_end_groups,50,15,0.3,0.22608550458805707,False
51,100,extreme_sum,50,10,0.2,0.11443770825506504,False
51,100,narrow_three_span_le4,50,11,0.22,0.26513371294993526,False
51,100,large_gap_ge15,50,24,0.48,0.4367856099279809,False
51,100,previous_overlap_ge2,50,15,0.3,0.17530810086113546,False
101,150,consecutive_ge1,50,25,0.5,0.5287474862063631,False
101,150,consecutive_ge2,50,9,0.18,0.12481676009753151,False
101,150,band_ge3,50,24,0.48,0.45291992938050796,False
101,150,band_ge4,50,7,0.14,0.06628066582689385,False
101,150,odd_imbalance,50,8,0.16,0.18680279826054075,False
101,150,low_high_imbalance,50,12,0.24,0.18680279826054075,False
101,150,repeated_end,50,35,0.7,0.790290065389328,False
101,150,end_multiplicity_ge3,50,2,0.04,0.08948245930662266,False
101,150,multiple_repeat_end_groups,50,11,0.22,0.22608550458805707,False
101,150,extreme_sum,50,9,0.18,0.11443770825506504,False
101,150,narrow_three_span_le4,50,12,0.24,0.26513371294993526,False
101,150,large_gap_ge15,50,24,0.48,0.4367856099279809,False
101,150,previous_overlap_ge2,50,8,0.16,0.17530810086113546,False
151,200,consecutive_ge1,50,26,0.52,0.5287474862063631,False
151,200,consecutive_ge2,50,9,0.18,0.12481676009753151,False
151,200,band_ge3,50,26,0.52,0.45291992938050796,False
151,200,band_ge4,50,4,0.08,0.06628066582689385,False
151,200,odd_imbalance,50,7,0.14,0.18680279826054075,False
151,200,low_high_imbalance,50,16,0.32,0.18680279826054075,False
151,200,repeated_end,50,37,0.74,0.790290065389328,False
151,200,end_multiplicity_ge3,50,3,0.06,0.08948245930662266,False
151,200,multiple_repeat_end_groups,50,12,0.24,0.22608550458805707,False
151,200,extreme_sum,50,9,0.18,0.11443770825506504,False
151,200,narrow_three_span_le4,50,16,0.32,0.26513371294993526,False
151,200,large_gap_ge15,50,21,0.42,0.4367856099279809,False
151,200,previous_overlap_ge2,50,9,0.18,0.17530810086113546,False
201,250,consecutive_ge1,50,27,0.54,0.5287474862063631,False
201,250,consecutive_ge2,50,8,0.16,0.12481676009753151,False
201,250,band_ge3,50,26,0.52,0.45291992938050796,False
201,250,band_ge4,50,5,0.1,0.06628066582689385,False
201,250,odd_imbalance,50,7,0.14,0.18680279826054075,False
201,250,low_high_imbalance,50,7,0.14,0.18680279826054075,False
201,250,repeated_end,50,37,0.74,0.790290065389328,False
201,250,end_multiplicity_ge3,50,4,0.08,0.08948245930662266,False
201,250,multiple_repeat_end_groups,50,10,0.2,0.22608550458805707,False
201,250,extreme_sum,50,7,0.14,0.11443770825506504,False
201,250,narrow_three_span_le4,50,14,0.28,0.26513371294993526,False
201,250,large_gap_ge15,50,23,0.46,0.4367856099279809,False
201,250,previous_overlap_ge2,50,11,0.22,0.17530810086113546,False
251,300,consecutive_ge1,50,28,0.56,0.5287474862063631,False
251,300,consecutive_ge2,50,5,0.1,0.12481676009753151,False
251,300,band_ge3,50,23,0.46,0.45291992938050796,False
251,300,band_ge4,50,4,0.08,0.06628066582689385,False
251,300,odd_imbalance,50,7,0.14,0.18680279826054075,False
251,300,low_high_imbalance,50,9,0.18,0.18680279826054075,False
251,300,repeated_end,50,39,0.78,0.790290065389328,False
251,300,end_multiplicity_ge3,50,3,0.06,0.08948245930662266,False
251,300,multiple_repeat_end_groups,50,11,0.22,0.22608550458805707,False
251,300,extreme_sum,50,3,0.06,0.11443770825506504,False
251,300,narrow_three_span_le4,50,11,0.22,0.26513371294993526,False
251,300,large_gap_ge15,50,24,0.48,0.4367856099279809,False
251,300,previous_overlap_ge2,50,10,0.2,0.17530810086113546,False
301,350,consecutive_ge1,50,22,0.44,0.5287474862063631,False
301,350,consecutive_ge2,50,5,0.1,0.12481676009753151,False
301,350,band_ge3,50,16,0.32,0.45291992938050796,False
301,350,band_ge4,50,3,0.06,0.06628066582689385,False
301,350,odd_imbalance,50,12,0.24,0.18680279826054075,False
301,350,low_high_imbalance,50,6,0.12,0.18680279826054075,False
301,350,repeated_end,50,40,0.8,0.790290065389328,False
301,350,end_multiplicity_ge3,50,6,0.12,0.08948245930662266,False
301,350,multiple_repeat_end_groups,50,15,0.3,0.22608550458805707,False
301,350,extreme_sum,50,5,0.1,0.11443770825506504,False
301,350,narrow_three_span_le4,50,9,0.18,0.26513371294993526,False
301,350,large_gap_ge15,50,20,0.4,0.4367856099279809,False
301,350,previous_overlap_ge2,50,12,0.24,0.17530810086113546,False
351,400,consecutive_ge1,50,22,0.44,0.5287474862063631,False
351,400,consecutive_ge2,50,2,0.04,0.12481676009753151,False
351,400,band_ge3,50,33,0.66,0.45291992938050796,False
351,400,band_ge4,50,4,0.08,0.06628066582689385,False
351,400,odd_imbalance,50,4,0.08,0.18680279826054075,False
351,400,low_high_imbalance,50,8,0.16,0.18680279826054075,False
351,400,repeated_end,50,41,0.82,0.790290065389328,False
351,400,end_multiplicity_ge3,50,2,0.04,0.08948245930662266,False
351,400,multiple_repeat_end_groups,50,9,0.18,0.22608550458805707,False
351,400,extreme_sum,50,10,0.2,0.11443770825506504,False
351,400,narrow_three_span_le4,50,12,0.24,0.26513371294993526,False
351,400,large_gap_ge15,50,23,0.46,0.4367856099279809,False
351,400,previous_overlap_ge2,50,12,0.24,0.17530810086113546,False
401,450,consecutive_ge1,50,26,0.52,0.5287474862063631,False
401,450,consecutive_ge2,50,7,0.14,0.12481676009753151,False
401,450,band_ge3,50,22,0.44,0.45291992938050796,False
401,450,band_ge4,50,1,0.02,0.06628066582689385,False
401,450,odd_imbalance,50,9,0.18,0.18680279826054075,False
401,450,low_high_imbalance,50,9,0.18,0.18680279826054075,False
401,450,repeated_end,50,39,0.78,0.790290065389328,False
401,450,end_multiplicity_ge3,50,5,0.1,0.08948245930662266,False
401,450,multiple_repeat_end_groups,50,13,0.26,0.22608550458805707,False
401,450,extreme_sum,50,4,0.08,0.11443770825506504,False
401,450,narrow_three_span_le4,50,14,0.28,0.26513371294993526,False
401,450,large_gap_ge15,50,16,0.32,0.4367856099279809,False
401,450,previous_overlap_ge2,50,10,0.2,0.17530810086113546,False
451,500,consecutive_ge1,50,23,0.46,0.5287474862063631,False
451,500,consecutive_ge2,50,4,0.08,0.12481676009753151,False
451,500,band_ge3,50,18,0.36,0.45291992938050796,False
451,500,band_ge4,50,1,0.02,0.06628066582689385,False
451,500,odd_imbalance,50,9,0.18,0.18680279826054075,False
451,500,low_high_imbalance,50,11,0.22,0.18680279826054075,False
451,500,repeated_end,50,41,0.82,0.790290065389328,False
451,500,end_multiplicity_ge3,50,3,0.06,0.08948245930662266,False
451,500,multiple_repeat_end_groups,50,13,0.26,0.22608550458805707,False
451,500,extreme_sum,50,7,0.14,0.11443770825506504,False
451,500,narrow_three_span_le4,50,14,0.28,0.26513371294993526,False
451,500,large_gap_ge15,50,22,0.44,0.4367856099279809,False
451,500,previous_overlap_ge2,50,8,0.16,0.17530810086113546,False
501,550,consecutive_ge1,50,26,0.52,0.5287474862063631,False
501,550,consecutive_ge2,50,7,0.14,0.12481676009753151,False
501,550,band_ge3,50,27,0.54,0.45291992938050796,False
501,550,band_ge4,50,3,0.06,0.06628066582689385,False
501,550,odd_imbalance,50,12,0.24,0.18680279826054075,False
501,550,low_high_imbalance,50,11,0.22,0.18680279826054075,False
501,550,repeated_end,50,38,0.76,0.790290065389328,False
501,550,end_multiplicity_ge3,50,3,0.06,0.08948245930662266,False
501,550,multiple_repeat_end_groups,50,13,0.26,0.22608550458805707,False
501,550,extreme_sum,50,3,0.06,0.11443770825506504,False
501,550,narrow_three_span_le4,50,11,0.22,0.26513371294993526,False
501,550,large_gap_ge15,50,20,0.4,0.4367856099279809,False
501,550,previous_overlap_ge2,50,8,0.16,0.17530810086113546,False
551,600,consecutive_ge1,50,25,0.5,0.5287474862063631,False
551,600,consecutive_ge2,50,8,0.16,0.12481676009753151,False
551,600,band_ge3,50,17,0.34,0.45291992938050796,False
551,600,band_ge4,50,2,0.04,0.06628066582689385,False
551,600,odd_imbalance,50,8,0.16,0.18680279826054075,False
551,600,low_high_imbalance,50,4,0.08,0.18680279826054075,False
551,600,repeated_end,50,44,0.88,0.790290065389328,False
551,600,end_multiplicity_ge3,50,7,0.14,0.08948245930662266,False
551,600,multiple_repeat_end_groups,50,11,0.22,0.22608550458805707,False
551,600,extreme_sum,50,1,0.02,0.11443770825506504,False
551,600,narrow_three_span_le4,50,12,0.24,0.26513371294993526,False
551,600,large_gap_ge15,50,22,0.44,0.4367856099279809,False
551,600,previous_overlap_ge2,50,10,0.2,0.17530810086113546,False
601,650,consecutive_ge1,50,39,0.78,0.5287474862063631,False
601,650,consecutive_ge2,50,9,0.18,0.12481676009753151,False
601,650,band_ge3,50,24,0.48,0.45291992938050796,False
601,650,band_ge4,50,3,0.06,0.06628066582689385,False
601,650,odd_imbalance,50,5,0.1,0.18680279826054075,False
601,650,low_high_imbalance,50,8,0.16,0.18680279826054075,False
601,650,repeated_end,50,35,0.7,0.790290065389328,False
601,650,end_multiplicity_ge3,50,3,0.06,0.08948245930662266,False
601,650,multiple_repeat_end_groups,50,11,0.22,0.22608550458805707,False
601,650,extreme_sum,50,6,0.12,0.11443770825506504,False
601,650,narrow_three_span_le4,50,17,0.34,0.26513371294993526,False
601,650,large_gap_ge15,50,22,0.44,0.4367856099279809,False
601,650,previous_overlap_ge2,50,10,0.2,0.17530810086113546,False
651,700,consecutive_ge1,50,26,0.52,0.5287474862063631,False
651,700,consecutive_ge2,50,7,0.14,0.12481676009753151,False
651,700,band_ge3,50,19,0.38,0.45291992938050796,False
651,700,band_ge4,50,4,0.08,0.06628066582689385,False
651,700,odd_imbalance,50,10,0.2,0.18680279826054075,False
651,700,low_high_imbalance,50,10,0.2,0.18680279826054075,False
651,700,repeated_end,50,40,0.8,0.790290065389328,False
651,700,end_multiplicity_ge3,50,4,0.08,0.08948245930662266,False
651,700,multiple_repeat_end_groups,50,15,0.3,0.22608550458805707,False
651,700,extreme_sum,50,9,0.18,0.11443770825506504,False
651,700,narrow_three_span_le4,50,12,0.24,0.26513371294993526,False
651,700,large_gap_ge15,50,19,0.38,0.4367856099279809,False
651,700,previous_overlap_ge2,50,8,0.16,0.17530810086113546,False
701,750,consecutive_ge1,50,24,0.48,0.5287474862063631,False
701,750,consecutive_ge2,50,5,0.1,0.12481676009753151,False
701,750,band_ge3,50,23,0.46,0.45291992938050796,False
701,750,band_ge4,50,3,0.06,0.06628066582689385,False
701,750,odd_imbalance,50,8,0.16,0.18680279826054075,False
701,750,low_high_imbalance,50,12,0.24,0.18680279826054075,False
701,750,repeated_end,50,39,0.78,0.790290065389328,False
701,750,end_multiplicity_ge3,50,3,0.06,0.08948245930662266,False
701,750,multiple_repeat_end_groups,50,14,0.28,0.22608550458805707,False
701,750,extreme_sum,50,10,0.2,0.11443770825506504,False
701,750,narrow_three_span_le4,50,17,0.34,0.26513371294993526,False
701,750,large_gap_ge15,50,22,0.44,0.4367856099279809,False
701,750,previous_overlap_ge2,50,11,0.22,0.17530810086113546,False
751,800,consecutive_ge1,50,25,0.5,0.5287474862063631,False
751,800,consecutive_ge2,50,4,0.08,0.12481676009753151,False
751,800,band_ge3,50,17,0.34,0.45291992938050796,False
751,800,band_ge4,50,3,0.06,0.06628066582689385,False
751,800,odd_imbalance,50,9,0.18,0.18680279826054075,False
751,800,low_high_imbalance,50,6,0.12,0.18680279826054075,False
751,800,repeated_end,50,46,0.92,0.790290065389328,False
751,800,end_multiplicity_ge3,50,6,0.12,0.08948245930662266,False
751,800,multiple_repeat_end_groups,50,10,0.2,0.22608550458805707,False
751,800,extreme_sum,50,2,0.04,0.11443770825506504,False
751,800,narrow_three_span_le4,50,10,0.2,0.26513371294993526,False
751,800,large_gap_ge15,50,26,0.52,0.4367856099279809,False
751,800,previous_overlap_ge2,50,13,0.26,0.17530810086113546,False
801,850,consecutive_ge1,50,27,0.54,0.5287474862063631,False
801,850,consecutive_ge2,50,7,0.14,0.12481676009753151,False
801,850,band_ge3,50,18,0.36,0.45291992938050796,False
801,850,band_ge4,50,3,0.06,0.06628066582689385,False
801,850,odd_imbalance,50,13,0.26,0.18680279826054075,False
801,850,low_high_imbalance,50,7,0.14,0.18680279826054075,False
801,850,repeated_end,50,39,0.78,0.790290065389328,False
801,850,end_multiplicity_ge3,50,4,0.08,0.08948245930662266,False
801,850,multiple_repeat_end_groups,50,12,0.24,0.22608550458805707,False
801,850,extreme_sum,50,7,0.14,0.11443770825506504,False
801,850,narrow_three_span_le4,50,11,0.22,0.26513371294993526,False
801,850,large_gap_ge15,50,23,0.46,0.4367856099279809,False
801,850,previous_overlap_ge2,50,6,0.12,0.17530810086113546,False
851,900,consecutive_ge1,50,25,0.5,0.5287474862063631,False
851,900,consecutive_ge2,50,4,0.08,0.12481676009753151,False
851,900,band_ge3,50,20,0.4,0.45291992938050796,False
851,900,band_ge4,50,0,0.0,0.06628066582689385,False
851,900,odd_imbalance,50,13,0.26,0.18680279826054075,False
851,900,low_high_imbalance,50,10,0.2,0.18680279826054075,False
851,900,repeated_end,50,36,0.72,0.790290065389328,False
851,900,end_multiplicity_ge3,50,4,0.08,0.08948245930662266,False
851,900,multiple_repeat_end_groups,50,15,0.3,0.22608550458805707,False
851,900,extreme_sum,50,10,0.2,0.11443770825506504,False
851,900,narrow_three_span_le4,50,13,0.26,0.26513371294993526,False
851,900,large_gap_ge15,50,19,0.38,0.4367856099279809,False
851,900,previous_overlap_ge2,50,7,0.14,0.17530810086113546,False
901,950,consecutive_ge1,50,29,0.58,0.5287474862063631,False
901,950,consecutive_ge2,50,7,0.14,0.12481676009753151,False
901,950,band_ge3,50,21,0.42,0.45291992938050796,False
901,950,band_ge4,50,1,0.02,0.06628066582689385,False
901,950,odd_imbalance,50,10,0.2,0.18680279826054075,False
901,950,low_high_imbalance,50,9,0.18,0.18680279826054075,False
901,950,repeated_end,50,41,0.82,0.790290065389328,False
901,950,end_multiplicity_ge3,50,5,0.1,0.08948245930662266,False
901,950,multiple_repeat_end_groups,50,14,0.28,0.22608550458805707,False
901,950,extreme_sum,50,4,0.08,0.11443770825506504,False
901,950,narrow_three_span_le4,50,11,0.22,0.26513371294993526,False
901,950,large_gap_ge15,50,23,0.46,0.4367856099279809,False
901,950,previous_overlap_ge2,50,5,0.1,0.17530810086113546,False
951,1000,consecutive_ge1,50,25,0.5,0.5287474862063631,False
951,1000,consecutive_ge2,50,5,0.1,0.12481676009753151,False
951,1000,band_ge3,50,19,0.38,0.45291992938050796,False
951,1000,band_ge4,50,1,0.02,0.06628066582689385,False
951,1000,odd_imbalance,50,11,0.22,0.18680279826054075,False
951,1000,low_high_imbalance,50,8,0.16,0.18680279826054075,False
951,1000,repeated_end,50,40,0.8,0.790290065389328,False
951,1000,end_multiplicity_ge3,50,6,0.12,0.08948245930662266,False
951,1000,multiple_repeat_end_groups,50,17,0.34,0.22608550458805707,False
951,1000,extreme_sum,50,5,0.1,0.11443770825506504,False
951,1000,narrow_three_span_le4,50,12,0.24,0.26513371294993526,False
951,1000,large_gap_ge15,50,22,0.44,0.4367856099279809,False
951,1000,previous_overlap_ge2,50,6,0.12,0.17530810086113546,False
1001,1050,consecutive_ge1,50,20,0.4,0.5287474862063631,False
1001,1050,consecutive_ge2,50,6,0.12,0.12481676009753151,False
1001,1050,band_ge3,50,22,0.44,0.45291992938050796,False
1001,1050,band_ge4,50,3,0.06,0.06628066582689385,False
1001,1050,odd_imbalance,50,9,0.18,0.18680279826054075,False
1001,1050,low_high_imbalance,50,14,0.28,0.18680279826054075,False
1001,1050,repeated_end,50,42,0.84,0.790290065389328,False
1001,1050,end_multiplicity_ge3,50,6,0.12,0.08948245930662266,False
1001,1050,multiple_repeat_end_groups,50,11,0.22,0.22608550458805707,False
1001,1050,extreme_sum,50,8,0.16,0.11443770825506504,False
1001,1050,narrow_three_span_le4,50,10,0.2,0.26513371294993526,False
1001,1050,large_gap_ge15,50,25,0.5,0.4367856099279809,False
1001,1050,previous_overlap_ge2,50,9,0.18,0.17530810086113546,False
1051,1100,consecutive_ge1,50,27,0.54,0.5287474862063631,False
1051,1100,consecutive_ge2,50,5,0.1,0.12481676009753151,False
1051,1100,band_ge3,50,17,0.34,0.45291992938050796,False
1051,1100,band_ge4,50,3,0.06,0.06628066582689385,False
1051,1100,odd_imbalance,50,5,0.1,0.18680279826054075,False
1051,1100,low_high_imbalance,50,13,0.26,0.18680279826054075,False
1051,1100,repeated_end,50,37,0.74,0.790290065389328,False
1051,1100,end_multiplicity_ge3,50,3,0.06,0.08948245930662266,False
1051,1100,multiple_repeat_end_groups,50,15,0.3,0.22608550458805707,False
1051,1100,extreme_sum,50,3,0.06,0.11443770825506504,False
1051,1100,narrow_three_span_le4,50,11,0.22,0.26513371294993526,False
1051,1100,large_gap_ge15,50,14,0.28,0.4367856099279809,False
1051,1100,previous_overlap_ge2,50,13,0.26,0.17530810086113546,False
1101,1150,consecutive_ge1,50,30,0.6,0.5287474862063631,False
1101,1150,consecutive_ge2,50,6,0.12,0.12481676009753151,False
1101,1150,band_ge3,50,23,0.46,0.45291992938050796,False
1101,1150,band_ge4,50,4,0.08,0.06628066582689385,False
1101,1150,odd_imbalance,50,6,0.12,0.18680279826054075,False
1101,1150,low_high_imbalance,50,8,0.16,0.18680279826054075,False
1101,1150,repeated_end,50,37,0.74,0.790290065389328,False
1101,1150,end_multiplicity_ge3,50,3,0.06,0.08948245930662266,False
1101,1150,multiple_repeat_end_groups,50,10,0.2,0.22608550458805707,False
1101,1150,extreme_sum,50,4,0.08,0.11443770825506504,False
1101,1150,narrow_three_span_le4,50,12,0.24,0.26513371294993526,False
1101,1150,large_gap_ge15,50,20,0.4,0.4367856099279809,False
1101,1150,previous_overlap_ge2,50,8,0.16,0.17530810086113546,False
1151,1200,consecutive_ge1,50,27,0.54,0.5287474862063631,False
1151,1200,consecutive_ge2,50,7,0.14,0.12481676009753151,False
1151,1200,band_ge3,50,24,0.48,0.45291992938050796,False
1151,1200,band_ge4,50,5,0.1,0.06628066582689385,False
1151,1200,odd_imbalance,50,12,0.24,0.18680279826054075,False
1151,1200,low_high_imbalance,50,12,0.24,0.18680279826054075,False
1151,1200,repeated_end,50,35,0.7,0.790290065389328,False
1151,1200,end_multiplicity_ge3,50,6,0.12,0.08948245930662266,False
1151,1200,multiple_repeat_end_groups,50,8,0.16,0.22608550458805707,False
1151,1200,extreme_sum,50,9,0.18,0.11443770825506504,False
1151,1200,narrow_three_span_le4,50,19,0.38,0.26513371294993526,False
1151,1200,large_gap_ge15,50,17,0.34,0.4367856099279809,False
1151,1200,previous_overlap_ge2,50,6,0.12,0.17530810086113546,False
1201,1244,consecutive_ge1,44,20,0.45454545454545453,0.5287474862063631,True
1201,1244,consecutive_ge2,44,3,0.06818181818181818,0.12481676009753151,True
1201,1244,band_ge3,44,16,0.36363636363636365,0.45291992938050796,True
1201,1244,band_ge4,44,1,0.022727272727272728,0.06628066582689385,True
1201,1244,odd_imbalance,44,8,0.18181818181818182,0.18680279826054075,True
1201,1244,low_high_imbalance,44,4,0.09090909090909091,0.18680279826054075,True
1201,1244,repeated_end,44,38,0.8636363636363636,0.790290065389328,True
1201,1244,end_multiplicity_ge3,44,6,0.13636363636363635,0.08948245930662266,True
1201,1244,multiple_repeat_end_groups,44,12,0.2727272727272727,0.22608550458805707,True
1201,1244,extreme_sum,44,3,0.06818181818181818,0.11443770825506504,True
1201,1244,narrow_three_span_le4,44,7,0.1590909090909091,0.26513371294993526,True
1201,1244,large_gap_ge15,44,15,0.3409090909090909,0.4367856099279809,True
1201,1244,previous_overlap_ge2,44,12,0.2727272727272727,0.17530810086113546,True
