window,feature,value,count,n,rate
overall,odd_count,0,17,1244,0.013665594855305467
overall,odd_count,1,83,1244,0.06672025723472669
overall,odd_count,2,282,1244,0.2266881028938907
overall,odd_count,3,414,1244,0.3327974276527331
overall,odd_count,4,330,1244,0.2652733118971061
overall,odd_count,5,99,1244,0.07958199356913183
overall,odd_count,6,19,1244,0.01527331189710611
overall,low_count,0,17,1244,0.013665594855305467
overall,low_count,1,113,1244,0.09083601286173633
overall,low_count,2,311,1244,0.25
overall,low_count,3,411,1244,0.33038585209003213
overall,low_count,4,282,1244,0.2266881028938907
overall,low_count,5,94,1244,0.07556270096463022
overall,low_count,6,16,1244,0.012861736334405145
overall,band_1_count,0,270,1244,0.2170418006430868
overall,band_1_count,1,470,1244,0.3778135048231511
overall,band_1_count,2,386,1244,0.3102893890675241
overall,band_1_count,3,105,1244,0.08440514469453377
overall,band_1_count,4,11,1244,0.008842443729903537
overall,band_1_count,5,2,1244,0.001607717041800643
overall,band_2_count,0,210,1244,0.16881028938906753
overall,band_2_count,1,505,1244,0.4059485530546624
overall,band_2_count,2,377,1244,0.30305466237942125
overall,band_2_count,3,131,1244,0.10530546623794212
overall,band_2_count,4,19,1244,0.01527331189710611
overall,band_2_count,5,2,1244,0.001607717041800643
overall,band_3_count,0,263,1244,0.21141479099678456
overall,band_3_count,1,495,1244,0.3979099678456592
overall,band_3_count,2,370,1244,0.297427652733119
overall,band_3_count,3,99,1244,0.07958199356913183
overall,band_3_count,4,16,1244,0.012861736334405145
overall,band_3_count,5,1,1244,0.0008038585209003215
overall,band_4_count,0,251,1244,0.20176848874598072
overall,band_4_count,1,470,1244,0.3778135048231511
overall,band_4_count,2,366,1244,0.2942122186495177
overall,band_4_count,3,136,1244,0.10932475884244373
overall,band_4_count,4,18,1244,0.014469453376205787
overall,band_4_count,5,3,1244,0.002411575562700965
overall,band_5_count,0,597,1244,0.47990353697749194
overall,band_5_count,1,493,1244,0.3963022508038585
overall,band_5_count,2,138,1244,0.11093247588424437
overall,band_5_count,3,16,1244,0.012861736334405145
overall,sum,48,1,1244,0.0008038585209003215
overall,sum,50,1,1244,0.0008038585209003215
overall,sum,56,2,1244,0.001607717041800643
overall,sum,58,1,1244,0.0008038585209003215
overall,sum,63,1,1244,0.0008038585209003215
overall,sum,64,1,1244,0.0008038585209003215
overall,sum,66,1,1244,0.0008038585209003215
overall,sum,67,2,1244,0.001607717041800643
overall,sum,68,2,1244,0.001607717041800643
overall,sum,69,1,1244,0.0008038585209003215
overall,sum,70,1,1244,0.0008038585209003215
overall,sum,71,1,1244,0.0008038585209003215
overall,sum,72,1,1244,0.0008038585209003215
overall,sum,73,4,1244,0.003215434083601286
overall,sum,75,6,1244,0.00482315112540193
overall,sum,76,2,1244,0.001607717041800643
overall,sum,77,1,1244,0.0008038585209003215
overall,sum,78,2,1244,0.001607717041800643
overall,sum,79,6,1244,0.00482315112540193
overall,sum,81,1,1244,0.0008038585209003215
overall,sum,82,1,1244,0.0008038585209003215
overall,sum,83,5,1244,0.0040192926045016075
overall,sum,84,3,1244,0.002411575562700965
overall,sum,85,4,1244,0.003215434083601286
overall,sum,86,3,1244,0.002411575562700965
overall,sum,87,5,1244,0.0040192926045016075
overall,sum,88,4,1244,0.003215434083601286
overall,sum,89,9,1244,0.007234726688102894
overall,sum,90,6,1244,0.00482315112540193
overall,sum,91,8,1244,0.006430868167202572
overall,sum,92,1,1244,0.0008038585209003215
overall,sum,93,7,1244,0.005627009646302251
overall,sum,94,3,1244,0.002411575562700965
overall,sum,95,7,1244,0.005627009646302251
overall,sum,96,9,1244,0.007234726688102894
overall,sum,97,3,1244,0.002411575562700965
overall,sum,98,12,1244,0.00964630225080386
overall,sum,99,10,1244,0.008038585209003215
overall,sum,100,8,1244,0.006430868167202572
overall,sum,101,6,1244,0.00482315112540193
overall,sum,102,9,1244,0.007234726688102894
overall,sum,103,4,1244,0.003215434083601286
overall,sum,104,10,1244,0.008038585209003215
overall,sum,105,12,1244,0.00964630225080386
overall,sum,106,2,1244,0.001607717041800643
overall,sum,107,4,1244,0.003215434083601286
overall,sum,108,9,1244,0.007234726688102894
overall,sum,109,16,1244,0.012861736334405145
overall,sum,110,10,1244,0.008038585209003215
overall,sum,111,11,1244,0.008842443729903537
overall,sum,112,8,1244,0.006430868167202572
overall,sum,113,11,1244,0.008842443729903537
overall,sum,114,16,1244,0.012861736334405145
overall,sum,115,14,1244,0.011254019292604502
overall,sum,116,21,1244,0.016881028938906754
overall,sum,117,11,1244,0.008842443729903537
overall,sum,118,13,1244,0.01045016077170418
overall,sum,119,7,1244,0.005627009646302251
overall,sum,120,10,1244,0.008038585209003215
overall,sum,121,13,1244,0.01045016077170418
overall,sum,122,15,1244,0.012057877813504822
overall,sum,123,11,1244,0.008842443729903537
overall,sum,124,17,1244,0.013665594855305467
overall,sum,125,15,1244,0.012057877813504822
overall,sum,126,13,1244,0.01045016077170418
overall,sum,127,18,1244,0.014469453376205787
overall,sum,128,24,1244,0.01929260450160772
overall,sum,129,7,1244,0.005627009646302251
overall,sum,130,21,1244,0.016881028938906754
overall,sum,131,19,1244,0.01527331189710611
overall,sum,132,18,1244,0.014469453376205787
overall,sum,133,17,1244,0.013665594855305467
overall,sum,134,20,1244,0.01607717041800643
overall,sum,135,14,1244,0.011254019292604502
overall,sum,136,17,1244,0.013665594855305467
overall,sum,137,11,1244,0.008842443729903537
overall,sum,138,17,1244,0.013665594855305467
overall,sum,139,15,1244,0.012057877813504822
overall,sum,140,15,1244,0.012057877813504822
overall,sum,141,12,1244,0.00964630225080386
overall,sum,142,18,1244,0.014469453376205787
overall,sum,143,12,1244,0.00964630225080386
overall,sum,144,25,1244,0.02009646302250804
overall,sum,145,13,1244,0.01045016077170418
overall,sum,146,11,1244,0.008842443729903537
overall,sum,147,15,1244,0.012057877813504822
overall,sum,148,19,1244,0.01527331189710611
overall,sum,149,9,1244,0.007234726688102894
overall,sum,150,13,1244,0.01045016077170418
overall,sum,151,11,1244,0.008842443729903537
overall,sum,152,17,1244,0.013665594855305467
overall,sum,153,8,1244,0.006430868167202572
overall,sum,154,14,1244,0.011254019292604502
overall,sum,155,14,1244,0.011254019292604502
overall,sum,156,10,1244,0.008038585209003215
overall,sum,157,14,1244,0.011254019292604502
overall,sum,158,10,1244,0.008038585209003215
overall,sum,159,8,1244,0.006430868167202572
overall,sum,160,14,1244,0.011254019292604502
overall,sum,161,7,1244,0.005627009646302251
overall,sum,162,11,1244,0.008842443729903537
overall,sum,163,14,1244,0.011254019292604502
overall,sum,164,18,1244,0.014469453376205787
overall,sum,165,18,1244,0.014469453376205787
overall,sum,166,11,1244,0.008842443729903537
overall,sum,167,10,1244,0.008038585209003215
overall,sum,168,6,1244,0.00482315112540193
overall,sum,169,15,1244,0.012057877813504822
overall,sum,170,8,1244,0.006430868167202572
overall,sum,171,6,1244,0.00482315112540193
overall,sum,172,12,1244,0.00964630225080386
overall,sum,173,7,1244,0.005627009646302251
overall,sum,174,9,1244,0.007234726688102894
overall,sum,175,17,1244,0.013665594855305467
overall,sum,176,11,1244,0.008842443729903537
overall,sum,177,8,1244,0.006430868167202572
overall,sum,178,7,1244,0.005627009646302251
overall,sum,179,5,1244,0.0040192926045016075
overall,sum,180,4,1244,0.003215434083601286
overall,sum,181,4,1244,0.003215434083601286
overall,sum,182,8,1244,0.006430868167202572
overall,sum,183,7,1244,0.005627009646302251
overall,sum,184,6,1244,0.00482315112540193
overall,sum,185,4,1244,0.003215434083601286
overall,sum,186,3,1244,0.002411575562700965
overall,sum,187,4,1244,0.003215434083601286
overall,sum,188,5,1244,0.0040192926045016075
overall,sum,189,5,1244,0.0040192926045016075
overall,sum,190,4,1244,0.003215434083601286
overall,sum,191,3,1244,0.002411575562700965
overall,sum,192,5,1244,0.0040192926045016075
overall,sum,193,5,1244,0.0040192926045016075
overall,sum,194,4,1244,0.003215434083601286
overall,sum,195,1,1244,0.0008038585209003215
overall,sum,196,5,1244,0.0040192926045016075
overall,sum,197,3,1244,0.002411575562700965
overall,sum,198,2,1244,0.001607717041800643
overall,sum,199,2,1244,0.001607717041800643
overall,sum,200,1,1244,0.0008038585209003215
overall,sum,201,4,1244,0.003215434083601286
overall,sum,202,2,1244,0.001607717041800643
overall,sum,203,3,1244,0.002411575562700965
overall,sum,205,1,1244,0.0008038585209003215
overall,sum,207,2,1244,0.001607717041800643
overall,sum,208,1,1244,0.0008038585209003215
overall,sum,209,2,1244,0.001607717041800643
overall,sum,210,1,1244,0.0008038585209003215
overall,sum,211,1,1244,0.0008038585209003215
overall,sum,212,1,1244,0.0008038585209003215
overall,sum,213,1,1244,0.0008038585209003215
overall,sum,217,1,1244,0.0008038585209003215
overall,sum,219,1,1244,0.0008038585209003215
overall,sum,220,1,1244,0.0008038585209003215
overall,sum,223,1,1244,0.0008038585209003215
overall,sum,229,1,1244,0.0008038585209003215
overall,sum,238,1,1244,0.0008038585209003215
overall,span,7,1,1244,0.0008038585209003215
overall,span,9,1,1244,0.0008038585209003215
overall,span,10,1,1244,0.0008038585209003215
overall,span,12,1,1244,0.0008038585209003215
overall,span,13,4,1244,0.003215434083601286
overall,span,14,4,1244,0.003215434083601286
overall,span,15,11,1244,0.008842443729903537
overall,span,16,8,1244,0.006430868167202572
overall,span,17,9,1244,0.007234726688102894
overall,span,18,8,1244,0.006430868167202572
overall,span,19,9,1244,0.007234726688102894
overall,span,20,14,1244,0.011254019292604502
overall,span,21,17,1244,0.013665594855305467
overall,span,22,20,1244,0.01607717041800643
overall,span,23,28,1244,0.022508038585209004
overall,span,24,23,1244,0.018488745980707395
overall,span,25,32,1244,0.02572347266881029
overall,span,26,34,1244,0.027331189710610933
overall,span,27,44,1244,0.03536977491961415
overall,span,28,55,1244,0.04421221864951769
overall,span,29,50,1244,0.04019292604501608
overall,span,30,53,1244,0.04260450160771704
overall,span,31,64,1244,0.05144694533762058
overall,span,32,64,1244,0.05144694533762058
overall,span,33,65,1244,0.0522508038585209
overall,span,34,72,1244,0.05787781350482315
overall,span,35,55,1244,0.04421221864951769
overall,span,36,67,1244,0.053858520900321546
overall,span,37,81,1244,0.06511254019292605
overall,span,38,67,1244,0.053858520900321546
overall,span,39,59,1244,0.04742765273311897
overall,span,40,65,1244,0.0522508038585209
overall,span,41,60,1244,0.04823151125401929
overall,span,42,47,1244,0.03778135048231511
overall,span,43,31,1244,0.02491961414790997
overall,span,44,20,1244,0.01607717041800643
overall,min_gap,1,643,1244,0.5168810289389068
overall,min_gap,2,331,1244,0.26607717041800644
overall,min_gap,3,179,1244,0.14389067524115756
overall,min_gap,4,56,1244,0.04501607717041801
overall,min_gap,5,30,1244,0.024115755627009645
overall,min_gap,6,4,1244,0.003215434083601286
overall,min_gap,7,1,1244,0.0008038585209003215
overall,max_gap,3,3,1244,0.002411575562700965
overall,max_gap,4,4,1244,0.003215434083601286
overall,max_gap,5,10,1244,0.008038585209003215
overall,max_gap,6,22,1244,0.017684887459807074
overall,max_gap,7,28,1244,0.022508038585209004
overall,max_gap,8,59,1244,0.04742765273311897
overall,max_gap,9,67,1244,0.053858520900321546
overall,max_gap,10,86,1244,0.06913183279742766
overall,max_gap,11,106,1244,0.08520900321543408
overall,max_gap,12,119,1244,0.09565916398713827
overall,max_gap,13,127,1244,0.10209003215434084
overall,max_gap,14,86,1244,0.06913183279742766
overall,max_gap,15,104,1244,0.08360128617363344
overall,max_gap,16,83,1244,0.06672025723472669
overall,max_gap,17,68,1244,0.05466237942122187
overall,max_gap,18,51,1244,0.0409967845659164
overall,max_gap,19,54,1244,0.04340836012861737
overall,max_gap,20,46,1244,0.03697749196141479
overall,max_gap,21,32,1244,0.02572347266881029
overall,max_gap,22,22,1244,0.017684887459807074
overall,max_gap,23,14,1244,0.011254019292604502
overall,max_gap,24,17,1244,0.013665594855305467
overall,max_gap,25,13,1244,0.01045016077170418
overall,max_gap,26,7,1244,0.005627009646302251
overall,max_gap,27,6,1244,0.00482315112540193
overall,max_gap,28,3,1244,0.002411575562700965
overall,max_gap,29,3,1244,0.002411575562700965
overall,max_gap,30,2,1244,0.001607717041800643
overall,max_gap,32,1,1244,0.0008038585209003215
overall,max_gap,33,1,1244,0.0008038585209003215
overall,mean_gap,1.4,1,1244,0.0008038585209003215
overall,mean_gap,1.8,1,1244,0.0008038585209003215
overall,mean_gap,2,1,1244,0.0008038585209003215
overall,mean_gap,2.4,1,1244,0.0008038585209003215
overall,mean_gap,2.6,4,1244,0.003215434083601286
overall,mean_gap,2.8,4,1244,0.003215434083601286
overall,mean_gap,3,11,1244,0.008842443729903537
overall,mean_gap,3.2,8,1244,0.006430868167202572
overall,mean_gap,3.4,9,1244,0.007234726688102894
overall,mean_gap,3.6,8,1244,0.006430868167202572
overall,mean_gap,3.8,9,1244,0.007234726688102894
overall,mean_gap,4,14,1244,0.011254019292604502
overall,mean_gap,4.2,17,1244,0.013665594855305467
overall,mean_gap,4.4,20,1244,0.01607717041800643
overall,mean_gap,4.6,28,1244,0.022508038585209004
overall,mean_gap,4.8,23,1244,0.018488745980707395
overall,mean_gap,5,32,1244,0.02572347266881029
overall,mean_gap,5.2,34,1244,0.027331189710610933
overall,mean_gap,5.4,44,1244,0.03536977491961415
overall,mean_gap,5.6,55,1244,0.04421221864951769
overall,mean_gap,5.8,50,1244,0.04019292604501608
overall,mean_gap,6,53,1244,0.04260450160771704
overall,mean_gap,6.2,64,1244,0.05144694533762058
overall,mean_gap,6.4,64,1244,0.05144694533762058
overall,mean_gap,6.6,65,1244,0.0522508038585209
overall,mean_gap,6.8,72,1244,0.05787781350482315
overall,mean_gap,7,55,1244,0.04421221864951769
overall,mean_gap,7.2,67,1244,0.053858520900321546
overall,mean_gap,7.4,81,1244,0.06511254019292605
overall,mean_gap,7.6,67,1244,0.053858520900321546
overall,mean_gap,7.8,59,1244,0.04742765273311897
overall,mean_gap,8,65,1244,0.0522508038585209
overall,mean_gap,8.2,60,1244,0.04823151125401929
overall,mean_gap,8.4,47,1244,0.03778135048231511
overall,mean_gap,8.6,31,1244,0.02491961414790997
overall,mean_gap,8.8,20,1244,0.01607717041800643
overall,consecutive_pairs,0,601,1244,0.48311897106109325
overall,consecutive_pairs,1,488,1244,0.39228295819935693
overall,consecutive_pairs,2,134,1244,0.10771704180064309
overall,consecutive_pairs,3,19,1244,0.01527331189710611
overall,consecutive_pairs,4,2,1244,0.001607717041800643
overall,consecutive_runs,0,601,1244,0.48311897106109325
overall,consecutive_runs,1,545,1244,0.43810289389067525
overall,consecutive_runs,2,92,1244,0.07395498392282958
overall,consecutive_runs,3,6,1244,0.00482315112540193
overall,repeat_end_extra,0,272,1244,0.21864951768488747
overall,repeat_end_extra,1,596,1244,0.4790996784565916
overall,repeat_end_extra,2,327,1244,0.2628617363344051
overall,repeat_end_extra,3,49,1244,0.03938906752411576
overall,repeat_end_groups,0,272,1244,0.21864951768488747
overall,repeat_end_groups,1,669,1244,0.5377813504823151
overall,repeat_end_groups,2,291,1244,0.23392282958199356
overall,repeat_end_groups,3,12,1244,0.00964630225080386
overall,max_end_multiplicity,1,272,1244,0.21864951768488747
overall,max_end_multiplicity,2,867,1244,0.6969453376205788
overall,max_end_multiplicity,3,100,1244,0.08038585209003216
overall,max_end_multiplicity,4,5,1244,0.0040192926045016075
overall,clusters_gap_le2,2,8,1244,0.006430868167202572
overall,clusters_gap_le2,3,83,1244,0.06672025723472669
overall,clusters_gap_le2,4,378,1244,0.30385852090032156
overall,clusters_gap_le2,5,505,1244,0.4059485530546624
overall,clusters_gap_le2,6,270,1244,0.2170418006430868
overall,max_cluster_gap_le2_size,1,270,1244,0.2170418006430868
overall,max_cluster_gap_le2_size,2,752,1244,0.6045016077170418
overall,max_cluster_gap_le2_size,3,189,1244,0.15192926045016078
overall,max_cluster_gap_le2_size,4,31,1244,0.02491961414790997
overall,max_cluster_gap_le2_size,5,2,1244,0.001607717041800643
overall,narrow_three_span_le4,0,936,1244,0.752411575562701
overall,narrow_three_span_le4,1,308,1244,0.24758842443729903
overall,previous_overlap,0,480,1243,0.38616251005631536
overall,previous_overlap,1,526,1243,0.4231697506033789
overall,previous_overlap,2,211,1243,0.16975060337892195
overall,previous_overlap,3,24,1243,0.019308125502815767
overall,previous_overlap,4,2,1243,0.0016090104585679806
overall,band_max,2,701,1244,0.5635048231511254
overall,band_max,3,471,1244,0.37861736334405144
overall,band_max,4,64,1244,0.05144694533762058
overall,band_max,5,8,1244,0.006430868167202572
overall,gap_1,1,183,1244,0.14710610932475884
overall,gap_1,2,139,1244,0.11173633440514469
overall,gap_1,3,110,1244,0.08842443729903537
overall,gap_1,4,127,1244,0.10209003215434084
overall,gap_1,5,107,1244,0.0860128617363344
overall,gap_1,6,96,1244,0.07717041800643087
overall,gap_1,7,74,1244,0.0594855305466238
overall,gap_1,8,68,1244,0.05466237942122187
overall,gap_1,9,67,1244,0.053858520900321546
overall,gap_1,10,45,1244,0.03617363344051447
overall,gap_1,11,48,1244,0.03858520900321544
overall,gap_1,12,38,1244,0.03054662379421222
overall,gap_1,13,26,1244,0.02090032154340836
overall,gap_1,14,21,1244,0.016881028938906754
overall,gap_1,15,20,1244,0.01607717041800643
overall,gap_1,16,17,1244,0.013665594855305467
overall,gap_1,17,14,1244,0.011254019292604502
overall,gap_1,18,8,1244,0.006430868167202572
overall,gap_1,19,5,1244,0.0040192926045016075
overall,gap_1,20,12,1244,0.00964630225080386
overall,gap_1,21,3,1244,0.002411575562700965
overall,gap_1,22,4,1244,0.003215434083601286
overall,gap_1,23,2,1244,0.001607717041800643
overall,gap_1,24,3,1244,0.002411575562700965
overall,gap_1,25,3,1244,0.002411575562700965
overall,gap_1,26,1,1244,0.0008038585209003215
overall,gap_1,27,2,1244,0.001607717041800643
overall,gap_1,30,1,1244,0.0008038585209003215
overall,gap_2,1,139,1244,0.11173633440514469
overall,gap_2,2,130,1244,0.1045016077170418
overall,gap_2,3,138,1244,0.11093247588424437
overall,gap_2,4,109,1244,0.08762057877813505
overall,gap_2,5,112,1244,0.09003215434083602
overall,gap_2,6,92,1244,0.07395498392282958
overall,gap_2,7,84,1244,0.06752411575562701
overall,gap_2,8,75,1244,0.06028938906752412
overall,gap_2,9,61,1244,0.04903536977491962
overall,gap_2,10,50,1244,0.04019292604501608
overall,gap_2,11,30,1244,0.024115755627009645
overall,gap_2,12,45,1244,0.03617363344051447
overall,gap_2,13,38,1244,0.03054662379421222
overall,gap_2,14,25,1244,0.02009646302250804
overall,gap_2,15,23,1244,0.018488745980707395
overall,gap_2,16,14,1244,0.011254019292604502
overall,gap_2,17,20,1244,0.01607717041800643
overall,gap_2,18,9,1244,0.007234726688102894
overall,gap_2,19,13,1244,0.01045016077170418
overall,gap_2,20,9,1244,0.007234726688102894
overall,gap_2,21,10,1244,0.008038585209003215
overall,gap_2,22,1,1244,0.0008038585209003215
overall,gap_2,23,2,1244,0.001607717041800643
overall,gap_2,24,2,1244,0.001607717041800643
overall,gap_2,25,5,1244,0.0040192926045016075
overall,gap_2,26,3,1244,0.002411575562700965
overall,gap_2,27,1,1244,0.0008038585209003215
overall,gap_2,29,2,1244,0.001607717041800643
overall,gap_2,32,1,1244,0.0008038585209003215
overall,gap_2,33,1,1244,0.0008038585209003215
overall,gap_3,1,166,1244,0.13344051446945338
overall,gap_3,2,170,1244,0.13665594855305466
overall,gap_3,3,143,1244,0.11495176848874598
overall,gap_3,4,100,1244,0.08038585209003216
overall,gap_3,5,79,1244,0.0635048231511254
overall,gap_3,6,96,1244,0.07717041800643087
overall,gap_3,7,77,1244,0.06189710610932476
overall,gap_3,8,70,1244,0.05627009646302251
overall,gap_3,9,59,1244,0.04742765273311897
overall,gap_3,10,48,1244,0.03858520900321544
overall,gap_3,11,41,1244,0.03295819935691318
overall,gap_3,12,41,1244,0.03295819935691318
overall,gap_3,13,35,1244,0.028135048231511254
overall,gap_3,14,22,1244,0.017684887459807074
overall,gap_3,15,22,1244,0.017684887459807074
overall,gap_3,16,15,1244,0.012057877813504822
overall,gap_3,17,13,1244,0.01045016077170418
overall,gap_3,18,13,1244,0.01045016077170418
overall,gap_3,19,16,1244,0.012861736334405145
overall,gap_3,20,3,1244,0.002411575562700965
overall,gap_3,21,6,1244,0.00482315112540193
overall,gap_3,22,1,1244,0.0008038585209003215
overall,gap_3,23,2,1244,0.001607717041800643
overall,gap_3,24,3,1244,0.002411575562700965
overall,gap_3,25,2,1244,0.001607717041800643
overall,gap_3,26,1,1244,0.0008038585209003215
overall,gap_4,1,158,1244,0.1270096463022508
overall,gap_4,2,152,1244,0.12218649517684887
overall,gap_4,3,138,1244,0.11093247588424437
overall,gap_4,4,102,1244,0.0819935691318328
overall,gap_4,5,90,1244,0.07234726688102894
overall,gap_4,6,86,1244,0.06913183279742766
overall,gap_4,7,70,1244,0.05627009646302251
overall,gap_4,8,81,1244,0.06511254019292605
overall,gap_4,9,60,1244,0.04823151125401929
overall,gap_4,10,49,1244,0.03938906752411576
overall,gap_4,11,50,1244,0.04019292604501608
overall,gap_4,12,33,1244,0.02652733118971061
overall,gap_4,13,45,1244,0.03617363344051447
overall,gap_4,14,20,1244,0.01607717041800643
overall,gap_4,15,23,1244,0.018488745980707395
overall,gap_4,16,18,1244,0.014469453376205787
overall,gap_4,17,14,1244,0.011254019292604502
overall,gap_4,18,8,1244,0.006430868167202572
overall,gap_4,19,12,1244,0.00964630225080386
overall,gap_4,20,6,1244,0.00482315112540193
overall,gap_4,21,7,1244,0.005627009646302251
overall,gap_4,22,8,1244,0.006430868167202572
overall,gap_4,23,3,1244,0.002411575562700965
overall,gap_4,24,5,1244,0.0040192926045016075
overall,gap_4,25,2,1244,0.001607717041800643
overall,gap_4,26,1,1244,0.0008038585209003215
overall,gap_4,28,2,1244,0.001607717041800643
overall,gap_4,30,1,1244,0.0008038585209003215
overall,gap_5,1,175,1244,0.14067524115755628
overall,gap_5,2,130,1244,0.1045016077170418
overall,gap_5,3,135,1244,0.1085209003215434
overall,gap_5,4,135,1244,0.1085209003215434
overall,gap_5,5,107,1244,0.0860128617363344
overall,gap_5,6,80,1244,0.06430868167202572
overall,gap_5,7,60,1244,0.04823151125401929
overall,gap_5,8,75,1244,0.06028938906752412
overall,gap_5,9,58,1244,0.04662379421221865
overall,gap_5,10,39,1244,0.03135048231511254
overall,gap_5,11,39,1244,0.03135048231511254
overall,gap_5,12,33,1244,0.02652733118971061
overall,gap_5,13,30,1244,0.024115755627009645
overall,gap_5,14,17,1244,0.013665594855305467
overall,gap_5,15,29,1244,0.023311897106109324
overall,gap_5,16,25,1244,0.02009646302250804
overall,gap_5,17,10,1244,0.008038585209003215
overall,gap_5,18,13,1244,0.01045016077170418
overall,gap_5,19,8,1244,0.006430868167202572
overall,gap_5,20,16,1244,0.012861736334405145
overall,gap_5,21,6,1244,0.00482315112540193
overall,gap_5,22,8,1244,0.006430868167202572
overall,gap_5,23,5,1244,0.0040192926045016075
overall,gap_5,24,4,1244,0.003215434083601286
overall,gap_5,25,1,1244,0.0008038585209003215
overall,gap_5,26,1,1244,0.0008038585209003215
overall,gap_5,27,3,1244,0.002411575562700965
overall,gap_5,28,1,1244,0.0008038585209003215
overall,gap_5,29,1,1244,0.0008038585209003215
recent10,odd_count,1,1,10,0.1
recent10,odd_count,2,5,10,0.5
recent10,odd_count,3,1,10,0.1
recent10,odd_count,4,2,10,0.2
recent10,odd_count,5,1,10,0.1
recent10,low_count,2,2,10,0.2
recent10,low_count,3,5,10,0.5
recent10,low_count,4,3,10,0.3
recent10,band_1_count,0,3,10,0.3
recent10,band_1_count,1,5,10,0.5
recent10,band_1_count,2,1,10,0.1
recent10,band_1_count,3,1,10,0.1
recent10,band_2_count,1,3,10,0.3
recent10,band_2_count,2,6,10,0.6
recent10,band_2_count,4,1,10,0.1
recent10,band_3_count,0,4,10,0.4
recent10,band_3_count,1,4,10,0.4
recent10,band_3_count,2,2,10,0.2
recent10,band_4_count,0,1,10,0.1
recent10,band_4_count,1,4,10,0.4
recent10,band_4_count,2,3,10,0.3
recent10,band_4_count,3,2,10,0.2
recent10,band_5_count,0,4,10,0.4
recent10,band_5_count,1,5,10,0.5
recent10,band_5_count,2,1,10,0.1
recent10,sum,104,1,10,0.1
recent10,sum,121,1,10,0.1
recent10,sum,126,1,10,0.1
recent10,sum,130,1,10,0.1
recent10,sum,138,1,10,0.1
recent10,sum,145,1,10,0.1
recent10,sum,147,1,10,0.1
recent10,sum,152,1,10,0.1
recent10,sum,164,1,10,0.1
recent10,sum,176,1,10,0.1
recent10,span,25,1,10,0.1
recent10,span,26,1,10,0.1
recent10,span,30,1,10,0.1
recent10,span,33,1,10,0.1
recent10,span,35,1,10,0.1
recent10,span,36,1,10,0.1
recent10,span,37,2,10,0.2
recent10,span,39,1,10,0.1
recent10,span,40,1,10,0.1
recent10,min_gap,1,5,10,0.5
recent10,min_gap,2,1,10,0.1
recent10,min_gap,3,2,10,0.2
recent10,min_gap,4,2,10,0.2
recent10,max_gap,8,1,10,0.1
recent10,max_gap,10,1,10,0.1
recent10,max_gap,11,1,10,0.1
recent10,max_gap,12,1,10,0.1
recent10,max_gap,13,1,10,0.1
recent10,max_gap,14,2,10,0.2
recent10,max_gap,15,1,10,0.1
recent10,max_gap,19,1,10,0.1
recent10,max_gap,24,1,10,0.1
recent10,mean_gap,5,1,10,0.1
recent10,mean_gap,5.2,1,10,0.1
recent10,mean_gap,6,1,10,0.1
recent10,mean_gap,6.6,1,10,0.1
recent10,mean_gap,7,1,10,0.1
recent10,mean_gap,7.2,1,10,0.1
recent10,mean_gap,7.4,2,10,0.2
recent10,mean_gap,7.8,1,10,0.1
recent10,mean_gap,8,1,10,0.1
recent10,consecutive_pairs,0,5,10,0.5
recent10,consecutive_pairs,1,5,10,0.5
recent10,consecutive_runs,0,5,10,0.5
recent10,consecutive_runs,1,5,10,0.5
recent10,repeat_end_extra,0,1,10,0.1
recent10,repeat_end_extra,1,4,10,0.4
recent10,repeat_end_extra,2,4,10,0.4
recent10,repeat_end_extra,3,1,10,0.1
recent10,repeat_end_groups,0,1,10,0.1
recent10,repeat_end_groups,1,6,10,0.6
recent10,repeat_end_groups,2,3,10,0.3
recent10,max_end_multiplicity,1,1,10,0.1
recent10,max_end_multiplicity,2,6,10,0.6
recent10,max_end_multiplicity,3,3,10,0.3
recent10,clusters_gap_le2,4,2,10,0.2
recent10,clusters_gap_le2,5,4,10,0.4
recent10,clusters_gap_le2,6,4,10,0.4
recent10,max_cluster_gap_le2_size,1,4,10,0.4
recent10,max_cluster_gap_le2_size,2,6,10,0.6
recent10,narrow_three_span_le4,0,9,10,0.9
recent10,narrow_three_span_le4,1,1,10,0.1
recent10,previous_overlap,0,3,10,0.3
recent10,previous_overlap,1,3,10,0.3
recent10,previous_overlap,2,4,10,0.4
recent10,band_max,2,6,10,0.6
recent10,band_max,3,3,10,0.3
recent10,band_max,4,1,10,0.1
recent10,gap_1,1,1,10,0.1
recent10,gap_1,2,3,10,0.3
recent10,gap_1,6,2,10,0.2
recent10,gap_1,9,1,10,0.1
recent10,gap_1,10,1,10,0.1
recent10,gap_1,11,1,10,0.1
recent10,gap_1,12,1,10,0.1
recent10,gap_2,3,3,10,0.3
recent10,gap_2,4,1,10,0.1
recent10,gap_2,5,2,10,0.2
recent10,gap_2,6,3,10,0.3
recent10,gap_2,9,1,10,0.1
recent10,gap_3,1,1,10,0.1
recent10,gap_3,4,1,10,0.1
recent10,gap_3,6,1,10,0.1
recent10,gap_3,7,1,10,0.1
recent10,gap_3,8,2,10,0.2
recent10,gap_3,10,1,10,0.1
recent10,gap_3,11,1,10,0.1
recent10,gap_3,14,2,10,0.2
recent10,gap_4,1,2,10,0.2
recent10,gap_4,3,1,10,0.1
recent10,gap_4,5,2,10,0.2
recent10,gap_4,6,1,10,0.1
recent10,gap_4,8,1,10,0.1
recent10,gap_4,11,1,10,0.1
recent10,gap_4,15,1,10,0.1
recent10,gap_4,24,1,10,0.1
recent10,gap_5,1,1,10,0.1
recent10,gap_5,3,2,10,0.2
recent10,gap_5,4,4,10,0.4
recent10,gap_5,10,1,10,0.1
recent10,gap_5,13,1,10,0.1
recent10,gap_5,19,1,10,0.1
recent30,odd_count,1,2,30,0.06666666666666667
recent30,odd_count,2,12,30,0.4
recent30,odd_count,3,8,30,0.26666666666666666
recent30,odd_count,4,5,30,0.16666666666666666
recent30,odd_count,5,2,30,0.06666666666666667
recent30,odd_count,6,1,30,0.03333333333333333
recent30,low_count,0,1,30,0.03333333333333333
recent30,low_count,1,1,30,0.03333333333333333
recent30,low_count,2,4,30,0.13333333333333333
recent30,low_count,3,13,30,0.43333333333333335
recent30,low_count,4,11,30,0.36666666666666664
recent30,band_1_count,0,8,30,0.26666666666666666
recent30,band_1_count,1,13,30,0.43333333333333335
recent30,band_1_count,2,7,30,0.23333333333333334
recent30,band_1_count,3,2,30,0.06666666666666667
recent30,band_2_count,0,4,30,0.13333333333333333
recent30,band_2_count,1,7,30,0.23333333333333334
recent30,band_2_count,2,14,30,0.4666666666666667
recent30,band_2_count,3,4,30,0.13333333333333333
recent30,band_2_count,4,1,30,0.03333333333333333
recent30,band_3_count,0,8,30,0.26666666666666666
recent30,band_3_count,1,12,30,0.4
recent30,band_3_count,2,8,30,0.26666666666666666
recent30,band_3_count,3,2,30,0.06666666666666667
recent30,band_4_count,0,7,30,0.23333333333333334
recent30,band_4_count,1,11,30,0.36666666666666664
recent30,band_4_count,2,9,30,0.3
recent30,band_4_count,3,3,30,0.1
recent30,band_5_count,0,12,30,0.4
recent30,band_5_count,1,12,30,0.4
recent30,band_5_count,2,6,30,0.2
recent30,sum,89,1,30,0.03333333333333333
recent30,sum,94,1,30,0.03333333333333333
recent30,sum,104,1,30,0.03333333333333333
recent30,sum,112,1,30,0.03333333333333333
recent30,sum,113,1,30,0.03333333333333333
recent30,sum,118,1,30,0.03333333333333333
recent30,sum,121,1,30,0.03333333333333333
recent30,sum,126,1,30,0.03333333333333333
recent30,sum,127,1,30,0.03333333333333333
recent30,sum,128,1,30,0.03333333333333333
recent30,sum,130,2,30,0.06666666666666667
recent30,sum,131,2,30,0.06666666666666667
recent30,sum,138,1,30,0.03333333333333333
recent30,sum,144,2,30,0.06666666666666667
recent30,sum,145,1,30,0.03333333333333333
recent30,sum,147,1,30,0.03333333333333333
recent30,sum,150,1,30,0.03333333333333333
recent30,sum,152,1,30,0.03333333333333333
recent30,sum,154,1,30,0.03333333333333333
recent30,sum,157,1,30,0.03333333333333333
recent30,sum,158,1,30,0.03333333333333333
recent30,sum,164,2,30,0.06666666666666667
recent30,sum,167,1,30,0.03333333333333333
recent30,sum,176,1,30,0.03333333333333333
recent30,sum,181,1,30,0.03333333333333333
recent30,sum,193,1,30,0.03333333333333333
recent30,span,20,1,30,0.03333333333333333
recent30,span,21,1,30,0.03333333333333333
recent30,span,23,2,30,0.06666666666666667
recent30,span,24,2,30,0.06666666666666667
recent30,span,25,1,30,0.03333333333333333
recent30,span,26,1,30,0.03333333333333333
recent30,span,30,3,30,0.1
recent30,span,32,1,30,0.03333333333333333
recent30,span,33,1,30,0.03333333333333333
recent30,span,34,2,30,0.06666666666666667
recent30,span,35,1,30,0.03333333333333333
recent30,span,36,2,30,0.06666666666666667
recent30,span,37,3,30,0.1
recent30,span,38,1,30,0.03333333333333333
recent30,span,39,2,30,0.06666666666666667
recent30,span,40,1,30,0.03333333333333333
recent30,span,41,1,30,0.03333333333333333
recent30,span,42,2,30,0.06666666666666667
recent30,span,43,1,30,0.03333333333333333
recent30,span,44,1,30,0.03333333333333333
recent30,min_gap,1,16,30,0.5333333333333333
recent30,min_gap,2,6,30,0.2
recent30,min_gap,3,4,30,0.13333333333333333
recent30,min_gap,4,3,30,0.1
recent30,min_gap,5,1,30,0.03333333333333333
recent30,max_gap,8,2,30,0.06666666666666667
recent30,max_gap,9,3,30,0.1
recent30,max_gap,10,3,30,0.1
recent30,max_gap,11,1,30,0.03333333333333333
recent30,max_gap,12,3,30,0.1
recent30,max_gap,13,4,30,0.13333333333333333
recent30,max_gap,14,4,30,0.13333333333333333
recent30,max_gap,15,1,30,0.03333333333333333
recent30,max_gap,16,2,30,0.06666666666666667
recent30,max_gap,17,1,30,0.03333333333333333
recent30,max_gap,18,1,30,0.03333333333333333
recent30,max_gap,19,1,30,0.03333333333333333
recent30,max_gap,20,1,30,0.03333333333333333
recent30,max_gap,23,1,30,0.03333333333333333
recent30,max_gap,24,1,30,0.03333333333333333
recent30,max_gap,25,1,30,0.03333333333333333
recent30,mean_gap,4,1,30,0.03333333333333333
recent30,mean_gap,4.2,1,30,0.03333333333333333
recent30,mean_gap,4.6,2,30,0.06666666666666667
recent30,mean_gap,4.8,2,30,0.06666666666666667
recent30,mean_gap,5,1,30,0.03333333333333333
recent30,mean_gap,5.2,1,30,0.03333333333333333
recent30,mean_gap,6,3,30,0.1
recent30,mean_gap,6.4,1,30,0.03333333333333333
recent30,mean_gap,6.6,1,30,0.03333333333333333
recent30,mean_gap,6.8,2,30,0.06666666666666667
recent30,mean_gap,7,1,30,0.03333333333333333
recent30,mean_gap,7.2,2,30,0.06666666666666667
recent30,mean_gap,7.4,3,30,0.1
recent30,mean_gap,7.6,1,30,0.03333333333333333
recent30,mean_gap,7.8,2,30,0.06666666666666667
recent30,mean_gap,8,1,30,0.03333333333333333
recent30,mean_gap,8.2,1,30,0.03333333333333333
recent30,mean_gap,8.4,2,30,0.06666666666666667
recent30,mean_gap,8.6,1,30,0.03333333333333333
recent30,mean_gap,8.8,1,30,0.03333333333333333
recent30,consecutive_pairs,0,14,30,0.4666666666666667
recent30,consecutive_pairs,1,13,30,0.43333333333333335
recent30,consecutive_pairs,2,3,30,0.1
recent30,consecutive_runs,0,14,30,0.4666666666666667
recent30,consecutive_runs,1,14,30,0.4666666666666667
recent30,consecutive_runs,2,2,30,0.06666666666666667
recent30,repeat_end_extra,0,3,30,0.1
recent30,repeat_end_extra,1,14,30,0.4666666666666667
recent30,repeat_end_extra,2,11,30,0.36666666666666664
recent30,repeat_end_extra,3,2,30,0.06666666666666667
recent30,repeat_end_groups,0,3,30,0.1
recent30,repeat_end_groups,1,16,30,0.5333333333333333
recent30,repeat_end_groups,2,11,30,0.36666666666666664
recent30,max_end_multiplicity,1,3,30,0.1
recent30,max_end_multiplicity,2,23,30,0.7666666666666667
recent30,max_end_multiplicity,3,4,30,0.13333333333333333
recent30,clusters_gap_le2,3,2,30,0.06666666666666667
recent30,clusters_gap_le2,4,7,30,0.23333333333333334
recent30,clusters_gap_le2,5,13,30,0.43333333333333335
recent30,clusters_gap_le2,6,8,30,0.26666666666666666
recent30,max_cluster_gap_le2_size,1,8,30,0.26666666666666666
recent30,max_cluster_gap_le2_size,2,20,30,0.6666666666666666
recent30,max_cluster_gap_le2_size,3,2,30,0.06666666666666667
recent30,narrow_three_span_le4,0,26,30,0.8666666666666667
recent30,narrow_three_span_le4,1,4,30,0.13333333333333333
recent30,previous_overlap,0,10,30,0.3333333333333333
recent30,previous_overlap,1,12,30,0.4
recent30,previous_overlap,2,8,30,0.26666666666666666
recent30,band_max,2,19,30,0.6333333333333333
recent30,band_max,3,10,30,0.3333333333333333
recent30,band_max,4,1,30,0.03333333333333333
recent30,gap_1,1,4,30,0.13333333333333333
recent30,gap_1,2,7,30,0.23333333333333334
recent30,gap_1,3,1,30,0.03333333333333333
recent30,gap_1,5,3,30,0.1
recent30,gap_1,6,2,30,0.06666666666666667
recent30,gap_1,7,3,30,0.1
recent30,gap_1,9,3,30,0.1
recent30,gap_1,10,1,30,0.03333333333333333
recent30,gap_1,11,1,30,0.03333333333333333
recent30,gap_1,12,1,30,0.03333333333333333
recent30,gap_1,13,1,30,0.03333333333333333
recent30,gap_1,14,1,30,0.03333333333333333
recent30,gap_1,20,1,30,0.03333333333333333
recent30,gap_1,25,1,30,0.03333333333333333
recent30,gap_2,1,3,30,0.1
recent30,gap_2,2,2,30,0.06666666666666667
recent30,gap_2,3,6,30,0.2
recent30,gap_2,4,5,30,0.16666666666666666
recent30,gap_2,5,4,30,0.13333333333333333
recent30,gap_2,6,4,30,0.13333333333333333
recent30,gap_2,7,1,30,0.03333333333333333
recent30,gap_2,9,1,30,0.03333333333333333
recent30,gap_2,10,1,30,0.03333333333333333
recent30,gap_2,13,2,30,0.06666666666666667
recent30,gap_2,16,1,30,0.03333333333333333
recent30,gap_3,1,4,30,0.13333333333333333
recent30,gap_3,2,1,30,0.03333333333333333
recent30,gap_3,3,2,30,0.06666666666666667
recent30,gap_3,4,3,30,0.1
recent30,gap_3,5,4,30,0.13333333333333333
recent30,gap_3,6,3,30,0.1
recent30,gap_3,7,1,30,0.03333333333333333
recent30,gap_3,8,2,30,0.06666666666666667
recent30,gap_3,10,2,30,0.06666666666666667
recent30,gap_3,11,1,30,0.03333333333333333
recent30,gap_3,12,2,30,0.06666666666666667
recent30,gap_3,13,2,30,0.06666666666666667
recent30,gap_3,14,2,30,0.06666666666666667
recent30,gap_3,18,1,30,0.03333333333333333
recent30,gap_4,1,3,30,0.1
recent30,gap_4,2,2,30,0.06666666666666667
recent30,gap_4,3,2,30,0.06666666666666667
recent30,gap_4,4,2,30,0.06666666666666667
recent30,gap_4,5,2,30,0.06666666666666667
recent30,gap_4,6,3,30,0.1
recent30,gap_4,7,1,30,0.03333333333333333
recent30,gap_4,8,2,30,0.06666666666666667
recent30,gap_4,9,2,30,0.06666666666666667
recent30,gap_4,10,2,30,0.06666666666666667
recent30,gap_4,11,2,30,0.06666666666666667
recent30,gap_4,12,1,30,0.03333333333333333
recent30,gap_4,13,1,30,0.03333333333333333
recent30,gap_4,15,1,30,0.03333333333333333
recent30,gap_4,16,1,30,0.03333333333333333
recent30,gap_4,17,1,30,0.03333333333333333
recent30,gap_4,23,1,30,0.03333333333333333
recent30,gap_4,24,1,30,0.03333333333333333
recent30,gap_5,1,5,30,0.16666666666666666
recent30,gap_5,2,2,30,0.06666666666666667
recent30,gap_5,3,5,30,0.16666666666666666
recent30,gap_5,4,4,30,0.13333333333333333
recent30,gap_5,5,1,30,0.03333333333333333
recent30,gap_5,6,3,30,0.1
recent30,gap_5,7,1,30,0.03333333333333333
recent30,gap_5,8,1,30,0.03333333333333333
recent30,gap_5,9,3,30,0.1
recent30,gap_5,10,1,30,0.03333333333333333
recent30,gap_5,12,1,30,0.03333333333333333
recent30,gap_5,13,1,30,0.03333333333333333
recent30,gap_5,14,1,30,0.03333333333333333
recent30,gap_5,19,1,30,0.03333333333333333
recent50,odd_count,1,5,50,0.1
recent50,odd_count,2,14,50,0.28
recent50,odd_count,3,11,50,0.22
recent50,odd_count,4,16,50,0.32
recent50,odd_count,5,3,50,0.06
recent50,odd_count,6,1,50,0.02
recent50,low_count,0,3,50,0.06
recent50,low_count,1,3,50,0.06
recent50,low_count,2,10,50,0.2
recent50,low_count,3,21,50,0.42
recent50,low_count,4,12,50,0.24
recent50,low_count,5,1,50,0.02
recent50,band_1_count,0,11,50,0.22
recent50,band_1_count,1,22,50,0.44
recent50,band_1_count,2,12,50,0.24
recent50,band_1_count,3,5,50,0.1
recent50,band_2_count,0,11,50,0.22
recent50,band_2_count,1,16,50,0.32
recent50,band_2_count,2,18,50,0.36
recent50,band_2_count,3,4,50,0.08
recent50,band_2_count,4,1,50,0.02
recent50,band_3_count,0,10,50,0.2
recent50,band_3_count,1,19,50,0.38
recent50,band_3_count,2,16,50,0.32
recent50,band_3_count,3,5,50,0.1
recent50,band_4_count,0,9,50,0.18
recent50,band_4_count,1,19,50,0.38
recent50,band_4_count,2,14,50,0.28
recent50,band_4_count,3,8,50,0.16
recent50,band_5_count,0,23,50,0.46
recent50,band_5_count,1,20,50,0.4
recent50,band_5_count,2,7,50,0.14
recent50,sum,75,1,50,0.02
recent50,sum,89,1,50,0.02
recent50,sum,94,1,50,0.02
recent50,sum,99,1,50,0.02
recent50,sum,104,1,50,0.02
recent50,sum,110,1,50,0.02
recent50,sum,112,1,50,0.02
recent50,sum,113,1,50,0.02
recent50,sum,116,2,50,0.04
recent50,sum,118,1,50,0.02
recent50,sum,121,1,50,0.02
recent50,sum,126,1,50,0.02
recent50,sum,127,1,50,0.02
recent50,sum,128,1,50,0.02
recent50,sum,130,3,50,0.06
recent50,sum,131,2,50,0.04
recent50,sum,134,1,50,0.02
recent50,sum,138,2,50,0.04
recent50,sum,142,1,50,0.02
recent50,sum,144,2,50,0.04
recent50,sum,145,1,50,0.02
recent50,sum,147,1,50,0.02
recent50,sum,148,2,50,0.04
recent50,sum,149,1,50,0.02
recent50,sum,150,2,50,0.04
recent50,sum,152,1,50,0.02
recent50,sum,154,2,50,0.04
recent50,sum,157,2,50,0.04
recent50,sum,158,2,50,0.04
recent50,sum,164,2,50,0.04
recent50,sum,166,1,50,0.02
recent50,sum,167,1,50,0.02
recent50,sum,176,1,50,0.02
recent50,sum,179,1,50,0.02
recent50,sum,181,1,50,0.02
recent50,sum,189,1,50,0.02
recent50,sum,193,1,50,0.02
recent50,sum,207,1,50,0.02
recent50,span,15,1,50,0.02
recent50,span,16,1,50,0.02
recent50,span,17,1,50,0.02
recent50,span,20,1,50,0.02
recent50,span,21,1,50,0.02
recent50,span,23,3,50,0.06
recent50,span,24,2,50,0.04
recent50,span,25,1,50,0.02
recent50,span,26,1,50,0.02
recent50,span,29,1,50,0.02
recent50,span,30,3,50,0.06
recent50,span,31,1,50,0.02
recent50,span,32,1,50,0.02
recent50,span,33,3,50,0.06
recent50,span,34,2,50,0.04
recent50,span,35,3,50,0.06
recent50,span,36,5,50,0.1
recent50,span,37,6,50,0.12
recent50,span,38,1,50,0.02
recent50,span,39,3,50,0.06
recent50,span,40,2,50,0.04
recent50,span,41,2,50,0.04
recent50,span,42,3,50,0.06
recent50,span,43,1,50,0.02
recent50,span,44,1,50,0.02
recent50,min_gap,1,24,50,0.48
recent50,min_gap,2,12,50,0.24
recent50,min_gap,3,10,50,0.2
recent50,min_gap,4,3,50,0.06
recent50,min_gap,5,1,50,0.02
recent50,max_gap,5,1,50,0.02
recent50,max_gap,8,5,50,0.1
recent50,max_gap,9,3,50,0.06
recent50,max_gap,10,3,50,0.06
recent50,max_gap,11,2,50,0.04
recent50,max_gap,12,9,50,0.18
recent50,max_gap,13,5,50,0.1
recent50,max_gap,14,6,50,0.12
recent50,max_gap,15,4,50,0.08
recent50,max_gap,16,2,50,0.04
recent50,max_gap,17,2,50,0.04
recent50,max_gap,18,1,50,0.02
recent50,max_gap,19,2,50,0.04
recent50,max_gap,20,1,50,0.02
recent50,max_gap,21,1,50,0.02
recent50,max_gap,23,1,50,0.02
recent50,max_gap,24,1,50,0.02
recent50,max_gap,25,1,50,0.02
recent50,mean_gap,3,1,50,0.02
recent50,mean_gap,3.2,1,50,0.02
recent50,mean_gap,3.4,1,50,0.02
recent50,mean_gap,4,1,50,0.02
recent50,mean_gap,4.2,1,50,0.02
recent50,mean_gap,4.6,3,50,0.06
recent50,mean_gap,4.8,2,50,0.04
recent50,mean_gap,5,1,50,0.02
recent50,mean_gap,5.2,1,50,0.02
recent50,mean_gap,5.8,1,50,0.02
recent50,mean_gap,6,3,50,0.06
recent50,mean_gap,6.2,1,50,0.02
recent50,mean_gap,6.4,1,50,0.02
recent50,mean_gap,6.6,3,50,0.06
recent50,mean_gap,6.8,2,50,0.04
recent50,mean_gap,7,3,50,0.06
recent50,mean_gap,7.2,5,50,0.1
recent50,mean_gap,7.4,6,50,0.12
recent50,mean_gap,7.6,1,50,0.02
recent50,mean_gap,7.8,3,50,0.06
recent50,mean_gap,8,2,50,0.04
recent50,mean_gap,8.2,2,50,0.04
recent50,mean_gap,8.4,3,50,0.06
recent50,mean_gap,8.6,1,50,0.02
recent50,mean_gap,8.8,1,50,0.02
recent50,consecutive_pairs,0,26,50,0.52
recent50,consecutive_pairs,1,20,50,0.4
recent50,consecutive_pairs,2,3,50,0.06
recent50,consecutive_pairs,3,1,50,0.02
recent50,consecutive_runs,0,26,50,0.52
recent50,consecutive_runs,1,21,50,0.42
recent50,consecutive_runs,2,3,50,0.06
recent50,repeat_end_extra,0,9,50,0.18
recent50,repeat_end_extra,1,25,50,0.5
recent50,repeat_end_extra,2,14,50,0.28
recent50,repeat_end_extra,3,2,50,0.04
recent50,repeat_end_groups,0,9,50,0.18
recent50,repeat_end_groups,1,29,50,0.58
recent50,repeat_end_groups,2,12,50,0.24
recent50,max_end_multiplicity,1,9,50,0.18
recent50,max_end_multiplicity,2,35,50,0.7
recent50,max_end_multiplicity,3,6,50,0.12
recent50,clusters_gap_le2,3,3,50,0.06
recent50,clusters_gap_le2,4,17,50,0.34
recent50,clusters_gap_le2,5,16,50,0.32
recent50,clusters_gap_le2,6,14,50,0.28
recent50,max_cluster_gap_le2_size,1,14,50,0.28
recent50,max_cluster_gap_le2_size,2,28,50,0.56
recent50,max_cluster_gap_le2_size,3,8,50,0.16
recent50,narrow_three_span_le4,0,39,50,0.78
recent50,narrow_three_span_le4,1,11,50,0.22
recent50,previous_overlap,0,17,50,0.34
recent50,previous_overlap,1,19,50,0.38
recent50,previous_overlap,2,13,50,0.26
recent50,previous_overlap,3,1,50,0.02
recent50,band_max,2,29,50,0.58
recent50,band_max,3,20,50,0.4
recent50,band_max,4,1,50,0.02
recent50,gap_1,1,5,50,0.1
recent50,gap_1,2,9,50,0.18
recent50,gap_1,3,5,50,0.1
recent50,gap_1,4,3,50,0.06
recent50,gap_1,5,4,50,0.08
recent50,gap_1,6,4,50,0.08
recent50,gap_1,7,4,50,0.08
recent50,gap_1,8,2,50,0.04
recent50,gap_1,9,3,50,0.06
recent50,gap_1,10,1,50,0.02
recent50,gap_1,11,1,50,0.02
recent50,gap_1,12,3,50,0.06
recent50,gap_1,13,1,50,0.02
recent50,gap_1,14,1,50,0.02
recent50,gap_1,15,1,50,0.02
recent50,gap_1,20,1,50,0.02
recent50,gap_1,21,1,50,0.02
recent50,gap_1,25,1,50,0.02
recent50,gap_2,1,5,50,0.1
recent50,gap_2,2,6,50,0.12
recent50,gap_2,3,10,50,0.2
recent50,gap_2,4,6,50,0.12
recent50,gap_2,5,4,50,0.08
recent50,gap_2,6,4,50,0.08
recent50,gap_2,7,1,50,0.02
recent50,gap_2,9,2,50,0.04
recent50,gap_2,10,1,50,0.02
recent50,gap_2,12,4,50,0.08
recent50,gap_2,13,2,50,0.04
recent50,gap_2,14,2,50,0.04
recent50,gap_2,15,1,50,0.02
recent50,gap_2,16,1,50,0.02
recent50,gap_2,17,1,50,0.02
recent50,gap_3,1,4,50,0.08
recent50,gap_3,2,3,50,0.06
recent50,gap_3,3,4,50,0.08
recent50,gap_3,4,3,50,0.06
recent50,gap_3,5,6,50,0.12
recent50,gap_3,6,6,50,0.12
recent50,gap_3,7,2,50,0.04
recent50,gap_3,8,5,50,0.1
recent50,gap_3,9,1,50,0.02
recent50,gap_3,10,2,50,0.04
recent50,gap_3,11,2,50,0.04
recent50,gap_3,12,4,50,0.08
recent50,gap_3,13,2,50,0.04
recent50,gap_3,14,3,50,0.06
recent50,gap_3,15,1,50,0.02
recent50,gap_3,18,1,50,0.02
recent50,gap_3,19,1,50,0.02
recent50,gap_4,1,8,50,0.16
recent50,gap_4,2,5,50,0.1
recent50,gap_4,3,4,50,0.08
recent50,gap_4,4,4,50,0.08
recent50,gap_4,5,2,50,0.04
recent50,gap_4,6,4,50,0.08
recent50,gap_4,7,1,50,0.02
recent50,gap_4,8,4,50,0.08
recent50,gap_4,9,3,50,0.06
recent50,gap_4,10,4,50,0.08
recent50,gap_4,11,4,50,0.08
recent50,gap_4,12,1,50,0.02
recent50,gap_4,13,1,50,0.02
recent50,gap_4,15,1,50,0.02
recent50,gap_4,16,1,50,0.02
recent50,gap_4,17,1,50,0.02
recent50,gap_4,23,1,50,0.02
recent50,gap_4,24,1,50,0.02
recent50,gap_5,1,7,50,0.14
recent50,gap_5,2,7,50,0.14
recent50,gap_5,3,8,50,0.16
recent50,gap_5,4,6,50,0.12
recent50,gap_5,5,2,50,0.04
recent50,gap_5,6,3,50,0.06
recent50,gap_5,7,2,50,0.04
recent50,gap_5,8,1,50,0.02
recent50,gap_5,9,3,50,0.06
recent50,gap_5,10,2,50,0.04
recent50,gap_5,11,1,50,0.02
recent50,gap_5,12,2,50,0.04
recent50,gap_5,13,2,50,0.04
recent50,gap_5,14,1,50,0.02
recent50,gap_5,15,2,50,0.04
recent50,gap_5,19,1,50,0.02
recent100,odd_count,0,2,100,0.02
recent100,odd_count,1,7,100,0.07
recent100,odd_count,2,23,100,0.23
recent100,odd_count,3,21,100,0.21
recent100,odd_count,4,36,100,0.36
recent100,odd_count,5,10,100,0.1
recent100,odd_count,6,1,100,0.01
recent100,low_count,0,5,100,0.05
recent100,low_count,1,6,100,0.06
recent100,low_count,2,23,100,0.23
recent100,low_count,3,35,100,0.35
recent100,low_count,4,25,100,0.25
recent100,low_count,5,4,100,0.04
recent100,low_count,6,2,100,0.02
recent100,band_1_count,0,18,100,0.18
recent100,band_1_count,1,44,100,0.44
recent100,band_1_count,2,29,100,0.29
recent100,band_1_count,3,8,100,0.08
recent100,band_1_count,4,1,100,0.01
recent100,band_2_count,0,21,100,0.21
recent100,band_2_count,1,33,100,0.33
recent100,band_2_count,2,34,100,0.34
recent100,band_2_count,3,11,100,0.11
recent100,band_2_count,4,1,100,0.01
recent100,band_3_count,0,23,100,0.23
recent100,band_3_count,1,34,100,0.34
recent100,band_3_count,2,31,100,0.31
recent100,band_3_count,3,10,100,0.1
recent100,band_3_count,4,1,100,0.01
recent100,band_3_count,5,1,100,0.01
recent100,band_4_count,0,22,100,0.22
recent100,band_4_count,1,35,100,0.35
recent100,band_4_count,2,28,100,0.28
recent100,band_4_count,3,13,100,0.13
recent100,band_4_count,4,1,100,0.01
recent100,band_4_count,5,1,100,0.01
recent100,band_5_count,0,52,100,0.52
recent100,band_5_count,1,38,100,0.38
recent100,band_5_count,2,10,100,0.1
recent100,sum,56,1,100,0.01
recent100,sum,75,2,100,0.02
recent100,sum,85,1,100,0.01
recent100,sum,87,1,100,0.01
recent100,sum,89,2,100,0.02
recent100,sum,90,1,100,0.01
recent100,sum,94,1,100,0.01
recent100,sum,95,2,100,0.02
recent100,sum,99,1,100,0.01
recent100,sum,102,1,100,0.01
recent100,sum,103,1,100,0.01
recent100,sum,104,1,100,0.01
recent100,sum,109,1,100,0.01
recent100,sum,110,1,100,0.01
recent100,sum,112,2,100,0.02
recent100,sum,113,2,100,0.02
recent100,sum,116,2,100,0.02
recent100,sum,118,1,100,0.01
recent100,sum,119,1,100,0.01
recent100,sum,121,1,100,0.01
recent100,sum,122,2,100,0.02
recent100,sum,125,2,100,0.02
recent100,sum,126,2,100,0.02
recent100,sum,127,1,100,0.01
recent100,sum,128,1,100,0.01
recent100,sum,129,1,100,0.01
recent100,sum,130,4,100,0.04
recent100,sum,131,3,100,0.03
recent100,sum,132,1,100,0.01
recent100,sum,134,3,100,0.03
recent100,sum,136,2,100,0.02
recent100,sum,138,2,100,0.02
recent100,sum,142,1,100,0.01
recent100,sum,144,3,100,0.03
recent100,sum,145,3,100,0.03
recent100,sum,146,1,100,0.01
recent100,sum,147,2,100,0.02
recent100,sum,148,3,100,0.03
recent100,sum,149,1,100,0.01
recent100,sum,150,3,100,0.03
recent100,sum,152,2,100,0.02
recent100,sum,154,5,100,0.05
recent100,sum,157,2,100,0.02
recent100,sum,158,5,100,0.05
recent100,sum,160,2,100,0.02
recent100,sum,164,3,100,0.03
recent100,sum,166,2,100,0.02
recent100,sum,167,2,100,0.02
recent100,sum,176,2,100,0.02
recent100,sum,179,1,100,0.01
recent100,sum,180,1,100,0.01
recent100,sum,181,1,100,0.01
recent100,sum,189,1,100,0.01
recent100,sum,193,1,100,0.01
recent100,sum,201,1,100,0.01
recent100,sum,207,1,100,0.01
recent100,sum,220,1,100,0.01
recent100,span,7,1,100,0.01
recent100,span,9,1,100,0.01
recent100,span,14,1,100,0.01
recent100,span,15,2,100,0.02
recent100,span,16,1,100,0.01
recent100,span,17,2,100,0.02
recent100,span,19,1,100,0.01
recent100,span,20,1,100,0.01
recent100,span,21,2,100,0.02
recent100,span,22,2,100,0.02
recent100,span,23,4,100,0.04
recent100,span,24,3,100,0.03
recent100,span,25,1,100,0.01
recent100,span,26,3,100,0.03
recent100,span,27,1,100,0.01
recent100,span,28,5,100,0.05
recent100,span,29,2,100,0.02
recent100,span,30,6,100,0.06
recent100,span,31,2,100,0.02
recent100,span,32,3,100,0.03
recent100,span,33,4,100,0.04
recent100,span,34,5,100,0.05
recent100,span,35,5,100,0.05
recent100,span,36,6,100,0.06
recent100,span,37,10,100,0.1
recent100,span,38,3,100,0.03
recent100,span,39,7,100,0.07
recent100,span,40,5,100,0.05
recent100,span,41,4,100,0.04
recent100,span,42,4,100,0.04
recent100,span,43,2,100,0.02
recent100,span,44,1,100,0.01
recent100,min_gap,1,50,100,0.5
recent100,min_gap,2,26,100,0.26
recent100,min_gap,3,17,100,0.17
recent100,min_gap,4,6,100,0.06
recent100,min_gap,5,1,100,0.01
recent100,max_gap,3,2,100,0.02
recent100,max_gap,5,4,100,0.04
recent100,max_gap,7,4,100,0.04
recent100,max_gap,8,7,100,0.07
recent100,max_gap,9,3,100,0.03
recent100,max_gap,10,8,100,0.08
recent100,max_gap,11,5,100,0.05
recent100,max_gap,12,12,100,0.12
recent100,max_gap,13,13,100,0.13
recent100,max_gap,14,7,100,0.07
recent100,max_gap,15,6,100,0.06
recent100,max_gap,16,5,100,0.05
recent100,max_gap,17,4,100,0.04
recent100,max_gap,18,3,100,0.03
recent100,max_gap,19,5,100,0.05
recent100,max_gap,20,3,100,0.03
recent100,max_gap,21,3,100,0.03
recent100,max_gap,22,1,100,0.01
recent100,max_gap,23,1,100,0.01
recent100,max_gap,24,3,100,0.03
recent100,max_gap,25,1,100,0.01
recent100,mean_gap,1.4,1,100,0.01
recent100,mean_gap,1.8,1,100,0.01
recent100,mean_gap,2.8,1,100,0.01
recent100,mean_gap,3,2,100,0.02
recent100,mean_gap,3.2,1,100,0.01
recent100,mean_gap,3.4,2,100,0.02
recent100,mean_gap,3.8,1,100,0.01
recent100,mean_gap,4,1,100,0.01
recent100,mean_gap,4.2,2,100,0.02
recent100,mean_gap,4.4,2,100,0.02
recent100,mean_gap,4.6,4,100,0.04
recent100,mean_gap,4.8,3,100,0.03
recent100,mean_gap,5,1,100,0.01
recent100,mean_gap,5.2,3,100,0.03
recent100,mean_gap,5.4,1,100,0.01
recent100,mean_gap,5.6,5,100,0.05
recent100,mean_gap,5.8,2,100,0.02
recent100,mean_gap,6,6,100,0.06
recent100,mean_gap,6.2,2,100,0.02
recent100,mean_gap,6.4,3,100,0.03
recent100,mean_gap,6.6,4,100,0.04
recent100,mean_gap,6.8,5,100,0.05
recent100,mean_gap,7,5,100,0.05
recent100,mean_gap,7.2,6,100,0.06
recent100,mean_gap,7.4,10,100,0.1
recent100,mean_gap,7.6,3,100,0.03
recent100,mean_gap,7.8,7,100,0.07
recent100,mean_gap,8,5,100,0.05
recent100,mean_gap,8.2,4,100,0.04
recent100,mean_gap,8.4,4,100,0.04
recent100,mean_gap,8.6,2,100,0.02
recent100,mean_gap,8.8,1,100,0.01
recent100,consecutive_pairs,0,50,100,0.5
recent100,consecutive_pairs,1,40,100,0.4
recent100,consecutive_pairs,2,7,100,0.07
recent100,consecutive_pairs,3,2,100,0.02
recent100,consecutive_pairs,4,1,100,0.01
recent100,consecutive_runs,0,50,100,0.5
recent100,consecutive_runs,1,41,100,0.41
recent100,consecutive_runs,2,9,100,0.09
recent100,repeat_end_extra,0,23,100,0.23
recent100,repeat_end_extra,1,45,100,0.45
recent100,repeat_end_extra,2,28,100,0.28
recent100,repeat_end_extra,3,4,100,0.04
recent100,repeat_end_groups,0,23,100,0.23
recent100,repeat_end_groups,1,55,100,0.55
recent100,repeat_end_groups,2,21,100,0.21
recent100,repeat_end_groups,3,1,100,0.01
recent100,max_end_multiplicity,1,23,100,0.23
recent100,max_end_multiplicity,2,64,100,0.64
recent100,max_end_multiplicity,3,13,100,0.13
recent100,clusters_gap_le2,2,1,100,0.01
recent100,clusters_gap_le2,3,8,100,0.08
recent100,clusters_gap_le2,4,31,100,0.31
recent100,clusters_gap_le2,5,36,100,0.36
recent100,clusters_gap_le2,6,24,100,0.24
recent100,max_cluster_gap_le2_size,1,24,100,0.24
recent100,max_cluster_gap_le2_size,2,58,100,0.58
recent100,max_cluster_gap_le2_size,3,16,100,0.16
recent100,max_cluster_gap_le2_size,4,2,100,0.02
recent100,narrow_three_span_le4,0,72,100,0.72
recent100,narrow_three_span_le4,1,28,100,0.28
recent100,previous_overlap,0,36,100,0.36
recent100,previous_overlap,1,46,100,0.46
recent100,previous_overlap,2,17,100,0.17
recent100,previous_overlap,3,1,100,0.01
recent100,band_max,2,56,100,0.56
recent100,band_max,3,38,100,0.38
recent100,band_max,4,4,100,0.04
recent100,band_max,5,2,100,0.02
recent100,gap_1,1,15,100,0.15
recent100,gap_1,2,15,100,0.15
recent100,gap_1,3,10,100,0.1
recent100,gap_1,4,8,100,0.08
recent100,gap_1,5,5,100,0.05
recent100,gap_1,6,10,100,0.1
recent100,gap_1,7,6,100,0.06
recent100,gap_1,8,4,100,0.04
recent100,gap_1,9,5,100,0.05
recent100,gap_1,10,5,100,0.05
recent100,gap_1,11,4,100,0.04
recent100,gap_1,12,5,100,0.05
recent100,gap_1,13,2,100,0.02
recent100,gap_1,14,1,100,0.01
recent100,gap_1,15,2,100,0.02
recent100,gap_1,20,1,100,0.01
recent100,gap_1,21,1,100,0.01
recent100,gap_1,25,1,100,0.01
recent100,gap_2,1,9,100,0.09
recent100,gap_2,2,14,100,0.14
recent100,gap_2,3,14,100,0.14
recent100,gap_2,4,8,100,0.08
recent100,gap_2,5,10,100,0.1
recent100,gap_2,6,7,100,0.07
recent100,gap_2,7,6,100,0.06
recent100,gap_2,8,5,100,0.05
recent100,gap_2,9,3,100,0.03
recent100,gap_2,10,3,100,0.03
recent100,gap_2,12,5,100,0.05
recent100,gap_2,13,5,100,0.05
recent100,gap_2,14,3,100,0.03
recent100,gap_2,15,3,100,0.03
recent100,gap_2,16,1,100,0.01
recent100,gap_2,17,1,100,0.01
recent100,gap_2,18,1,100,0.01
recent100,gap_2,20,2,100,0.02
recent100,gap_3,1,8,100,0.08
recent100,gap_3,2,15,100,0.15
recent100,gap_3,3,11,100,0.11
recent100,gap_3,4,9,100,0.09
recent100,gap_3,5,8,100,0.08
recent100,gap_3,6,14,100,0.14
recent100,gap_3,7,3,100,0.03
recent100,gap_3,8,7,100,0.07
recent100,gap_3,9,2,100,0.02
recent100,gap_3,10,3,100,0.03
recent100,gap_3,11,2,100,0.02
recent100,gap_3,12,4,100,0.04
recent100,gap_3,13,3,100,0.03
recent100,gap_3,14,3,100,0.03
recent100,gap_3,15,1,100,0.01
recent100,gap_3,16,2,100,0.02
recent100,gap_3,17,1,100,0.01
recent100,gap_3,18,2,100,0.02
recent100,gap_3,19,2,100,0.02
recent100,gap_4,1,13,100,0.13
recent100,gap_4,2,9,100,0.09
recent100,gap_4,3,13,100,0.13
recent100,gap_4,4,9,100,0.09
recent100,gap_4,5,5,100,0.05
recent100,gap_4,6,6,100,0.06
recent100,gap_4,7,2,100,0.02
recent100,gap_4,8,6,100,0.06
recent100,gap_4,9,6,100,0.06
recent100,gap_4,10,8,100,0.08
recent100,gap_4,11,5,100,0.05
recent100,gap_4,12,2,100,0.02
recent100,gap_4,13,4,100,0.04
recent100,gap_4,15,1,100,0.01
recent100,gap_4,16,3,100,0.03
recent100,gap_4,17,2,100,0.02
recent100,gap_4,19,1,100,0.01
recent100,gap_4,21,1,100,0.01
recent100,gap_4,22,1,100,0.01
recent100,gap_4,23,1,100,0.01
recent100,gap_4,24,2,100,0.02
recent100,gap_5,1,19,100,0.19
recent100,gap_5,2,9,100,0.09
recent100,gap_5,3,14,100,0.14
recent100,gap_5,4,13,100,0.13
recent100,gap_5,5,7,100,0.07
recent100,gap_5,6,8,100,0.08
recent100,gap_5,7,4,100,0.04
recent100,gap_5,8,3,100,0.03
recent100,gap_5,9,5,100,0.05
recent100,gap_5,10,5,100,0.05
recent100,gap_5,11,1,100,0.01
recent100,gap_5,12,2,100,0.02
recent100,gap_5,13,3,100,0.03
recent100,gap_5,14,1,100,0.01
recent100,gap_5,15,2,100,0.02
recent100,gap_5,19,2,100,0.02
recent100,gap_5,21,1,100,0.01
recent100,gap_5,24,1,100,0.01
