file,bytes,sha256
AUDIT_UNIQUE_AND_RECENT_B_SCORES.csv,11158,c9660348644f80c1febce9fe1cac271e0adf4faa03161086c725b84b76ca91bb
b_model_50_round_trends.csv,6264,199bd09e71f9f7171b2c26ee68a7eb8afd40edcd17a1f8907dd09c2a4e7f57df
b_model_backtest_report.md,10972,b9e3804e02f2c4fed548222b77cf90ff58083d54f184cb4bbee0c5b20489994a
b_model_classification.csv,3509,2c7a8030b0129eef55137852a8e5e297d916239c46a8fc9bbe0e0c467ecf9ff2
b_model_holdout_metrics.csv,113856,147765c9f3353deac5cc5c91e37ce0f80a7e4608c9e29738d4724130df5bc2a4
b_model_predictions.csv,3236859,088685b5c30275c2640dfda2001beb99cebf5855156ae54ad5e0f6f170cf39be
B_MODEL_REPRODUCIBILITY_AUDIT_20261009_v1.md,25178,6518c939b09d0c2287a895fa2572214c9671572114a024b171d3bad3a547bf30
CORE_VERIFICATION.json,6114,188880fd74346d0235daa109ba4b6877efa028b6381de42ef7d3ed6606b7ea3e
DIRECT_PATH_DIAGNOSTIC_STDERR.log,1382,dd02baf3af5cb165e61b69620f0cf0775678e89b20c37b31f1bfdbce4c45f59b
DIRECT_PATH_DIAGNOSTIC_STDOUT.log,0,e3b0c44298fc1c149afbf4c8996fb92427ae41e4649b934ca495991b7852b855
DIVERGENT_RESULT_INVESTIGATION.json,6572,687071fa38fc579d2277cf1e5fbefcea1d2481c5c466180dc1ca2a2279f49a1c
ENVIRONMENT_FAILURE_CHECKS.json,1184,956f69609dc5bf84b2e97c28ed8fd4206b87267160901ea9a6bfb61794d4120d
ERROR_AND_LIMITATION_REGISTER.json,4767,312984876146bd57d9e2634e54e72ea7660f82a5c1723c35d4091823c6db4306
EXACT_RANDOM_BASELINE_VALIDATION.json,2622,f663c062a19316dcfa50bb235a626b6a8379f1f3782d1730bcc9cf84f8dd8529
EXECUTED_b_model_backtest.py,27977,3ecf4fb805c2448e49c39e01174b3a112d4865c7ff1a31157437515b78be47cb
EXECUTED_INPUT_lotto_data.csv,43234,243cd17e6b97a2d96709ddfc689a068038669341a52dcc0743c141d309e43b9f
EXECUTION_RESULT.json,1041,a47127e139cf965311d3901c9a2d2488a805d6e0169972ab440d66264cd809c6
EXECUTION_STDERR.log,0,e3b0c44298fc1c149afbf4c8996fb92427ae41e4649b934ca495991b7852b855
EXECUTION_STDOUT.log,1017,e2233cceacb98714b962b8bd24db874e4a7b4e264a3276e2a32f6225ac14898d
EXISTING_ASSET_METADATA.csv,20870,b67e28f176c93939f54703afe7ea73bac212744b40616c51963e7b5de4d07aaa
EXISTING_ASSETS_AFTER.json,24680,6ccaa17df814593249f44215cb404777ddc02f74db632602caa8d807044a912e
EXISTING_ASSETS_BEFORE.json,28247,306d965850f52fc10ea550503e7ac1df37044d90f2ceacade3620c970147e7c1
GIT_AFTER.json,2179,52ce927a2a730a9031eeb922ddbb469c85009ed0a6d9487858b9075d23b3c043
GIT_BEFORE.json,2179,52ce927a2a730a9031eeb922ddbb469c85009ed0a6d9487858b9075d23b3c043
INPUT_VALIDATION.json,573,5d63eb79c0198bdce84e59d0cf2895a9f48506cc2b9fc23e76630ca6f5df808f
LEAKAGE_RUNTIME_SAMPLES.csv,7077,d26132f309c58dd9b00214cea10232d82517e49cec76f7556087866b28594bff
LEAKAGE_VALIDATION.json,1079,3ba1f6003582dd1ea6bb62bd18cbe2da4c3ef7346ff5e6a8cac3ad8c639aae1a
MISSING_OUTPUT_DIRECTORY_DIAGNOSTIC.log,881,fb6e78380dcfe76f3a5c6fc85b992fa020f66a54fb3b46fc51aae66d34c526e7
MODEL_REPRODUCTION_SUMMARY.csv,1485,7ca9d68ba4be4059e0a07c171302141de5cbb81a30931cec0bee0509690e3375
OUTPUT_COMPARISON.csv,1137,9566daac6a08ce2fa501c793eb477bd57564a3a34da8769c242d29f011070bf4
PACKAGE_AND_INPUT_PROVENANCE.json,3146,2924a3b8d30855ba29916169fc7198482b2c6203f11dfb8a86073de19c821e7f
PREFIX_FEATURE_CHECKS.csv,952,4fa6fb9bb7cafc3f23aa5dc354b9bc366522bbf545c57ddc2105b05b8ef7d899
PRESERVATION_VERIFICATION.json,513,b823450c3ac1f91f24435f94100dd69a3857f5b17e29929352dc2360a2769e22
RECORD_COUNT_DERIVATION.csv,345,260269e5efda4fa0d381f93c149738e94c4a63771998860c5e57421910e9f6cb
REPORT_COMPARISON.json,1258,5c63b81dcf45463c2583c65f31e16e4e48f3a42895b215b29406075a7480da76
RERUN_B_MODEL.ps1,2541,237e36f2e4dac29c4f2c7b651bc08288edded0c18361a5b0ddbb3be02ebbe837
RERUN_HELPER_SYNTAX_VERIFICATION.json,185,002a3c2a0a8a2fb1b91c729e1f06818bf38b430ea211848848c7913db2fc84a6
SEARCH_PATHS.json,1296,681b9de6adf9b958857ad496df1f6c7642a576c6c9d0325be396386c162c4f1d
SOURCE_VERSION.json,1423,b0cf2c3cb0c0347252432217604e51d64ee6f383301c2bdb507a6c247e7918d2
STATUS_SUMMARY.json,3590,df0cc07b35155dfeaa40b450c7c01261e1dbb9570134228a8c48c7b077faceb0
VERIFY_AUDIT.py,1622,19d9a7c8489b5cc6d889d1e2afbc0d712499549eaa92d3c07cd5b23a9bf9765f
