path,bytes,mtime_ns,mtime_utc,sha256
C:\Users\admin\Documents\Codex\2026-10-09\6-45-jiae-jeong-lotto-data\work\remote_download_verify_20261009_v4\RECOVERY_README.md,2318,1791519954485414600,2026-10-09T04:25:54.485415+00:00,c1eff0ff2bc82ecadcd6db82582f942203a7126ecd766fbcb25df6a1befe9948
C:\Users\admin\Documents\Codex\2026-10-09\6-45-jiae-jeong-lotto-data\work\remote_download_verify_20261009_v4\OUTPUT_SHA256.csv,1270,1791519954216450000,2026-10-09T04:25:54.216450+00:00,f122d0b9a995a76b031a2e5f881f33e39b51ac7804e608505e0bb991d2a73852
C:\Users\admin\Documents\Codex\2026-10-09\6-45-jiae-jeong-lotto-data\work\remote_download_verify_20261009_v4\b_model_predictions.csv,3236859,1791519952920248500,2026-10-09T04:25:52.920249+00:00,088685b5c30275c2640dfda2001beb99cebf5855156ae54ad5e0f6f170cf39be
C:\Users\admin\Documents\Codex\2026-10-09\6-45-jiae-jeong-lotto-data\work\remote_download_verify_20261009_v4\b_model_holdout_metrics.csv,113856,1791519953349911800,2026-10-09T04:25:53.349912+00:00,147765c9f3353deac5cc5c91e37ce0f80a7e4608c9e29738d4724130df5bc2a4
C:\Users\admin\Documents\Codex\2026-10-09\6-45-jiae-jeong-lotto-data\work\remote_download_verify_20261009_v4\b_model_classification.csv,3509,1791519953654634200,2026-10-09T04:25:53.654634+00:00,2c7a8030b0129eef55137852a8e5e297d916239c46a8fc9bbe0e0c467ecf9ff2
C:\Users\admin\Documents\Codex\2026-10-09\6-45-jiae-jeong-lotto-data\work\remote_download_verify_20261009_v4\b_model_50_round_trends.csv,6264,1791519953958248800,2026-10-09T04:25:53.958249+00:00,199bd09e71f9f7171b2c26ee68a7eb8afd40edcd17a1f8907dd09c2a4e7f57df
C:\Users\admin\Documents\Codex\2026-10-09\6-45-jiae-jeong-lotto-data\work\recovery_package_20261009\lotto_b_model_recovery_package\source\b_model_backtest.py,27977,1791476974000000000,2026-10-08T16:29:34+00:00,3ecf4fb805c2448e49c39e01174b3a112d4865c7ff1a31157437515b78be47cb
C:\Users\admin\Documents\Codex\2026-10-09\6-45-jiae-jeong-lotto-data\work\recovery_package_20261009\lotto_b_model_recovery_package\RECOVERY_README.md,2318,1791476974000000000,2026-10-08T16:29:34+00:00,c1eff0ff2bc82ecadcd6db82582f942203a7126ecd766fbcb25df6a1befe9948
C:\Users\admin\Documents\Codex\2026-10-09\6-45-jiae-jeong-lotto-data\work\recovery_package_20261009\lotto_b_model_recovery_package\OUTPUT_SHA256.csv,1270,1791476974000000000,2026-10-08T16:29:34+00:00,f122d0b9a995a76b031a2e5f881f33e39b51ac7804e608505e0bb991d2a73852
C:\Users\admin\Documents\Codex\2026-10-09\6-45-jiae-jeong-lotto-data\work\recovery_package_20261009\lotto_b_model_recovery_package\outputs\b_model_predictions.csv,3236859,1791476974000000000,2026-10-08T16:29:34+00:00,088685b5c30275c2640dfda2001beb99cebf5855156ae54ad5e0f6f170cf39be
C:\Users\admin\Documents\Codex\2026-10-09\6-45-jiae-jeong-lotto-data\work\recovery_package_20261009\lotto_b_model_recovery_package\outputs\b_model_holdout_metrics.csv,113856,1791476974000000000,2026-10-08T16:29:34+00:00,147765c9f3353deac5cc5c91e37ce0f80a7e4608c9e29738d4724130df5bc2a4
C:\Users\admin\Documents\Codex\2026-10-09\6-45-jiae-jeong-lotto-data\work\recovery_package_20261009\lotto_b_model_recovery_package\outputs\b_model_classification.csv,3509,1791476974000000000,2026-10-08T16:29:34+00:00,2c7a8030b0129eef55137852a8e5e297d916239c46a8fc9bbe0e0c467ecf9ff2
C:\Users\admin\Documents\Codex\2026-10-09\6-45-jiae-jeong-lotto-data\work\recovery_package_20261009\lotto_b_model_recovery_package\outputs\b_model_backtest_report_regenerated_not_hash-identical.md,10817,1791476974000000000,2026-10-08T16:29:34+00:00,4f3a02ba45ba7fb94498a7e23bb5307beff533ae322b6b47f303cce9465cd1b8
C:\Users\admin\Documents\Codex\2026-10-09\6-45-jiae-jeong-lotto-data\work\recovery_package_20261009\lotto_b_model_recovery_package\outputs\b_model_50_round_trends.csv,6264,1791476974000000000,2026-10-08T16:29:34+00:00,199bd09e71f9f7171b2c26ee68a7eb8afd40edcd17a1f8907dd09c2a4e7f57df
C:\Users\admin\Documents\Codex\2026-10-09\6-45-jiae-jeong-lotto-data\lotto-repo\analysis\2026-10-06\B_MODEL_RESULTS.md,2340,1791505909403096400,2026-10-09T00:31:49.403096+00:00,ec771a8d4a6a3ad340e6df126b0da20afbe74b317bf963dac0e37e9cfe095e22
C:\Users\admin\Documents\Codex\2026-10-09\6-45-jiae-jeong-lotto-data\work\primary_mode_1245_v4_remote_verified_20261009\research\1245_final_pipeline_v3\recovered_original_assets\outputs\RECOVERY_README.md,2318,1791526730901013400,2026-10-09T06:18:50.901013+00:00,c1eff0ff2bc82ecadcd6db82582f942203a7126ecd766fbcb25df6a1befe9948
C:\Users\admin\Documents\Codex\2026-10-09\6-45-jiae-jeong-lotto-data\work\primary_mode_1245_v4_remote_verified_20261009\research\1245_final_pipeline_v3\recovered_original_assets\outputs\OUTPUT_SHA256.csv,1270,1791526730670757400,2026-10-09T06:18:50.670757+00:00,f122d0b9a995a76b031a2e5f881f33e39b51ac7804e608505e0bb991d2a73852
C:\Users\admin\Documents\Codex\2026-10-09\6-45-jiae-jeong-lotto-data\work\primary_mode_1245_v4_remote_verified_20261009\research\1245_final_pipeline_v3\recovered_original_assets\outputs\b_model_predictions.csv,3236859,1791526730502789400,2026-10-09T06:18:50.502789+00:00,088685b5c30275c2640dfda2001beb99cebf5855156ae54ad5e0f6f170cf39be
C:\Users\admin\Documents\Codex\2026-10-09\6-45-jiae-jeong-lotto-data\work\primary_mode_1245_v4_remote_verified_20261009\research\1245_final_pipeline_v3\recovered_original_assets\outputs\b_model_holdout_metrics.csv,113856,1791526730537454000,2026-10-09T06:18:50.537454+00:00,147765c9f3353deac5cc5c91e37ce0f80a7e4608c9e29738d4724130df5bc2a4
C:\Users\admin\Documents\Codex\2026-10-09\6-45-jiae-jeong-lotto-data\work\primary_mode_1245_v4_remote_verified_20261009\research\1245_final_pipeline_v3\recovered_original_assets\outputs\b_model_classification.csv,3509,1791526730766947900,2026-10-09T06:18:50.766948+00:00,2c7a8030b0129eef55137852a8e5e297d916239c46a8fc9bbe0e0c467ecf9ff2
C:\Users\admin\Documents\Codex\2026-10-09\6-45-jiae-jeong-lotto-data\work\primary_mode_1245_v4_remote_verified_20261009\research\1245_final_pipeline_v3\recovered_original_assets\outputs\b_model_50_round_trends.csv,6264,1791526730563742500,2026-10-09T06:18:50.563742+00:00,199bd09e71f9f7171b2c26ee68a7eb8afd40edcd17a1f8907dd09c2a4e7f57df
C:\Users\admin\Documents\Codex\2026-10-09\6-45-jiae-jeong-lotto-data\work\primary_mode_1245_v4_remote_verified_20261009\research\1245_final_pipeline_v3\recovered_original_assets\b_model_backtest.py,27977,1791526730817452100,2026-10-09T06:18:50.817452+00:00,3ecf4fb805c2448e49c39e01174b3a112d4865c7ff1a31157437515b78be47cb
C:\Users\admin\Documents\Codex\2026-10-09\6-45-jiae-jeong-lotto-data\work\prediction_1245_v4_remote_verified_20261009\research\1245_final_pipeline_v3\recovered_original_assets\b_model_backtest.py,27977,1791523749961672200,2026-10-09T05:29:09.961672+00:00,3ecf4fb805c2448e49c39e01174b3a112d4865c7ff1a31157437515b78be47cb
C:\Users\admin\Documents\Codex\2026-10-09\6-45-jiae-jeong-lotto-data\work\prospective_v4_latest_main_20261009\analysis\2026-10-06\B_MODEL_RESULTS.md,2301,1791520358358911800,2026-10-09T04:32:38.358912+00:00,34e54b5a62493044333df85e8d54f9272e088021cba6f8287abcfb197e637ac8
C:\Users\admin\Documents\Codex\2026-10-09\6-45-jiae-jeong-lotto-data\work\prediction_1245_v4_remote_verified_20261009\research\1245_final_pipeline_v3\recovered_original_assets\outputs\RECOVERY_README.md,2318,1791523749993614100,2026-10-09T05:29:09.993614+00:00,c1eff0ff2bc82ecadcd6db82582f942203a7126ecd766fbcb25df6a1befe9948
C:\Users\admin\Documents\Codex\2026-10-09\6-45-jiae-jeong-lotto-data\work\prediction_1245_v4_remote_verified_20261009\research\1245_final_pipeline_v3\recovered_original_assets\outputs\OUTPUT_SHA256.csv,1270,1791523749844964600,2026-10-09T05:29:09.844965+00:00,f122d0b9a995a76b031a2e5f881f33e39b51ac7804e608505e0bb991d2a73852
C:\Users\admin\Documents\Codex\2026-10-09\6-45-jiae-jeong-lotto-data\work\prediction_1245_v4_remote_verified_20261009\research\1245_final_pipeline_v3\recovered_original_assets\outputs\b_model_predictions.csv,3236859,1791523749932510200,2026-10-09T05:29:09.932510+00:00,088685b5c30275c2640dfda2001beb99cebf5855156ae54ad5e0f6f170cf39be
C:\Users\admin\Documents\Codex\2026-10-09\6-45-jiae-jeong-lotto-data\work\prediction_1245_v4_remote_verified_20261009\research\1245_final_pipeline_v3\recovered_original_assets\outputs\b_model_holdout_metrics.csv,113856,1791523749824522900,2026-10-09T05:29:09.824523+00:00,147765c9f3353deac5cc5c91e37ce0f80a7e4608c9e29738d4724130df5bc2a4
C:\Users\admin\Documents\Codex\2026-10-09\6-45-jiae-jeong-lotto-data\work\prediction_1245_v4_remote_verified_20261009\research\1245_final_pipeline_v3\recovered_original_assets\outputs\b_model_classification.csv,3509,1791523750019906000,2026-10-09T05:29:10.019906+00:00,2c7a8030b0129eef55137852a8e5e297d916239c46a8fc9bbe0e0c467ecf9ff2
C:\Users\admin\Documents\Codex\2026-10-09\6-45-jiae-jeong-lotto-data\work\prediction_1245_v4_remote_verified_20261009\research\1245_final_pipeline_v3\recovered_original_assets\outputs\b_model_50_round_trends.csv,6264,1791523749872868200,2026-10-09T05:29:09.872868+00:00,199bd09e71f9f7171b2c26ee68a7eb8afd40edcd17a1f8907dd09c2a4e7f57df
C:\Users\admin\Documents\Codex\2026-10-09\6-45-jiae-jeong-lotto-data\work\lotto-data-main\analysis\2026-10-06\B_MODEL_RESULTS.md,2301,1791390046000000000,2026-10-07T16:20:46+00:00,34e54b5a62493044333df85e8d54f9272e088021cba6f8287abcfb197e637ac8
C:\Users\admin\Documents\Codex\2026-10-09\6-45-jiae-jeong-lotto-data\work\b_model_restore_latest_main_20261009_v4\analysis\2026-10-06\B_MODEL_RESULTS.md,2340,1791519877511716000,2026-10-09T04:24:37.511716+00:00,ec771a8d4a6a3ad340e6df126b0da20afbe74b317bf963dac0e37e9cfe095e22
C:\Users\admin\Documents\Codex\2026-10-09\6-45-jiae-jeong-lotto-data\work\primary_mode_1245_v4_clean_20261009\analysis\2026-10-06\B_MODEL_RESULTS.md,2301,1791525791459758400,2026-10-09T06:03:11.459758+00:00,34e54b5a62493044333df85e8d54f9272e088021cba6f8287abcfb197e637ac8
C:\Users\admin\Documents\Codex\2026-10-09\6-45-jiae-jeong-lotto-data\work\prospective_v4_latest_main_20261009\research\1245_final_pipeline_v3\recovered_original_assets\outputs\RECOVERY_README.md,2318,1791520358435268100,2026-10-09T04:32:38.435268+00:00,c1eff0ff2bc82ecadcd6db82582f942203a7126ecd766fbcb25df6a1befe9948
C:\Users\admin\Documents\Codex\2026-10-09\6-45-jiae-jeong-lotto-data\work\prospective_v4_latest_main_20261009\research\1245_final_pipeline_v3\recovered_original_assets\outputs\OUTPUT_SHA256.csv,1270,1791520358435268100,2026-10-09T04:32:38.435268+00:00,f122d0b9a995a76b031a2e5f881f33e39b51ac7804e608505e0bb991d2a73852
C:\Users\admin\Documents\Codex\2026-10-09\6-45-jiae-jeong-lotto-data\work\prospective_v4_latest_main_20261009\research\1245_final_pipeline_v3\recovered_original_assets\outputs\b_model_predictions.csv,3236859,1791520358454664200,2026-10-09T04:32:38.454664+00:00,088685b5c30275c2640dfda2001beb99cebf5855156ae54ad5e0f6f170cf39be
C:\Users\admin\Documents\Codex\2026-10-09\6-45-jiae-jeong-lotto-data\work\prospective_v4_latest_main_20261009\research\1245_final_pipeline_v3\recovered_original_assets\outputs\b_model_holdout_metrics.csv,113856,1791520358449937600,2026-10-09T04:32:38.449938+00:00,147765c9f3353deac5cc5c91e37ce0f80a7e4608c9e29738d4724130df5bc2a4
C:\Users\admin\Documents\Codex\2026-10-09\6-45-jiae-jeong-lotto-data\work\prospective_v4_latest_main_20261009\research\1245_final_pipeline_v3\recovered_original_assets\outputs\b_model_classification.csv,3509,1791520358435268100,2026-10-09T04:32:38.435268+00:00,2c7a8030b0129eef55137852a8e5e297d916239c46a8fc9bbe0e0c467ecf9ff2
C:\Users\admin\Documents\Codex\2026-10-09\6-45-jiae-jeong-lotto-data\work\prospective_v4_latest_main_20261009\research\1245_final_pipeline_v3\recovered_original_assets\outputs\b_model_50_round_trends.csv,6264,1791520358435268100,2026-10-09T04:32:38.435268+00:00,199bd09e71f9f7171b2c26ee68a7eb8afd40edcd17a1f8907dd09c2a4e7f57df
C:\Users\admin\Documents\Codex\2026-10-09\6-45-jiae-jeong-lotto-data\work\prospective_v4_latest_main_20261009\research\1245_final_pipeline_v3\recovered_original_assets\b_model_backtest.py,27977,1791520358435268100,2026-10-09T04:32:38.435268+00:00,3ecf4fb805c2448e49c39e01174b3a112d4865c7ff1a31157437515b78be47cb
C:\Users\admin\Documents\Codex\2026-10-09\6-45-jiae-jeong-lotto-data\lotto-repo\research\1245_final_pipeline_v3\recovered_original_assets\outputs\RECOVERY_README.md,2318,1791476974000000000,2026-10-08T16:29:34+00:00,c1eff0ff2bc82ecadcd6db82582f942203a7126ecd766fbcb25df6a1befe9948
C:\Users\admin\Documents\Codex\2026-10-09\6-45-jiae-jeong-lotto-data\lotto-repo\research\1245_final_pipeline_v3\recovered_original_assets\outputs\OUTPUT_SHA256.csv,1270,1791476974000000000,2026-10-08T16:29:34+00:00,f122d0b9a995a76b031a2e5f881f33e39b51ac7804e608505e0bb991d2a73852
C:\Users\admin\Documents\Codex\2026-10-09\6-45-jiae-jeong-lotto-data\lotto-repo\research\1245_final_pipeline_v3\recovered_original_assets\outputs\b_model_predictions.csv,3236859,1791476974000000000,2026-10-08T16:29:34+00:00,088685b5c30275c2640dfda2001beb99cebf5855156ae54ad5e0f6f170cf39be
C:\Users\admin\Documents\Codex\2026-10-09\6-45-jiae-jeong-lotto-data\lotto-repo\research\1245_final_pipeline_v3\recovered_original_assets\outputs\b_model_holdout_metrics.csv,113856,1791476974000000000,2026-10-08T16:29:34+00:00,147765c9f3353deac5cc5c91e37ce0f80a7e4608c9e29738d4724130df5bc2a4
C:\Users\admin\Documents\Codex\2026-10-09\6-45-jiae-jeong-lotto-data\lotto-repo\research\1245_final_pipeline_v3\recovered_original_assets\outputs\b_model_classification.csv,3509,1791476974000000000,2026-10-08T16:29:34+00:00,2c7a8030b0129eef55137852a8e5e297d916239c46a8fc9bbe0e0c467ecf9ff2
C:\Users\admin\Documents\Codex\2026-10-09\6-45-jiae-jeong-lotto-data\lotto-repo\research\1245_final_pipeline_v3\recovered_original_assets\outputs\b_model_50_round_trends.csv,6264,1791476974000000000,2026-10-08T16:29:34+00:00,199bd09e71f9f7171b2c26ee68a7eb8afd40edcd17a1f8907dd09c2a4e7f57df
C:\Users\admin\Documents\Codex\2026-10-09\6-45-jiae-jeong-lotto-data\work\prediction_1245_v4_clean_20261009\analysis\2026-10-06\B_MODEL_RESULTS.md,2301,1791523232980634900,2026-10-09T05:20:32.980635+00:00,34e54b5a62493044333df85e8d54f9272e088021cba6f8287abcfb197e637ac8
C:\Users\admin\Documents\Codex\2026-10-09\6-45-jiae-jeong-lotto-data\work\b_model_restore_latest_main_20261009_v4\research\1245_final_pipeline_v3\recovered_original_assets\b_model_backtest.py,28431,1791519877733622100,2026-10-09T04:24:37.733622+00:00,9071335eea9b83cd416811f54286a4a9a1c1361889fa1288d87b5e0ca764a683
C:\Users\admin\Documents\Codex\2026-10-09\6-45-jiae-jeong-lotto-data\work\prediction_1245_v4_clean_20261009\research\1245_final_pipeline_v3\recovered_original_assets\b_model_backtest.py,27977,1791523233049104800,2026-10-09T05:20:33.049105+00:00,3ecf4fb805c2448e49c39e01174b3a112d4865c7ff1a31157437515b78be47cb
C:\Users\admin\Documents\Codex\2026-10-09\6-45-jiae-jeong-lotto-data\work\b_model_restore_latest_main_20261009_v4\research\1245_final_pipeline_v3\recovered_original_assets\outputs\b_model_50_round_trends.csv,6264,1791519878782453500,2026-10-09T04:24:38.782454+00:00,199bd09e71f9f7171b2c26ee68a7eb8afd40edcd17a1f8907dd09c2a4e7f57df
C:\Users\admin\Documents\Codex\2026-10-09\6-45-jiae-jeong-lotto-data\work\b_model_restore_latest_main_20261009_v4\research\1245_final_pipeline_v3\recovered_original_assets\outputs\b_model_holdout_metrics.csv,113856,1791519878752879800,2026-10-09T04:24:38.752880+00:00,147765c9f3353deac5cc5c91e37ce0f80a7e4608c9e29738d4724130df5bc2a4
C:\Users\admin\Documents\Codex\2026-10-09\6-45-jiae-jeong-lotto-data\work\b_model_restore_latest_main_20261009_v4\research\1245_final_pipeline_v3\recovered_original_assets\outputs\b_model_classification.csv,3509,1791519878775442200,2026-10-09T04:24:38.775442+00:00,2c7a8030b0129eef55137852a8e5e297d916239c46a8fc9bbe0e0c467ecf9ff2
C:\Users\admin\Documents\Codex\2026-10-09\6-45-jiae-jeong-lotto-data\work\b_model_restore_latest_main_20261009_v4\research\1245_final_pipeline_v3\recovered_original_assets\outputs\b_model_predictions.csv,3236859,1791519878718823000,2026-10-09T04:24:38.718823+00:00,088685b5c30275c2640dfda2001beb99cebf5855156ae54ad5e0f6f170cf39be
C:\Users\admin\Documents\Codex\2026-10-09\6-45-jiae-jeong-lotto-data\work\b_model_restore_latest_main_20261009_v4\research\1245_final_pipeline_v3\recovered_original_assets\outputs\OUTPUT_SHA256.csv,1270,1791519878802251800,2026-10-09T04:24:38.802252+00:00,f122d0b9a995a76b031a2e5f881f33e39b51ac7804e608505e0bb991d2a73852
C:\Users\admin\Documents\Codex\2026-10-09\6-45-jiae-jeong-lotto-data\work\b_model_restore_latest_main_20261009_v4\research\1245_final_pipeline_v3\recovered_original_assets\outputs\RECOVERY_README.md,2318,1791519878809272200,2026-10-09T04:24:38.809272+00:00,c1eff0ff2bc82ecadcd6db82582f942203a7126ecd766fbcb25df6a1befe9948
C:\Users\admin\Documents\Codex\2026-10-09\6-45-jiae-jeong-lotto-data\work\primary_mode_1245_v4_clean_20261009\research\1245_final_pipeline_v3\recovered_original_assets\b_model_backtest.py,27977,1791525791556250900,2026-10-09T06:03:11.556251+00:00,3ecf4fb805c2448e49c39e01174b3a112d4865c7ff1a31157437515b78be47cb
C:\Users\admin\Documents\Codex\2026-10-09\6-45-jiae-jeong-lotto-data\work\prediction_1245_v4_clean_20261009\research\1245_final_pipeline_v3\recovered_original_assets\outputs\RECOVERY_README.md,2318,1791523233055475200,2026-10-09T05:20:33.055475+00:00,c1eff0ff2bc82ecadcd6db82582f942203a7126ecd766fbcb25df6a1befe9948
C:\Users\admin\Documents\Codex\2026-10-09\6-45-jiae-jeong-lotto-data\work\prediction_1245_v4_clean_20261009\research\1245_final_pipeline_v3\recovered_original_assets\outputs\OUTPUT_SHA256.csv,1270,1791523233053464600,2026-10-09T05:20:33.053465+00:00,f122d0b9a995a76b031a2e5f881f33e39b51ac7804e608505e0bb991d2a73852
C:\Users\admin\Documents\Codex\2026-10-09\6-45-jiae-jeong-lotto-data\work\prediction_1245_v4_clean_20261009\research\1245_final_pipeline_v3\recovered_original_assets\outputs\b_model_predictions.csv,3236859,1791523233080095200,2026-10-09T05:20:33.080095+00:00,088685b5c30275c2640dfda2001beb99cebf5855156ae54ad5e0f6f170cf39be
C:\Users\admin\Documents\Codex\2026-10-09\6-45-jiae-jeong-lotto-data\work\prediction_1245_v4_clean_20261009\research\1245_final_pipeline_v3\recovered_original_assets\outputs\b_model_holdout_metrics.csv,113856,1791523233064290300,2026-10-09T05:20:33.064290+00:00,147765c9f3353deac5cc5c91e37ce0f80a7e4608c9e29738d4724130df5bc2a4
C:\Users\admin\Documents\Codex\2026-10-09\6-45-jiae-jeong-lotto-data\work\prediction_1245_v4_clean_20261009\research\1245_final_pipeline_v3\recovered_original_assets\outputs\b_model_classification.csv,3509,1791523233059984800,2026-10-09T05:20:33.059985+00:00,2c7a8030b0129eef55137852a8e5e297d916239c46a8fc9bbe0e0c467ecf9ff2
C:\Users\admin\Documents\Codex\2026-10-09\6-45-jiae-jeong-lotto-data\work\prediction_1245_v4_clean_20261009\research\1245_final_pipeline_v3\recovered_original_assets\outputs\b_model_50_round_trends.csv,6264,1791523233057984100,2026-10-09T05:20:33.057984+00:00,199bd09e71f9f7171b2c26ee68a7eb8afd40edcd17a1f8907dd09c2a4e7f57df
C:\Users\admin\Documents\Codex\2026-10-09\6-45-jiae-jeong-lotto-data\work\primary_mode_1245_v4_clean_20261009\research\1245_final_pipeline_v3\recovered_original_assets\outputs\RECOVERY_README.md,2318,1791525791563361300,2026-10-09T06:03:11.563361+00:00,c1eff0ff2bc82ecadcd6db82582f942203a7126ecd766fbcb25df6a1befe9948
C:\Users\admin\Documents\Codex\2026-10-09\6-45-jiae-jeong-lotto-data\work\primary_mode_1245_v4_clean_20261009\research\1245_final_pipeline_v3\recovered_original_assets\outputs\OUTPUT_SHA256.csv,1270,1791525791560359200,2026-10-09T06:03:11.560359+00:00,f122d0b9a995a76b031a2e5f881f33e39b51ac7804e608505e0bb991d2a73852
C:\Users\admin\Documents\Codex\2026-10-09\6-45-jiae-jeong-lotto-data\work\primary_mode_1245_v4_clean_20261009\research\1245_final_pipeline_v3\recovered_original_assets\outputs\b_model_predictions.csv,3236859,1791525791578387800,2026-10-09T06:03:11.578388+00:00,088685b5c30275c2640dfda2001beb99cebf5855156ae54ad5e0f6f170cf39be
C:\Users\admin\Documents\Codex\2026-10-09\6-45-jiae-jeong-lotto-data\work\primary_mode_1245_v4_clean_20261009\research\1245_final_pipeline_v3\recovered_original_assets\outputs\b_model_holdout_metrics.csv,113856,1791525791570255900,2026-10-09T06:03:11.570256+00:00,147765c9f3353deac5cc5c91e37ce0f80a7e4608c9e29738d4724130df5bc2a4
C:\Users\admin\Documents\Codex\2026-10-09\6-45-jiae-jeong-lotto-data\work\primary_mode_1245_v4_clean_20261009\research\1245_final_pipeline_v3\recovered_original_assets\outputs\b_model_classification.csv,3509,1791525791566864100,2026-10-09T06:03:11.566864+00:00,2c7a8030b0129eef55137852a8e5e297d916239c46a8fc9bbe0e0c467ecf9ff2
C:\Users\admin\Documents\Codex\2026-10-09\6-45-jiae-jeong-lotto-data\work\primary_mode_1245_v4_clean_20261009\research\1245_final_pipeline_v3\recovered_original_assets\outputs\b_model_50_round_trends.csv,6264,1791525791565366000,2026-10-09T06:03:11.565366+00:00,199bd09e71f9f7171b2c26ee68a7eb8afd40edcd17a1f8907dd09c2a4e7f57df
