item,status,execution,source,mean_hits,ticket_hit_distribution,predictive_edge,recommendation_rule_changed
A_MODEL_ORIGINAL,NOT FOUND,NOT EXECUTED,Previous repository/local search plus returned historical chat messages; exact source absent,NOT CALCULATED THIS RUN,NOT CALCULATED THIS RUN,INSUFFICIENT EVIDENCE,False
C_MODEL_ORIGINAL,NOT FOUND,NOT EXECUTED,"Related S/V4 models preserved, not substituted for legacy C",NOT CALCULATED THIS RUN,NOT CALCULATED THIS RUN,INSUFFICIENT EVIDENCE,False
CONTRARIAN_MODEL_ORIGINAL,NOT FOUND,NOT EXECUTED,Exact historical formula absent,NOT CALCULATED THIS RUN,NOT CALCULATED THIS RUN,INSUFFICIENT EVIDENCE,False
B_V1,REPRODUCED,Prior completed B audit; NOT RERUN,2892b0d4424c72554612d464b7a7093f814e3fc3,NOT CALCULATED THIS RUN,NOT CALCULATED THIS RUN,INSUFFICIENT EVIDENCE,False
B_RANDOM_BASELINE,MONTE_CARLO_VERIFIED,Prior completed Monte Carlo; NOT RERUN,fa5b248b190b204da60f509afa26ffaa0bbe77af,NOT CALCULATED THIS RUN,NOT CALCULATED THIS RUN,INSUFFICIENT EVIDENCE,False
INDEPENDENT_SIGNALS_STRUCTURE,VERIFIED,Prior completed independent run; hash rechecked,b6643b225e62ece4428216c363027b3a82c7d9cb,NOT CALCULATED THIS RUN,NOT CALCULATED THIS RUN,INSUFFICIENT EVIDENCE,False
PAIR_TRIPLE_MULTIPLICITY,VERIFIED,New executed exact all-relation test,PAIR_TRIPLE_MULTIPLICITY_ALL.csv,NOT CALCULATED THIS RUN,NOT CALCULATED THIS RUN,INSUFFICIENT EVIDENCE,False
TOP10_RELATION_WALKFORWARD,VERIFIED,New executed past-only relation-occurrence test; no ticket performance,TOP10_RELATION_WALKFORWARD_SUMMARY.csv,NOT CALCULATED THIS RUN,NOT CALCULATED THIS RUN,INSUFFICIENT EVIDENCE,False
1244_SECONDARY_QUOTED_ARITHMETIC,VERIFIED,New mechanical set comparison; not authentic pre-outcome source,POSTDRAW_QUOTED_1244_ARITHMETIC.json,NOT CALCULATED THIS RUN,NOT CALCULATED THIS RUN,INSUFFICIENT EVIDENCE,False
ORIGINAL_RECOMMENDATION_CLOSEDLOOP,NOT EXECUTED,Pre-outcome source / model identity / cutoff missing,One postdraw quotation is not eligible,NOT CALCULATED THIS RUN,NOT CALCULATED THIS RUN,INSUFFICIENT EVIDENCE,False
STRUCTURE_FILTER_TICKET_ALLOW_VETO,NOT EXECUTED,Replacement/allocation policy absent; no new candidate generation,Prior structure incidence/event-probability studies preserved,NOT CALCULATED THIS RUN,NOT CALCULATED THIS RUN,INSUFFICIENT EVIDENCE,False
