order,anchor,recorded_exact_null_sd,independent_conditional_null_sd,status
2,400,4.047151987808241,4.047151987808241,PASS
2,600,4.174500474658443,4.174500474658443,PASS
2,800,3.8140743256443366,3.8140743256443366,PASS
2,1000,3.8820961427804677,3.8820961427804677,PASS
2,1100,3.77960437234024,3.77960437234024,PASS
3,400,1.1821109848621738,1.1821109848621738,PASS
3,600,1.1990025349105344,1.1990025349105344,PASS
3,800,1.1909888182926174,1.1909888182926174,PASS
3,1000,1.2001999773935441,1.2001999773935441,PASS
3,1100,1.2097368481798323,1.2097368481798323,PASS
