group,path,sha256,status
prior_A,C:\Users\admin\Documents\Codex\2026-10-09\6-45-jiae-jeong-lotto-data\outputs\A_ERRORLOOP_C_RESEARCH_20261009_v2\A_ERRORLOOP_C_RESEARCH_REPORT_20261009_v2.md,2d1341301a1fc2fe0f3a24997f9a4ecf4015d12ff2844ee176cfb30f9abc3ee2,PASS
prior_A,C:\Users\admin\Documents\Codex\2026-10-09\6-45-jiae-jeong-lotto-data\outputs\A_ERRORLOOP_C_RESEARCH_20261009_v2\ACTUAL_EXECUTION_RESULT.json,4a9430e70058207a640be13c68e09cdcf0c775f487d2c27b2e2fcdeb515270d1,PASS
prior_A,C:\Users\admin\Documents\Codex\2026-10-09\6-45-jiae-jeong-lotto-data\outputs\A_ERRORLOOP_C_RESEARCH_20261009_v2\B_FROZEN_REFERENCE.json,6cf4d699140d3834e9cdb93f1688b734fbe46ebb598877b4e062af8d5ff9dc62,PASS
prior_A,C:\Users\admin\Documents\Codex\2026-10-09\6-45-jiae-jeong-lotto-data\outputs\A_ERRORLOOP_C_RESEARCH_20261009_v2\CONTRARIAN_STRUCTURE_INCIDENCE.csv,69701d79bffeee0307b143f0d92a0f27773c368e729788e6c5bddfa88754837f,PASS
prior_A,C:\Users\admin\Documents\Codex\2026-10-09\6-45-jiae-jeong-lotto-data\outputs\A_ERRORLOOP_C_RESEARCH_20261009_v2\DATA_INTEGRITY.json,de22bc2036bb90949f1081d00924feda6d1a7253053c0266621f3a465c914934,PASS
prior_A,C:\Users\admin\Documents\Codex\2026-10-09\6-45-jiae-jeong-lotto-data\outputs\A_ERRORLOOP_C_RESEARCH_20261009_v2\DRAW_STRUCTURE_FEATURES.csv,a551a8d0d8a80abdc435136876d208ac198de54e36414bc2dcb9eb953554675a,PASS
prior_A,C:\Users\admin\Documents\Codex\2026-10-09\6-45-jiae-jeong-lotto-data\outputs\A_ERRORLOOP_C_RESEARCH_20261009_v2\ENDING_DIGIT_WINDOW_DISTRIBUTIONS.csv,7fc8c6a3d4b6caa359786a8c49194b2e2318ca8f63416b11919256cf868aec8e,PASS
prior_A,C:\Users\admin\Documents\Codex\2026-10-09\6-45-jiae-jeong-lotto-data\outputs\A_ERRORLOOP_C_RESEARCH_20261009_v2\ERRORLOOP_VERIFICATION_STATUS.json,04fa56c05c7a4e0db0d47957b783c20a4f3b88a8f8b470d0ce8eb3d2ff256a0a,PASS
prior_A,C:\Users\admin\Documents\Codex\2026-10-09\6-45-jiae-jeong-lotto-data\outputs\A_ERRORLOOP_C_RESEARCH_20261009_v2\EXACT_STRUCTURE_BASELINE.json,538bda42609d64e8390622b64e747cccf104760de104f3665ccf2a36ef076941,PASS
prior_A,C:\Users\admin\Documents\Codex\2026-10-09\6-45-jiae-jeong-lotto-data\outputs\A_ERRORLOOP_C_RESEARCH_20261009_v2\execute_research_with_logs.py,6cc7c045a5a048b48b801f4ebfae7139f60121bc28542e980dfa70a481d503a2,PASS
prior_A,C:\Users\admin\Documents\Codex\2026-10-09\6-45-jiae-jeong-lotto-data\outputs\A_ERRORLOOP_C_RESEARCH_20261009_v2\EXECUTION_PLAN_SEAL.json,75e4da6698d26c3c00bf4feec3185610144d94b83e671fe79a8211f169fff648,PASS
prior_A,C:\Users\admin\Documents\Codex\2026-10-09\6-45-jiae-jeong-lotto-data\outputs\A_ERRORLOOP_C_RESEARCH_20261009_v2\EXECUTION_STDERR.log,e3b0c44298fc1c149afbf4c8996fb92427ae41e4649b934ca495991b7852b855,PASS
prior_A,C:\Users\admin\Documents\Codex\2026-10-09\6-45-jiae-jeong-lotto-data\outputs\A_ERRORLOOP_C_RESEARCH_20261009_v2\EXECUTION_STDOUT.log,a7be63261c5a5022444470c5542c83231ee83111e63ef21657380354d7079030,PASS
prior_A,C:\Users\admin\Documents\Codex\2026-10-09\6-45-jiae-jeong-lotto-data\outputs\A_ERRORLOOP_C_RESEARCH_20261009_v2\extend_signal_diagnostics.py,073f56c1176849dd2cba356ad30ec6b5d5f7c704bba2e841db6aeff0a51c5e9f,PASS
prior_A,C:\Users\admin\Documents\Codex\2026-10-09\6-45-jiae-jeong-lotto-data\outputs\A_ERRORLOOP_C_RESEARCH_20261009_v2\EXTENSION_EXECUTION_RESULT.json,e7bc40a8d565f6ff7ba7e889e1bbc3efe4b32a7429be79afb5933ed441f10892,PASS
prior_A,C:\Users\admin\Documents\Codex\2026-10-09\6-45-jiae-jeong-lotto-data\outputs\A_ERRORLOOP_C_RESEARCH_20261009_v2\EXTENSION_STDERR.log,e3b0c44298fc1c149afbf4c8996fb92427ae41e4649b934ca495991b7852b855,PASS
prior_A,C:\Users\admin\Documents\Codex\2026-10-09\6-45-jiae-jeong-lotto-data\outputs\A_ERRORLOOP_C_RESEARCH_20261009_v2\EXTENSION_STDOUT.log,afb84d56065cc965077c92a6bcd6bdb840ac14b7689cc30245830eeba64af5eb,PASS
prior_A,C:\Users\admin\Documents\Codex\2026-10-09\6-45-jiae-jeong-lotto-data\outputs\A_ERRORLOOP_C_RESEARCH_20261009_v2\failed_v1_evidence\ACTUAL_EXECUTION_RESULT.json,9f3c1b4e174541f23b8e5d89aa018c482035496f916e80e6d7754173fa4a88a9,PASS
prior_A,C:\Users\admin\Documents\Codex\2026-10-09\6-45-jiae-jeong-lotto-data\outputs\A_ERRORLOOP_C_RESEARCH_20261009_v2\failed_v1_evidence\EXECUTION_PLAN_SEAL.json,15a04628605d0541f8efccb66257fb8e2b4102d6f68a6d714851570e229c636d,PASS
prior_A,C:\Users\admin\Documents\Codex\2026-10-09\6-45-jiae-jeong-lotto-data\outputs\A_ERRORLOOP_C_RESEARCH_20261009_v2\failed_v1_evidence\EXECUTION_STDERR.log,d8426f538437142b5a930ad30c1764ef7b6c96380cf23e1bc7114d53fba66a23,PASS
prior_A,C:\Users\admin\Documents\Codex\2026-10-09\6-45-jiae-jeong-lotto-data\outputs\A_ERRORLOOP_C_RESEARCH_20261009_v2\failed_v1_evidence\EXECUTION_STDOUT.log,47652e8221bd26c86b3dd5d812dbd2d7f842578b39e1c4d989ddf599ab660d0a,PASS
prior_A,C:\Users\admin\Documents\Codex\2026-10-09\6-45-jiae-jeong-lotto-data\outputs\A_ERRORLOOP_C_RESEARCH_20261009_v2\failed_v1_evidence\RESEARCH_CONFIG.json,cb60f9a2a4312654645ba2b7c620f4c6ef874500bfcbd506c26746dc7e0af421,PASS
prior_A,C:\Users\admin\Documents\Codex\2026-10-09\6-45-jiae-jeong-lotto-data\outputs\A_ERRORLOOP_C_RESEARCH_20261009_v2\failed_v1_evidence\RESEARCH_PROTOCOL.md,332ff78f8816baa473916d34ed5f5a64175413c6bd9809c7d8b7824007f37f28,PASS
prior_A,C:\Users\admin\Documents\Codex\2026-10-09\6-45-jiae-jeong-lotto-data\outputs\A_ERRORLOOP_C_RESEARCH_20261009_v2\failed_v1_evidence\run_independent_signal_research.py,a1d09446f322198aeda5a545d2447f478c57b525953d5922c19af40bc22e7fb0,PASS
prior_A,C:\Users\admin\Documents\Codex\2026-10-09\6-45-jiae-jeong-lotto-data\outputs\A_ERRORLOOP_C_RESEARCH_20261009_v2\FINAL_VERIFICATION.json,61be39db36e3c7e33e38228c2ac9fe2dae3dc6cb509886ab18053ffe2191e207,PASS
prior_A,C:\Users\admin\Documents\Codex\2026-10-09\6-45-jiae-jeong-lotto-data\outputs\A_ERRORLOOP_C_RESEARCH_20261009_v2\finalize_research_bundle.py,3f8b4ce108f5ec9b47ed4903c53a8eddfe91e3ab142b580dab2f28b155d82533,PASS
prior_A,C:\Users\admin\Documents\Codex\2026-10-09\6-45-jiae-jeong-lotto-data\outputs\A_ERRORLOOP_C_RESEARCH_20261009_v2\FROZEN_B_REFERENCE_HASH_VERIFICATION.csv,e40d20e2abeb2d23d94478e8b748f8ebcef42fc2ad6c00681f0abd4cd0a993aa,PASS
prior_A,C:\Users\admin\Documents\Codex\2026-10-09\6-45-jiae-jeong-lotto-data\outputs\A_ERRORLOOP_C_RESEARCH_20261009_v2\GAP_CUTOFF_TIME_SERIES.csv,1b63a6a2313275b98cd6549cbdf0e91d9c898e1e66d0ed49d99957d008fd2687,PASS
prior_A,C:\Users\admin\Documents\Codex\2026-10-09\6-45-jiae-jeong-lotto-data\outputs\A_ERRORLOOP_C_RESEARCH_20261009_v2\GAP_TIME_BLOCK_SUMMARY.csv,427622cefde3684eab858f8cdc5a03fc36af7cdeda27d889405954fb961a6c73,PASS
prior_A,C:\Users\admin\Documents\Codex\2026-10-09\6-45-jiae-jeong-lotto-data\outputs\A_ERRORLOOP_C_RESEARCH_20261009_v2\GAP_WINDOW_AND_DIRECTION_SUMMARY.csv,73d488cb9542ef2e5c25545ee477c73c1f0bcf403910bbb193a547348e9d58dd,PASS
prior_A,C:\Users\admin\Documents\Codex\2026-10-09\6-45-jiae-jeong-lotto-data\outputs\A_ERRORLOOP_C_RESEARCH_20261009_v2\GIT_HISTORICAL_BLOB_INVENTORY.csv,85f0d4b5c6b56a97015a55d3e7b46948c8880f5b651aeeca225bcb4d31f938a5,PASS
prior_A,C:\Users\admin\Documents\Codex\2026-10-09\6-45-jiae-jeong-lotto-data\outputs\A_ERRORLOOP_C_RESEARCH_20261009_v2\GIT_REFS_AND_COMMITS.txt,7e411ac5b650f93d32aa6542a579f1c1c480515374375ba69d33bb774548f958,PASS
prior_A,C:\Users\admin\Documents\Codex\2026-10-09\6-45-jiae-jeong-lotto-data\outputs\A_ERRORLOOP_C_RESEARCH_20261009_v2\GIT_UNREACHABLE_OBJECT_CHECK.log,87a70c4290f4e5798bdbd798c8bce4d4ecd0b2d737060eabab31a5d5664b2eb8,PASS
prior_A,C:\Users\admin\Documents\Codex\2026-10-09\6-45-jiae-jeong-lotto-data\outputs\A_ERRORLOOP_C_RESEARCH_20261009_v2\GITHUB_REMOTE_HEADS.txt,26e4d8c5b771c959074f70edb6a1b41ce812cdc540ee026b25b3d1a47e3b4a7f,PASS
prior_A,C:\Users\admin\Documents\Codex\2026-10-09\6-45-jiae-jeong-lotto-data\outputs\A_ERRORLOOP_C_RESEARCH_20261009_v2\HISTORICAL_RECOMMENDATION_SOURCE_COVERAGE.csv,dc13a1130d1cd3c44fa814cd646e9312a036cddf29cbc053a8a7cd534c287f64,PASS
prior_A,C:\Users\admin\Documents\Codex\2026-10-09\6-45-jiae-jeong-lotto-data\outputs\A_ERRORLOOP_C_RESEARCH_20261009_v2\LOCAL_SOURCE_FILE_INVENTORY.csv,b9d7b0deb7b3dccdaf10495f5b29d866ce3d5a26e005da648688f6a38638cdcd,PASS
prior_A,C:\Users\admin\Documents\Codex\2026-10-09\6-45-jiae-jeong-lotto-data\outputs\A_ERRORLOOP_C_RESEARCH_20261009_v2\LONG_RECENT_SIGNAL_CONFLICTS.csv,6e010b714393897db42156996d1bd65510b3eafea6ee7def921226e06e410ca3,PASS
prior_A,C:\Users\admin\Documents\Codex\2026-10-09\6-45-jiae-jeong-lotto-data\outputs\A_ERRORLOOP_C_RESEARCH_20261009_v2\MODEL_SIGNAL_SCORECARD.csv,194fe6d21068ec0fa8b4feeedee4689e7b712f6072520f538f4e48c2ba23ba09,PASS
prior_A,C:\Users\admin\Documents\Codex\2026-10-09\6-45-jiae-jeong-lotto-data\outputs\A_ERRORLOOP_C_RESEARCH_20261009_v2\NEW_CSV_SCHEMA_VERIFICATION.csv,1077c2b946d8a7deada94e566e5537ca6c4dbd559443ed8bddd04a5be7f23afa,PASS
prior_A,C:\Users\admin\Documents\Codex\2026-10-09\6-45-jiae-jeong-lotto-data\outputs\A_ERRORLOOP_C_RESEARCH_20261009_v2\NEW_HYPOTHESIS_REGISTRY.csv,19b80438229c5463eda642db320a7d6f5a4eee2f8484b51623ab13386125914d,PASS
prior_A,C:\Users\admin\Documents\Codex\2026-10-09\6-45-jiae-jeong-lotto-data\outputs\A_ERRORLOOP_C_RESEARCH_20261009_v2\NUMBER_SIGNAL_WINDOWS.csv,238e05bd07acde7ed7449b415d402fd72d1b7393c8bbc39e4af494b76f9b21a7,PASS
prior_A,C:\Users\admin\Documents\Codex\2026-10-09\6-45-jiae-jeong-lotto-data\outputs\A_ERRORLOOP_C_RESEARCH_20261009_v2\NUMBER_TEMPORAL_STABILITY.csv,eecdb14c59e5c8900a6273c4cd2b9ea2f941cf9b61954221ae9f43b4e1f11662,PASS
prior_A,C:\Users\admin\Documents\Codex\2026-10-09\6-45-jiae-jeong-lotto-data\outputs\A_ERRORLOOP_C_RESEARCH_20261009_v2\NUMBER_TIME_BLOCKS.csv,2899d272172cd1158c55242a038c48f923a9be67cb8a7771c469f8f08b1dd943,PASS
prior_A,C:\Users\admin\Documents\Codex\2026-10-09\6-45-jiae-jeong-lotto-data\outputs\A_ERRORLOOP_C_RESEARCH_20261009_v2\PACKAGE_MEMBER_INVENTORY.csv,b30aaa0cee760d2ee674b51e9c38236cf3df33d75611c6bbf81131b09724f6d9,PASS
prior_A,C:\Users\admin\Documents\Codex\2026-10-09\6-45-jiae-jeong-lotto-data\outputs\A_ERRORLOOP_C_RESEARCH_20261009_v2\PACKAGING_AND_SOURCE_LIMITATIONS.md,ebb3bfc3f638e22e0be3b453df6149a30de2efacbc6f7a18cc718a11ecc7df78,PASS
prior_A,C:\Users\admin\Documents\Codex\2026-10-09\6-45-jiae-jeong-lotto-data\outputs\A_ERRORLOOP_C_RESEARCH_20261009_v2\PACKAGING_VERIFICATION.json,7d44f9d8eb835edf5fb97dc48a5a093176a8ad1fdcf6f224dce4eb46d0279721,PASS
prior_A,C:\Users\admin\Documents\Codex\2026-10-09\6-45-jiae-jeong-lotto-data\outputs\A_ERRORLOOP_C_RESEARCH_20261009_v2\PAIR_TRIPLE_TEMPORAL_STABILITY.csv,be265b73f677ea9195014f5e7080036b8c665029cf200ceba110c4ba2f4e6d8c,PASS
prior_A,C:\Users\admin\Documents\Codex\2026-10-09\6-45-jiae-jeong-lotto-data\outputs\A_ERRORLOOP_C_RESEARCH_20261009_v2\PAIR_TRIPLE_WINDOW_SIGNALS.csv,8e06aff8615d47375f07b93637631617c64ac59ceb32976390886ec559e2a12f,PASS
prior_A,C:\Users\admin\Documents\Codex\2026-10-09\6-45-jiae-jeong-lotto-data\outputs\A_ERRORLOOP_C_RESEARCH_20261009_v2\PRELIMINARY_SHA256_MANIFEST_BEFORE_LOG_CLOSURE.csv,be899f5b04df9c8477def4d3fbcdfb31cf9afca93e0c0052fdc1fff70067a03c,PASS
prior_A,C:\Users\admin\Documents\Codex\2026-10-09\6-45-jiae-jeong-lotto-data\outputs\A_ERRORLOOP_C_RESEARCH_20261009_v2\prepare_a_research_20261009.py,4eba4689c58a816fe6c43f6665370df98fd8e2f55f342b46b77dd8fc69b95050,PASS
prior_A,C:\Users\admin\Documents\Codex\2026-10-09\6-45-jiae-jeong-lotto-data\outputs\A_ERRORLOOP_C_RESEARCH_20261009_v2\PRIOR_ARTIFACT_FORMAT_ISSUES.csv,84dcc6129a815c7fb99fca4c9bc894c839037d2f2900a388d8584c486664f895,PASS
prior_A,C:\Users\admin\Documents\Codex\2026-10-09\6-45-jiae-jeong-lotto-data\outputs\A_ERRORLOOP_C_RESEARCH_20261009_v2\PRIOR_RESEARCH_READ_LEDGER.csv,56cda950c5cf4c429eabf7010e97beb8e31b92d9a06898a18cceb27ddd4b638a,PASS
prior_A,C:\Users\admin\Documents\Codex\2026-10-09\6-45-jiae-jeong-lotto-data\outputs\A_ERRORLOOP_C_RESEARCH_20261009_v2\RECOMMENDATION_ARTIFACT_PROVENANCE.csv,c217ec6a35e6d94b52787e62be4ab36dad3b0114f1c229218eda5704e772f5c0,PASS
prior_A,C:\Users\admin\Documents\Codex\2026-10-09\6-45-jiae-jeong-lotto-data\outputs\A_ERRORLOOP_C_RESEARCH_20261009_v2\RELATED_S008_ALGEBRA_VERIFICATION.json,da351cf45267e3565f959867e68c260e9c106f5eb5026b86c67b3021a212a36a,PASS
prior_A,C:\Users\admin\Documents\Codex\2026-10-09\6-45-jiae-jeong-lotto-data\outputs\A_ERRORLOOP_C_RESEARCH_20261009_v2\RELATED_SOURCE_CODE_FINDINGS.md,ba19f624a713f89a142df56b3521ee03fa11edbc552564c23c6be3338458ca4f,PASS
prior_A,C:\Users\admin\Documents\Codex\2026-10-09\6-45-jiae-jeong-lotto-data\outputs\A_ERRORLOOP_C_RESEARCH_20261009_v2\RELATED_SOURCE_FORMULA_FRAGMENTS.txt,5df7bdea42855be66cdc82fed1ed3ee8daa8ef27a0fd0c7c2788a9b063a1117d,PASS
prior_A,C:\Users\admin\Documents\Codex\2026-10-09\6-45-jiae-jeong-lotto-data\outputs\A_ERRORLOOP_C_RESEARCH_20261009_v2\report_a_research_20261009.py,06d01d7e81baef7733f642f19686a82fe268e1e7643a4c33f4cbba1d0f3927b3,PASS
prior_A,C:\Users\admin\Documents\Codex\2026-10-09\6-45-jiae-jeong-lotto-data\outputs\A_ERRORLOOP_C_RESEARCH_20261009_v2\REPORT_PREPARATION_ATTEMPT_1.log,4e88c9f6e3040daad2374be95c3500602e0e9fa278d0b14e9a2c7a2a2cfd36fb,PASS
prior_A,C:\Users\admin\Documents\Codex\2026-10-09\6-45-jiae-jeong-lotto-data\outputs\A_ERRORLOOP_C_RESEARCH_20261009_v2\REPORT_PREPARATION_ATTEMPT_1_FULL_STDERR.log,7817bd6a27e4c5136b95300d923a12862242d2185a5d0245c51941b2f434454a,PASS
prior_A,C:\Users\admin\Documents\Codex\2026-10-09\6-45-jiae-jeong-lotto-data\outputs\A_ERRORLOOP_C_RESEARCH_20261009_v2\REPORT_PREPARATION_ATTEMPT_3_STDERR.log,e3b0c44298fc1c149afbf4c8996fb92427ae41e4649b934ca495991b7852b855,PASS
prior_A,C:\Users\admin\Documents\Codex\2026-10-09\6-45-jiae-jeong-lotto-data\outputs\A_ERRORLOOP_C_RESEARCH_20261009_v2\REPORT_PREPARATION_ATTEMPT_3_STDOUT.log,a4bbc972b1fb80dde7189f07942ac28899f90037dbd46f57d045c171534f6e13,PASS
prior_A,C:\Users\admin\Documents\Codex\2026-10-09\6-45-jiae-jeong-lotto-data\outputs\A_ERRORLOOP_C_RESEARCH_20261009_v2\REPORT_PREPARATION_STDERR.log,430c84315512e853e40c7b89a97b8199ace0af7957fb2731a55a4057a299116b,PASS
prior_A,C:\Users\admin\Documents\Codex\2026-10-09\6-45-jiae-jeong-lotto-data\outputs\A_ERRORLOOP_C_RESEARCH_20261009_v2\REPORT_PREPARATION_STDOUT.log,e3b0c44298fc1c149afbf4c8996fb92427ae41e4649b934ca495991b7852b855,PASS
prior_A,C:\Users\admin\Documents\Codex\2026-10-09\6-45-jiae-jeong-lotto-data\outputs\A_ERRORLOOP_C_RESEARCH_20261009_v2\REPRODUCTION_COMMANDS.md,a734d8216290ef276d942dcd3ad5d9e672bd88139a152e5139822c84d0fa4709,PASS
prior_A,C:\Users\admin\Documents\Codex\2026-10-09\6-45-jiae-jeong-lotto-data\outputs\A_ERRORLOOP_C_RESEARCH_20261009_v2\RESEARCH_CONFIG.json,e84d61bf1df128c990fa57379729313b14b081426a2bb948fc611d0ef1be6da8,PASS
prior_A,C:\Users\admin\Documents\Codex\2026-10-09\6-45-jiae-jeong-lotto-data\outputs\A_ERRORLOOP_C_RESEARCH_20261009_v2\RESEARCH_PROTOCOL.md,332ff78f8816baa473916d34ed5f5a64175413c6bd9809c7d8b7824007f37f28,PASS
prior_A,C:\Users\admin\Documents\Codex\2026-10-09\6-45-jiae-jeong-lotto-data\outputs\A_ERRORLOOP_C_RESEARCH_20261009_v2\run_independent_signal_research.py,c49dadba0b13a6b8b390f222f8d97f7d131bcd9058241ce10a53b6dc48b321e9,PASS
prior_A,C:\Users\admin\Documents\Codex\2026-10-09\6-45-jiae-jeong-lotto-data\outputs\A_ERRORLOOP_C_RESEARCH_20261009_v2\RUN_METADATA.json,54c5f14b317ed2145a671224103b394895d3aa0f148105cb18cd3880006f00fb,PASS
prior_A,C:\Users\admin\Documents\Codex\2026-10-09\6-45-jiae-jeong-lotto-data\outputs\A_ERRORLOOP_C_RESEARCH_20261009_v2\search_original_sources.py,ee5f1fb3ed71271eb86209ba275f4241db6c251f43a9a2bf18ba64070ef0d552,PASS
prior_A,C:\Users\admin\Documents\Codex\2026-10-09\6-45-jiae-jeong-lotto-data\outputs\A_ERRORLOOP_C_RESEARCH_20261009_v2\SEARCH_SCOPE_AND_ERRORS.json,89959318eab659fa1330ee6b8f7b72b3fc2b34ee5f859c15168e619a285078fc,PASS
prior_A,C:\Users\admin\Documents\Codex\2026-10-09\6-45-jiae-jeong-lotto-data\outputs\A_ERRORLOOP_C_RESEARCH_20261009_v2\SIGNAL_EXTENSION_PROTOCOL.md,8f59572e9a501befd16d189e386beaa3518037c14efea8ab550fd64bd81ebeb4,PASS
prior_A,C:\Users\admin\Documents\Codex\2026-10-09\6-45-jiae-jeong-lotto-data\outputs\A_ERRORLOOP_C_RESEARCH_20261009_v2\SIGNAL_EXTENSION_SEAL.json,6720f29e7f9e1a6b7dd0e8ed6b9a34bcaaf3e32577f610c276ea45267fb46f98,PASS
prior_A,C:\Users\admin\Documents\Codex\2026-10-09\6-45-jiae-jeong-lotto-data\outputs\A_ERRORLOOP_C_RESEARCH_20261009_v2\SOURCE_EVIDENCE_CATALOG.csv,4076e2a7e06b2052c7b6c5637849eb593fc551e95d181b80895d8fdb5d2c8730,PASS
prior_A,C:\Users\admin\Documents\Codex\2026-10-09\6-45-jiae-jeong-lotto-data\outputs\A_ERRORLOOP_C_RESEARCH_20261009_v2\SOURCE_KEYWORD_HITS.csv,af96a1024e27b7998f930289d340422591bc19aad5d9597ed4a8d2ac7d9d7529,PASS
prior_A,C:\Users\admin\Documents\Codex\2026-10-09\6-45-jiae-jeong-lotto-data\outputs\A_ERRORLOOP_C_RESEARCH_20261009_v2\SOURCE_SEARCH_EXECUTION_RECORD.json,af8f7243b7d6fa023b48ca72d225093b30fe3af50dc5c5ca2b4f9eb76cd4ce92,PASS
prior_A,C:\Users\admin\Documents\Codex\2026-10-09\6-45-jiae-jeong-lotto-data\outputs\A_ERRORLOOP_C_RESEARCH_20261009_v2\SOURCE_SEARCH_VERDICT.json,bbe056f36616a34f729385f4bb60d0ae63c9c305d1b3886a8d9141bd33efd62d,PASS
prior_A,C:\Users\admin\Documents\Codex\2026-10-09\6-45-jiae-jeong-lotto-data\outputs\A_ERRORLOOP_C_RESEARCH_20261009_v2\SPECIFIC_MODEL_AND_RECOMMENDATION_HITS.csv,fae917782427e7ea9f4cf19a8dedfc3c520429fc383cf6eae7c8c42601889db6,PASS
prior_A,C:\Users\admin\Documents\Codex\2026-10-09\6-45-jiae-jeong-lotto-data\outputs\A_ERRORLOOP_C_RESEARCH_20261009_v2\START_STATE.json,bd30916c04d706203e8c28da2be58f1b745375ee8cb4808b6f033ae4719ebcdc,PASS
prior_A,C:\Users\admin\Documents\Codex\2026-10-09\6-45-jiae-jeong-lotto-data\outputs\A_ERRORLOOP_C_RESEARCH_20261009_v2\STATUS_CLASSIFICATION.json,3bdf637f9e5c5fbf981e87bb5dfcbe5cf2a9ce04f5535f34b3b80fd57f02da42,PASS
prior_A,C:\Users\admin\Documents\Codex\2026-10-09\6-45-jiae-jeong-lotto-data\outputs\A_ERRORLOOP_C_RESEARCH_20261009_v2\STRUCTURE_DISTRIBUTIONS.csv,1c1638982e568cb4194d451de35b083433d338d1614e76b1b8dd9921d0d1ba61,PASS
prior_A,C:\Users\admin\Documents\Codex\2026-10-09\6-45-jiae-jeong-lotto-data\outputs\A_ERRORLOOP_C_RESEARCH_20261009_v2\STRUCTURE_TEMPORAL_STABILITY.csv,53450090fe18e4b3957ec4b1f6f1cdfccff8863ba22d22b9ed8195f71eae8403,PASS
prior_A,C:\Users\admin\Documents\Codex\2026-10-09\6-45-jiae-jeong-lotto-data\outputs\A_ERRORLOOP_C_RESEARCH_20261009_v2\STRUCTURE_TIME_BLOCKS.csv,5f28f8c477de3c10c20b67eac7e8fbb5401debab6339f047ae8462fc8e967e19,PASS
prior_A,C:\Users\admin\Documents\Codex\2026-10-09\6-45-jiae-jeong-lotto-data\outputs\A_ERRORLOOP_C_RESEARCH_20261009_v2\STRUCTURE_VETO_COVERAGE_DIAGNOSTIC.csv,d8dd33bcace35db2d6a16e0a64b4ea748e4e1f36f3a7eb2ba12d3212090b4ebf,PASS
prior_A,C:\Users\admin\Documents\Codex\2026-10-09\6-45-jiae-jeong-lotto-data\outputs\A_ERRORLOOP_C_RESEARCH_20261009_v2\STRUCTURE_WALKFORWARD_PROBABILITIES.csv,03e85dd8867a048c2b8c68a23bbb67bad73c83bc92f376d5d0cf4733a28120d9,PASS
prior_A,C:\Users\admin\Documents\Codex\2026-10-09\6-45-jiae-jeong-lotto-data\outputs\A_ERRORLOOP_C_RESEARCH_20261009_v2\STRUCTURE_WALKFORWARD_SUMMARY.csv,f8b81194000b882d258a42a0ed96ffd49b77bc10f0df12f60f3a17e6f5174b75,PASS
prior_A,C:\Users\admin\Documents\Codex\2026-10-09\6-45-jiae-jeong-lotto-data\outputs\A_ERRORLOOP_C_RESEARCH_20261009_v2\STRUCTURE_WINDOW_SUMMARY.csv,0410155f3f12853081806662b0cd641f8808db63493732e8e2eecfc396a715ca,PASS
prior_A,C:\Users\admin\Documents\Codex\2026-10-09\6-45-jiae-jeong-lotto-data\outputs\A_ERRORLOOP_C_RESEARCH_20261009_v2\VERIFICATION_STDERR.log,e3b0c44298fc1c149afbf4c8996fb92427ae41e4649b934ca495991b7852b855,PASS
prior_A,C:\Users\admin\Documents\Codex\2026-10-09\6-45-jiae-jeong-lotto-data\outputs\A_ERRORLOOP_C_RESEARCH_20261009_v2\VERIFICATION_STDOUT.log,a69dcdaee90f538c46273734cb484f67bc0208eb5d3b9ee3b2ab4ef3c841442c,PASS
prior_A,C:\Users\admin\Documents\Codex\2026-10-09\6-45-jiae-jeong-lotto-data\outputs\A_ERRORLOOP_C_RESEARCH_20261009_v2\verify_independent_research.py,fd157ffcc5483df43940501014d62b4fe0c4bf8fbba8f8b313f215a8e1058ec0,PASS
frozen_B,C:\Users\admin\Documents\Codex\2026-10-09\6-45-jiae-jeong-lotto-data\outputs\B_MODEL_REPRODUCTION_20261009_v1\AUDIT_UNIQUE_AND_RECENT_B_SCORES.csv,c9660348644f80c1febce9fe1cac271e0adf4faa03161086c725b84b76ca91bb,PASS
frozen_B,C:\Users\admin\Documents\Codex\2026-10-09\6-45-jiae-jeong-lotto-data\outputs\B_MODEL_REPRODUCTION_20261009_v1\b_model_50_round_trends.csv,199bd09e71f9f7171b2c26ee68a7eb8afd40edcd17a1f8907dd09c2a4e7f57df,PASS
frozen_B,C:\Users\admin\Documents\Codex\2026-10-09\6-45-jiae-jeong-lotto-data\outputs\B_MODEL_REPRODUCTION_20261009_v1\b_model_backtest_report.md,b9e3804e02f2c4fed548222b77cf90ff58083d54f184cb4bbee0c5b20489994a,PASS
frozen_B,C:\Users\admin\Documents\Codex\2026-10-09\6-45-jiae-jeong-lotto-data\outputs\B_MODEL_REPRODUCTION_20261009_v1\b_model_classification.csv,2c7a8030b0129eef55137852a8e5e297d916239c46a8fc9bbe0e0c467ecf9ff2,PASS
frozen_B,C:\Users\admin\Documents\Codex\2026-10-09\6-45-jiae-jeong-lotto-data\outputs\B_MODEL_REPRODUCTION_20261009_v1\b_model_holdout_metrics.csv,147765c9f3353deac5cc5c91e37ce0f80a7e4608c9e29738d4724130df5bc2a4,PASS
frozen_B,C:\Users\admin\Documents\Codex\2026-10-09\6-45-jiae-jeong-lotto-data\outputs\B_MODEL_REPRODUCTION_20261009_v1\b_model_predictions.csv,088685b5c30275c2640dfda2001beb99cebf5855156ae54ad5e0f6f170cf39be,PASS
frozen_B,C:\Users\admin\Documents\Codex\2026-10-09\6-45-jiae-jeong-lotto-data\outputs\B_MODEL_REPRODUCTION_20261009_v1\B_MODEL_REPRODUCIBILITY_AUDIT_20261009_v1.md,6518c939b09d0c2287a895fa2572214c9671572114a024b171d3bad3a547bf30,PASS
frozen_B,C:\Users\admin\Documents\Codex\2026-10-09\6-45-jiae-jeong-lotto-data\outputs\B_MODEL_REPRODUCTION_20261009_v1\CORE_VERIFICATION.json,188880fd74346d0235daa109ba4b6877efa028b6381de42ef7d3ed6606b7ea3e,PASS
frozen_B,C:\Users\admin\Documents\Codex\2026-10-09\6-45-jiae-jeong-lotto-data\outputs\B_MODEL_REPRODUCTION_20261009_v1\DIRECT_PATH_DIAGNOSTIC_STDERR.log,dd02baf3af5cb165e61b69620f0cf0775678e89b20c37b31f1bfdbce4c45f59b,PASS
frozen_B,C:\Users\admin\Documents\Codex\2026-10-09\6-45-jiae-jeong-lotto-data\outputs\B_MODEL_REPRODUCTION_20261009_v1\DIRECT_PATH_DIAGNOSTIC_STDOUT.log,e3b0c44298fc1c149afbf4c8996fb92427ae41e4649b934ca495991b7852b855,PASS
frozen_B,C:\Users\admin\Documents\Codex\2026-10-09\6-45-jiae-jeong-lotto-data\outputs\B_MODEL_REPRODUCTION_20261009_v1\DIVERGENT_RESULT_INVESTIGATION.json,687071fa38fc579d2277cf1e5fbefcea1d2481c5c466180dc1ca2a2279f49a1c,PASS
frozen_B,C:\Users\admin\Documents\Codex\2026-10-09\6-45-jiae-jeong-lotto-data\outputs\B_MODEL_REPRODUCTION_20261009_v1\ENVIRONMENT_FAILURE_CHECKS.json,956f69609dc5bf84b2e97c28ed8fd4206b87267160901ea9a6bfb61794d4120d,PASS
frozen_B,C:\Users\admin\Documents\Codex\2026-10-09\6-45-jiae-jeong-lotto-data\outputs\B_MODEL_REPRODUCTION_20261009_v1\ERROR_AND_LIMITATION_REGISTER.json,312984876146bd57d9e2634e54e72ea7660f82a5c1723c35d4091823c6db4306,PASS
frozen_B,C:\Users\admin\Documents\Codex\2026-10-09\6-45-jiae-jeong-lotto-data\outputs\B_MODEL_REPRODUCTION_20261009_v1\EXACT_RANDOM_BASELINE_VALIDATION.json,f663c062a19316dcfa50bb235a626b6a8379f1f3782d1730bcc9cf84f8dd8529,PASS
frozen_B,C:\Users\admin\Documents\Codex\2026-10-09\6-45-jiae-jeong-lotto-data\outputs\B_MODEL_REPRODUCTION_20261009_v1\EXECUTED_b_model_backtest.py,3ecf4fb805c2448e49c39e01174b3a112d4865c7ff1a31157437515b78be47cb,PASS
frozen_B,C:\Users\admin\Documents\Codex\2026-10-09\6-45-jiae-jeong-lotto-data\outputs\B_MODEL_REPRODUCTION_20261009_v1\EXECUTED_INPUT_lotto_data.csv,243cd17e6b97a2d96709ddfc689a068038669341a52dcc0743c141d309e43b9f,PASS
frozen_B,C:\Users\admin\Documents\Codex\2026-10-09\6-45-jiae-jeong-lotto-data\outputs\B_MODEL_REPRODUCTION_20261009_v1\EXECUTION_RESULT.json,a47127e139cf965311d3901c9a2d2488a805d6e0169972ab440d66264cd809c6,PASS
frozen_B,C:\Users\admin\Documents\Codex\2026-10-09\6-45-jiae-jeong-lotto-data\outputs\B_MODEL_REPRODUCTION_20261009_v1\EXECUTION_STDERR.log,e3b0c44298fc1c149afbf4c8996fb92427ae41e4649b934ca495991b7852b855,PASS
frozen_B,C:\Users\admin\Documents\Codex\2026-10-09\6-45-jiae-jeong-lotto-data\outputs\B_MODEL_REPRODUCTION_20261009_v1\EXECUTION_STDOUT.log,e2233cceacb98714b962b8bd24db874e4a7b4e264a3276e2a32f6225ac14898d,PASS
frozen_B,C:\Users\admin\Documents\Codex\2026-10-09\6-45-jiae-jeong-lotto-data\outputs\B_MODEL_REPRODUCTION_20261009_v1\EXISTING_ASSET_METADATA.csv,b67e28f176c93939f54703afe7ea73bac212744b40616c51963e7b5de4d07aaa,PASS
frozen_B,C:\Users\admin\Documents\Codex\2026-10-09\6-45-jiae-jeong-lotto-data\outputs\B_MODEL_REPRODUCTION_20261009_v1\EXISTING_ASSETS_AFTER.json,6ccaa17df814593249f44215cb404777ddc02f74db632602caa8d807044a912e,PASS
frozen_B,C:\Users\admin\Documents\Codex\2026-10-09\6-45-jiae-jeong-lotto-data\outputs\B_MODEL_REPRODUCTION_20261009_v1\EXISTING_ASSETS_BEFORE.json,306d965850f52fc10ea550503e7ac1df37044d90f2ceacade3620c970147e7c1,PASS
frozen_B,C:\Users\admin\Documents\Codex\2026-10-09\6-45-jiae-jeong-lotto-data\outputs\B_MODEL_REPRODUCTION_20261009_v1\GIT_AFTER.json,52ce927a2a730a9031eeb922ddbb469c85009ed0a6d9487858b9075d23b3c043,PASS
frozen_B,C:\Users\admin\Documents\Codex\2026-10-09\6-45-jiae-jeong-lotto-data\outputs\B_MODEL_REPRODUCTION_20261009_v1\GIT_BEFORE.json,52ce927a2a730a9031eeb922ddbb469c85009ed0a6d9487858b9075d23b3c043,PASS
frozen_B,C:\Users\admin\Documents\Codex\2026-10-09\6-45-jiae-jeong-lotto-data\outputs\B_MODEL_REPRODUCTION_20261009_v1\INPUT_VALIDATION.json,5d63eb79c0198bdce84e59d0cf2895a9f48506cc2b9fc23e76630ca6f5df808f,PASS
frozen_B,C:\Users\admin\Documents\Codex\2026-10-09\6-45-jiae-jeong-lotto-data\outputs\B_MODEL_REPRODUCTION_20261009_v1\LEAKAGE_RUNTIME_SAMPLES.csv,d26132f309c58dd9b00214cea10232d82517e49cec76f7556087866b28594bff,PASS
frozen_B,C:\Users\admin\Documents\Codex\2026-10-09\6-45-jiae-jeong-lotto-data\outputs\B_MODEL_REPRODUCTION_20261009_v1\LEAKAGE_VALIDATION.json,3ba1f6003582dd1ea6bb62bd18cbe2da4c3ef7346ff5e6a8cac3ad8c639aae1a,PASS
frozen_B,C:\Users\admin\Documents\Codex\2026-10-09\6-45-jiae-jeong-lotto-data\outputs\B_MODEL_REPRODUCTION_20261009_v1\MISSING_OUTPUT_DIRECTORY_DIAGNOSTIC.log,fb6e78380dcfe76f3a5c6fc85b992fa020f66a54fb3b46fc51aae66d34c526e7,PASS
frozen_B,C:\Users\admin\Documents\Codex\2026-10-09\6-45-jiae-jeong-lotto-data\outputs\B_MODEL_REPRODUCTION_20261009_v1\MODEL_REPRODUCTION_SUMMARY.csv,7ca9d68ba4be4059e0a07c171302141de5cbb81a30931cec0bee0509690e3375,PASS
frozen_B,C:\Users\admin\Documents\Codex\2026-10-09\6-45-jiae-jeong-lotto-data\outputs\B_MODEL_REPRODUCTION_20261009_v1\OUTPUT_COMPARISON.csv,9566daac6a08ce2fa501c793eb477bd57564a3a34da8769c242d29f011070bf4,PASS
frozen_B,C:\Users\admin\Documents\Codex\2026-10-09\6-45-jiae-jeong-lotto-data\outputs\B_MODEL_REPRODUCTION_20261009_v1\PACKAGE_AND_INPUT_PROVENANCE.json,2924a3b8d30855ba29916169fc7198482b2c6203f11dfb8a86073de19c821e7f,PASS
frozen_B,C:\Users\admin\Documents\Codex\2026-10-09\6-45-jiae-jeong-lotto-data\outputs\B_MODEL_REPRODUCTION_20261009_v1\PREFIX_FEATURE_CHECKS.csv,4fa6fb9bb7cafc3f23aa5dc354b9bc366522bbf545c57ddc2105b05b8ef7d899,PASS
frozen_B,C:\Users\admin\Documents\Codex\2026-10-09\6-45-jiae-jeong-lotto-data\outputs\B_MODEL_REPRODUCTION_20261009_v1\PRESERVATION_VERIFICATION.json,b823450c3ac1f91f24435f94100dd69a3857f5b17e29929352dc2360a2769e22,PASS
frozen_B,C:\Users\admin\Documents\Codex\2026-10-09\6-45-jiae-jeong-lotto-data\outputs\B_MODEL_REPRODUCTION_20261009_v1\RECORD_COUNT_DERIVATION.csv,260269e5efda4fa0d381f93c149738e94c4a63771998860c5e57421910e9f6cb,PASS
frozen_B,C:\Users\admin\Documents\Codex\2026-10-09\6-45-jiae-jeong-lotto-data\outputs\B_MODEL_REPRODUCTION_20261009_v1\REPORT_COMPARISON.json,5c63b81dcf45463c2583c65f31e16e4e48f3a42895b215b29406075a7480da76,PASS
frozen_B,C:\Users\admin\Documents\Codex\2026-10-09\6-45-jiae-jeong-lotto-data\outputs\B_MODEL_REPRODUCTION_20261009_v1\RERUN_B_MODEL.ps1,237e36f2e4dac29c4f2c7b651bc08288edded0c18361a5b0ddbb3be02ebbe837,PASS
frozen_B,C:\Users\admin\Documents\Codex\2026-10-09\6-45-jiae-jeong-lotto-data\outputs\B_MODEL_REPRODUCTION_20261009_v1\RERUN_HELPER_SYNTAX_VERIFICATION.json,002a3c2a0a8a2fb1b91c729e1f06818bf38b430ea211848848c7913db2fc84a6,PASS
frozen_B,C:\Users\admin\Documents\Codex\2026-10-09\6-45-jiae-jeong-lotto-data\outputs\B_MODEL_REPRODUCTION_20261009_v1\SEARCH_PATHS.json,681b9de6adf9b958857ad496df1f6c7642a576c6c9d0325be396386c162c4f1d,PASS
frozen_B,C:\Users\admin\Documents\Codex\2026-10-09\6-45-jiae-jeong-lotto-data\outputs\B_MODEL_REPRODUCTION_20261009_v1\SOURCE_VERSION.json,b0cf2c3cb0c0347252432217604e51d64ee6f383301c2bdb507a6c247e7918d2,PASS
frozen_B,C:\Users\admin\Documents\Codex\2026-10-09\6-45-jiae-jeong-lotto-data\outputs\B_MODEL_REPRODUCTION_20261009_v1\STATUS_SUMMARY.json,df0cc07b35155dfeaa40b450c7c01261e1dbb9570134228a8c48c7b077faceb0,PASS
frozen_B,C:\Users\admin\Documents\Codex\2026-10-09\6-45-jiae-jeong-lotto-data\outputs\B_MODEL_REPRODUCTION_20261009_v1\VERIFY_AUDIT.py,19d9a7c8489b5cc6d889d1e2afbc0d712499549eaa92d3c07cd5b23a9bf9765f,PASS
frozen_B,C:\Users\admin\Documents\Codex\2026-10-09\6-45-jiae-jeong-lotto-data\outputs\B_RANDOM_BASELINE_20261009_v1\ACTUAL_EXECUTION_RESULT.json,4e6a6115da7fd19a430b523209f0c53297a6a1c0d320947c4ebeeba97c8f5f4e,PASS
frozen_B,C:\Users\admin\Documents\Codex\2026-10-09\6-45-jiae-jeong-lotto-data\outputs\B_RANDOM_BASELINE_20261009_v1\B_AUDIT_PUBLICATION_RECORD.json,3ec8c87f160ff20c9140509223e96bd04322ad7e7abece4dc9a0cfb7ce1c5fed,PASS
frozen_B,C:\Users\admin\Documents\Codex\2026-10-09\6-45-jiae-jeong-lotto-data\outputs\B_RANDOM_BASELINE_20261009_v1\B_RANDOM_BASELINE_VALIDATION_REPORT_20261009_v1.md,ea170d8acd30a6b3045ba85dfcb587bf8f4b11fbae30ac3a3706b053d1591ce5,PASS
frozen_B,C:\Users\admin\Documents\Codex\2026-10-09\6-45-jiae-jeong-lotto-data\outputs\B_RANDOM_BASELINE_20261009_v1\B_REPRODUCTION_REFERENCE_FROZEN.json,0519838584cdbeb786bccc5a5c53e36c26e6a668e205d1e2926a57c6745952f4,PASS
frozen_B,C:\Users\admin\Documents\Codex\2026-10-09\6-45-jiae-jeong-lotto-data\outputs\B_RANDOM_BASELINE_20261009_v1\B_VS_RANDOM_BLOCKS.csv,2019e310f383ab67fe88fb6e38540ebe7072b0de87a77afd4f2897e4585eea65,PASS
frozen_B,C:\Users\admin\Documents\Codex\2026-10-09\6-45-jiae-jeong-lotto-data\outputs\B_RANDOM_BASELINE_20261009_v1\B_VS_RANDOM_POOLED.csv,2fe0fe54b5bf085648f333a740e966b8bb06daa70914875b2cc4cac07a6c0741,PASS
frozen_B,C:\Users\admin\Documents\Codex\2026-10-09\6-45-jiae-jeong-lotto-data\outputs\B_RANDOM_BASELINE_20261009_v1\EXECUTION_STDERR.log,e3b0c44298fc1c149afbf4c8996fb92427ae41e4649b934ca495991b7852b855,PASS
frozen_B,C:\Users\admin\Documents\Codex\2026-10-09\6-45-jiae-jeong-lotto-data\outputs\B_RANDOM_BASELINE_20261009_v1\EXECUTION_STDOUT.log,1de931599f0b7854774dd4a7f8eb99b76151751bdeb7c732dcb380a8d47a5c5c,PASS
frozen_B,C:\Users\admin\Documents\Codex\2026-10-09\6-45-jiae-jeong-lotto-data\outputs\B_RANDOM_BASELINE_20261009_v1\EXPLORATORY_STATISTICAL_TESTS.json,5f94cd6f4b431881c2c815cf40c37cd173b250557073f7f57d8757aec4bcbde0,PASS
frozen_B,C:\Users\admin\Documents\Codex\2026-10-09\6-45-jiae-jeong-lotto-data\outputs\B_RANDOM_BASELINE_20261009_v1\FINAL_VERIFICATION.json,9ba7bfaf1f3a5c5e45979309f212379f079665042df1453f7694d82f52a92f75,PASS
frozen_B,C:\Users\admin\Documents\Codex\2026-10-09\6-45-jiae-jeong-lotto-data\outputs\B_RANDOM_BASELINE_20261009_v1\MC_BLOCK_AND_POOLED_SUMMARY.csv,18964533e31dcdb93d3b9418a51b91b8ac0f8bf5c5020a874430a9e15f5c4996,PASS
frozen_B,C:\Users\admin\Documents\Codex\2026-10-09\6-45-jiae-jeong-lotto-data\outputs\B_RANDOM_BASELINE_20261009_v1\MC_TARGET_AGGREGATES.csv,ccf6dd2d2fc23e848488018a6a97d6cf445d2afc82f4c8aa963b88ade8d028ee,PASS
frozen_B,C:\Users\admin\Documents\Codex\2026-10-09\6-45-jiae-jeong-lotto-data\outputs\B_RANDOM_BASELINE_20261009_v1\MONTE_CARLO_PROTOCOL.md,30d13609a1225d4fdaaf42fe7634edbc1e5402e13145b4cc7e8fcc8a75fae22e,PASS
frozen_B,C:\Users\admin\Documents\Codex\2026-10-09\6-45-jiae-jeong-lotto-data\outputs\B_RANDOM_BASELINE_20261009_v1\RANDOM_TICKET_STREAM_HASHES.csv,52ef312df859b7d3d73d2a65973c4c6d5d46f68c778a558f74f1f7f577c9040c,PASS
frozen_B,C:\Users\admin\Documents\Codex\2026-10-09\6-45-jiae-jeong-lotto-data\outputs\B_RANDOM_BASELINE_20261009_v1\REPORT_DRAFT_CORRECTION.log,b20a47e684f79ce7fca1d365ac9041022a80f25f09b7518ffbebeeb5fa678dee,PASS
frozen_B,C:\Users\admin\Documents\Codex\2026-10-09\6-45-jiae-jeong-lotto-data\outputs\B_RANDOM_BASELINE_20261009_v1\run_b_random_baseline.py,bc7775f4539887392dc43f7641c26640135cdc7eeaad2f3cad855d338dc9ca22,PASS
frozen_B,C:\Users\admin\Documents\Codex\2026-10-09\6-45-jiae-jeong-lotto-data\outputs\B_RANDOM_BASELINE_20261009_v1\RUN_CONFIG.json,c2d88d9b1049cd2e199df809f6ce7aae31ba11aae292581eeeb4bdb613bcb821,PASS
frozen_B,C:\Users\admin\Documents\Codex\2026-10-09\6-45-jiae-jeong-lotto-data\outputs\B_RANDOM_BASELINE_20261009_v1\RUN_METADATA.json,46522018025abae95d94bee6690991bb9d177aa3b8cff6f6c9f97b9a7cdd97ee,PASS
frozen_B,C:\Users\admin\Documents\Codex\2026-10-09\6-45-jiae-jeong-lotto-data\outputs\B_RANDOM_BASELINE_20261009_v1\RUN_PLAN_SEAL.json,fc47a806328574bcc3bd54ba5d619339289ff6737f0ca1da843cf3c1a363df20,PASS
frozen_B,C:\Users\admin\Documents\Codex\2026-10-09\6-45-jiae-jeong-lotto-data\outputs\B_RANDOM_BASELINE_20261009_v1\STATUS_CLASSIFICATION.json,5262c6c9fd40d0b59c8624ccf81b3f21e927dd56f24d931340b46c0b4ce03227,PASS
frozen_B,C:\Users\admin\Documents\Codex\2026-10-09\6-45-jiae-jeong-lotto-data\outputs\B_RANDOM_BASELINE_20261009_v1\THEORETICAL_BASELINE.json,3612f05c50f0e45e3b5917cd1dc940426f1d6f61dcce6b597938a4ab52ed9b40,PASS
frozen_B,C:\Users\admin\Documents\Codex\2026-10-09\6-45-jiae-jeong-lotto-data\outputs\B_RANDOM_BASELINE_20261009_v1\UNRESOLVED_HISTORICAL_RESULT.json,fb99c5ab018ef547687c13582330322af7c6817e0f23136dfa173d782e2c5677,PASS
frozen_B,C:\Users\admin\Documents\Codex\2026-10-09\6-45-jiae-jeong-lotto-data\outputs\B_RANDOM_BASELINE_20261009_v1\VERIFICATION_ATTEMPT_1.log,6bbb71d0d649158f6fedeae78e94759adcd2b7a68ef557141006380686ee6541,PASS
frozen_B,C:\Users\admin\Documents\Codex\2026-10-09\6-45-jiae-jeong-lotto-data\outputs\B_RANDOM_BASELINE_20261009_v1\verify_b_random_baseline.py,bae3030e477bc58c6abae4e4bae7f2833974dacb29bae7a4f7fca11c1f96b3c2,PASS
