order,anchor,training_through_round,rank,numbers,training_count,selection
2,400,400,1,11-21,14,count descending then lexicographic ascending
2,400,400,2,5-20,13,count descending then lexicographic ascending
2,400,400,3,14-45,13,count descending then lexicographic ascending
2,400,400,4,34-45,13,count descending then lexicographic ascending
2,400,400,5,1-3,12,count descending then lexicographic ascending
2,400,400,6,1-5,12,count descending then lexicographic ascending
2,400,400,7,1-8,12,count descending then lexicographic ascending
2,400,400,8,3-20,12,count descending then lexicographic ascending
2,400,400,9,4-16,12,count descending then lexicographic ascending
2,400,400,10,5-34,12,count descending then lexicographic ascending
2,600,600,1,20-35,20,count descending then lexicographic ascending
2,600,600,2,3-20,19,count descending then lexicographic ascending
2,600,600,3,5-20,18,count descending then lexicographic ascending
2,600,600,4,27-40,18,count descending then lexicographic ascending
2,600,600,5,31-34,18,count descending then lexicographic ascending
2,600,600,6,33-40,18,count descending then lexicographic ascending
2,600,600,7,8-27,17,count descending then lexicographic ascending
2,600,600,8,17-20,17,count descending then lexicographic ascending
2,600,600,9,17-31,17,count descending then lexicographic ascending
2,600,600,10,31-40,17,count descending then lexicographic ascending
2,800,800,1,31-34,24,count descending then lexicographic ascending
2,800,800,2,33-40,24,count descending then lexicographic ascending
2,800,800,3,3-20,22,count descending then lexicographic ascending
2,800,800,4,10-31,22,count descending then lexicographic ascending
2,800,800,5,11-21,22,count descending then lexicographic ascending
2,800,800,6,4-20,21,count descending then lexicographic ascending
2,800,800,7,5-27,21,count descending then lexicographic ascending
2,800,800,8,8-39,21,count descending then lexicographic ascending
2,800,800,9,12-24,21,count descending then lexicographic ascending
2,800,800,10,15-34,21,count descending then lexicographic ascending
2,1000,1000,1,11-21,27,count descending then lexicographic ascending
2,1000,1000,2,12-24,26,count descending then lexicographic ascending
2,1000,1000,3,31-34,26,count descending then lexicographic ascending
2,1000,1000,4,33-40,26,count descending then lexicographic ascending
2,1000,1000,5,1-3,25,count descending then lexicographic ascending
2,1000,1000,6,3-20,25,count descending then lexicographic ascending
2,1000,1000,7,8-27,25,count descending then lexicographic ascending
2,1000,1000,8,10-31,25,count descending then lexicographic ascending
2,1000,1000,9,18-31,25,count descending then lexicographic ascending
2,1000,1000,10,1-28,24,count descending then lexicographic ascending
2,1100,1100,1,11-21,31,count descending then lexicographic ascending
2,1100,1100,2,33-40,30,count descending then lexicographic ascending
2,1100,1100,3,3-20,28,count descending then lexicographic ascending
2,1100,1100,4,12-24,28,count descending then lexicographic ascending
2,1100,1100,5,6-38,27,count descending then lexicographic ascending
2,1100,1100,6,8-27,27,count descending then lexicographic ascending
2,1100,1100,7,14-15,27,count descending then lexicographic ascending
2,1100,1100,8,15-34,27,count descending then lexicographic ascending
2,1100,1100,9,18-31,27,count descending then lexicographic ascending
2,1100,1100,10,34-42,27,count descending then lexicographic ascending
3,400,400,1,3-8-27,5,count descending then lexicographic ascending
3,400,400,2,4-33-40,5,count descending then lexicographic ascending
3,400,400,3,7-18-23,5,count descending then lexicographic ascending
3,400,400,4,10-11-39,5,count descending then lexicographic ascending
3,400,400,5,11-14-21,5,count descending then lexicographic ascending
3,400,400,6,34-42-45,5,count descending then lexicographic ascending
3,400,400,7,1-5-34,4,count descending then lexicographic ascending
3,400,400,8,1-8-29,4,count descending then lexicographic ascending
3,400,400,9,1-9-17,4,count descending then lexicographic ascending
3,400,400,10,2-3-20,4,count descending then lexicographic ascending
3,600,600,1,3-20-24,6,count descending then lexicographic ascending
3,600,600,2,7-18-23,6,count descending then lexicographic ascending
3,600,600,3,20-26-35,6,count descending then lexicographic ascending
3,600,600,4,1-5-34,5,count descending then lexicographic ascending
3,600,600,5,2-15-34,5,count descending then lexicographic ascending
3,600,600,6,3-8-27,5,count descending then lexicographic ascending
3,600,600,7,3-20-44,5,count descending then lexicographic ascending
3,600,600,8,4-28-40,5,count descending then lexicographic ascending
3,600,600,9,4-33-40,5,count descending then lexicographic ascending
3,600,600,10,5-18-42,5,count descending then lexicographic ascending
3,800,800,1,3-8-27,6,count descending then lexicographic ascending
3,800,800,2,3-20-24,6,count descending then lexicographic ascending
3,800,800,3,3-20-44,6,count descending then lexicographic ascending
3,800,800,4,4-33-40,6,count descending then lexicographic ascending
3,800,800,5,6-18-31,6,count descending then lexicographic ascending
3,800,800,6,7-18-23,6,count descending then lexicographic ascending
3,800,800,7,7-42-45,6,count descending then lexicographic ascending
3,800,800,8,10-11-39,6,count descending then lexicographic ascending
3,800,800,9,11-14-21,6,count descending then lexicographic ascending
3,800,800,10,11-26-44,6,count descending then lexicographic ascending
3,1000,1000,1,3-8-27,8,count descending then lexicographic ascending
3,1000,1000,2,1-3-27,7,count descending then lexicographic ascending
3,1000,1000,3,3-12-13,7,count descending then lexicographic ascending
3,1000,1000,4,3-20-24,7,count descending then lexicographic ascending
3,1000,1000,5,3-20-44,7,count descending then lexicographic ascending
3,1000,1000,6,6-37-38,7,count descending then lexicographic ascending
3,1000,1000,7,14-30-38,7,count descending then lexicographic ascending
3,1000,1000,8,18-31-34,7,count descending then lexicographic ascending
3,1000,1000,9,23-35-43,7,count descending then lexicographic ascending
3,1000,1000,10,1-9-28,6,count descending then lexicographic ascending
3,1100,1100,1,3-8-27,8,count descending then lexicographic ascending
3,1100,1100,2,3-20-44,8,count descending then lexicographic ascending
3,1100,1100,3,1-3-27,7,count descending then lexicographic ascending
3,1100,1100,4,3-12-13,7,count descending then lexicographic ascending
3,1100,1100,5,3-20-24,7,count descending then lexicographic ascending
3,1100,1100,6,6-18-38,7,count descending then lexicographic ascending
3,1100,1100,7,6-37-38,7,count descending then lexicographic ascending
3,1100,1100,8,12-15-24,7,count descending then lexicographic ascending
3,1100,1100,9,14-30-38,7,count descending then lexicographic ascending
3,1100,1100,10,15-28-34,7,count descending then lexicographic ascending
